{"type":"FeatureCollection","features":[{"type":"Feature","geometry":{"coordinates":[[-1.583123434893785,47.235185973808406],[-1.57863384902866,47.23310863996007]],"type":"LineString"},"properties":{"id":"772","nom":"Vannes I9","long":410,"vref":19}},{"type":"Feature","geometry":{"coordinates":[[-1.578096872742445,47.22833894723479],[-1.575439176902289,47.22880581098269]],"type":"LineString"},"properties":{"id":"5043","nom":"Anglais I5","long":207,"vref":19}},{"type":"Feature","geometry":{"coordinates":[[-1.568589501648445,47.23188191655151],[-1.572304295026687,47.229791318791676]],"type":"LineString"},"properties":{"id":"158","nom":"Le Lasseur P2","long":364,"vref":21}},{"type":"Feature","geometry":{"coordinates":[[-1.568160939861017,47.23568134656465],[-1.566080140559599,47.23328459825938]],"type":"LineString"},"properties":{"id":"9","nom":"Schuman I5","long":309,"vref":21}},{"type":"Feature","geometry":{"coordinates":[[-1.556382638204558,47.23082437996238],[-1.556399212450799,47.23286278875317]],"type":"LineString"},"properties":{"id":"5094","nom":"Michelet P1","long":226,"vref":19}},{"type":"Feature","geometry":{"coordinates":[[-1.552016684048891,47.222822066240326],[-1.550043802379577,47.22408247845175]],"type":"LineString"},"properties":{"id":"5074","nom":"Pitre Chevallier I1","long":204,"vref":13}},{"type":"Feature","geometry":{"coordinates":[[-1.561565747310291,47.21002826211796],[-1.562539243278917,47.210274964166764],[-1.563191790976124,47.21029415682457],[-1.566800486579925,47.20923708671454]],"type":"LineString"},"properties":{"id":"5029","nom":"Fosse P1","long":425,"vref":30}},{"type":"Feature","geometry":{"coordinates":[[-1.569984334368119,47.227209787069775],[-1.570329785115057,47.22627764416057]],"type":"LineString"},"properties":{"id":"5079","nom":"Painleve P2","long":106,"vref":30}},{"type":"Feature","geometry":{"coordinates":[[-1.564411039393482,47.215614524208505],[-1.563747324370986,47.21527686435521]],"type":"LineString"},"properties":{"id":"5761","nom":"Guist'hau P1","long":62,"vref":14}},{"type":"Feature","geometry":{"coordinates":[[-1.560622290898793,47.21896731834946],[-1.559173781279256,47.21796068524534]],"type":"LineString"},"properties":{"id":"5759","nom":"Herriot P","long":156,"vref":30}},{"type":"Feature","geometry":{"coordinates":[[-1.560747344925159,47.219041511931536],[-1.559214486619157,47.220121082194865]],"type":"LineString"},"properties":{"id":"365","nom":"Jaures P1","long":166,"vref":30}},{"type":"Feature","geometry":{"coordinates":[[-1.554980668513321,47.22010410754675],[-1.555371193852465,47.21996429777192],[-1.555595983230452,47.219867980952564],[-1.5561130050193,47.219565381149934],[-1.556469137883903,47.21933223504033],[-1.556763523742781,47.21913578537732],[-1.556959402789568,47.21896395309513],[-1.557127396201917,47.21875985260477],[-1.557251445314,47.21852141086312],[-1.557307324817379,47.218259501149774],[-1.557253449624902,47.217514955654686]],"type":"LineString"},"properties":{"id":"416","nom":"50 Otages P1","long":364,"vref":20}},{"type":"Feature","geometry":{"coordinates":[[-1.554852786627353,47.21991656745278],[-1.554969673064496,47.21987856908232],[-1.555441251671457,47.21967794028365],[-1.555972289126642,47.219337030625084],[-1.556541252961149,47.218976263444496],[-1.556771685865357,47.21879202929267],[-1.556920083692038,47.21860437483872],[-1.557016313853793,47.21836585717245],[-1.557040212016354,47.218194791014454],[-1.557002579380494,47.217844194266405]],"type":"LineString"},"properties":{"id":"5416","nom":"50 Otages I4","long":302,"vref":18}},{"type":"Feature","geometry":{"coordinates":[[-1.562236932118058,47.212755506371835],[-1.562242362446804,47.21262221058045],[-1.561604893201384,47.212166017932134],[-1.561344851594398,47.212005586699036],[-1.561052766724174,47.21188338628201],[-1.559846752114276,47.21166723475124],[-1.559221819398024,47.211403566584444]],"type":"LineString"},"properties":{"id":"429","nom":"De Lattre","long":287,"vref":16}},{"type":"Feature","geometry":{"coordinates":[[-1.558867005474692,47.20937967222585],[-1.560968766914604,47.209628482202405],[-1.561568436531043,47.20979496696486]],"type":"LineString"},"properties":{"id":"21","nom":"Michel P","long":210,"vref":30}},{"type":"Feature","geometry":{"coordinates":[[-1.562311428390778,47.21793403374888],[-1.561915160835482,47.217775115980245],[-1.559691231926705,47.217392172192255],[-1.559576522689494,47.21760552051656],[-1.559440771092772,47.21775869952634]],"type":"LineString"},"properties":{"id":"5415","nom":"Mercoeur","long":253,"vref":19}},{"type":"Feature","geometry":{"coordinates":[[-1.549896106534536,47.214565395811114],[-1.548727149483491,47.21496390254698],[-1.547810509950369,47.215396198913176]],"type":"LineString"},"properties":{"id":"355","nom":"Kennedy P","long":183,"vref":19}},{"type":"Feature","geometry":{"coordinates":[[-1.529636576065514,47.21328839820182],[-1.529163638951189,47.21110228519752]],"type":"LineString"},"properties":{"id":"531","nom":"Pont Tabarly","long":245,"vref":21}},{"type":"Feature","geometry":{"coordinates":[[-1.550113057997609,47.208775485629644],[-1.552219889416807,47.210657733417776]],"type":"LineString"},"properties":{"id":"327","nom":"Monnet P2","long":263,"vref":15}},{"type":"Feature","geometry":{"coordinates":[[-1.545718027409612,47.20311010487159],[-1.547087148919426,47.20522263339784]],"type":"LineString"},"properties":{"id":"203","nom":"Martyrs I2","long":256,"vref":20}},{"type":"Feature","geometry":{"coordinates":[[-1.55341485586324,47.22621925831124],[-1.553537760637236,47.22680533808117],[-1.553507190497972,47.22698901012215],[-1.553442445253328,47.22709850923779],[-1.553236394614022,47.227243732841075],[-1.552711141767074,47.22760300425426],[-1.552214205713012,47.227539284814355],[-1.552010349035716,47.22767308150574]],"type":"LineString"},"properties":{"id":"53","nom":"Barbusse I1","long":238,"vref":14}},{"type":"Feature","geometry":{"coordinates":[[-1.533905694346636,47.23581493211106],[-1.535455394906283,47.23397159922721]],"type":"LineString"},"properties":{"id":"5110","nom":"Verne P1","long":236,"vref":19}},{"type":"Feature","geometry":{"coordinates":[[-1.529265815381805,47.21333385585301],[-1.528809822147086,47.21100477746256]],"type":"LineString"},"properties":{"id":"5531","nom":"Pont Tabarly","long":261,"vref":22}},{"type":"Feature","geometry":{"coordinates":[[-1.526655252613779,47.20698159936325],[-1.523655964112189,47.20505452746883]],"type":"LineString"},"properties":{"id":"543","nom":"Pont Léopold P1","long":312,"vref":30}},{"type":"Feature","geometry":{"coordinates":[[-1.552612274054596,47.25536753157466],[-1.552377251927175,47.25505351759388],[-1.552303040291531,47.254700029494224],[-1.552305077302992,47.25426967654425],[-1.552366064172415,47.25396219038285],[-1.552474558169708,47.25359944552638],[-1.552960977065944,47.25236957672216]],"type":"LineString"},"properties":{"id":"5091","nom":"Luther King P1","long":343,"vref":21}},{"type":"Feature","geometry":{"coordinates":[[-1.553031334353365,47.255169728562585],[-1.55286132424881,47.2549577404122],[-1.55278710954843,47.25460425261308],[-1.552789142663437,47.25417389964167],[-1.552850126642342,47.253866413215306],[-1.552996711811266,47.25350651051473],[-1.553392189468833,47.25260990122278],[-1.553438899274573,47.25250204426408]],"type":"LineString"},"properties":{"id":"91","nom":"Luther King I2","long":306,"vref":23}},{"type":"Feature","geometry":{"coordinates":[[-1.55688634194343,47.240823688839356],[-1.560151868906626,47.23976817978476]],"type":"LineString"},"properties":{"id":"5095","nom":"Lauriol P4","long":273,"vref":19}},{"type":"Feature","geometry":{"coordinates":[[-1.517904597489518,47.254084171260246],[-1.51784655151782,47.25390966753061],[-1.517674447166801,47.25339331106574],[-1.517645165156586,47.25330245638769],[-1.517590812390092,47.253137115628114],[-1.517555436870466,47.25302479604355],[-1.517534131880836,47.252960502455096],[-1.517472471072216,47.25277786468465],[-1.517346451699221,47.25239616985279],[-1.517253823454544,47.25214130657538]],"type":"LineString"},"properties":{"id":"388","nom":"Auvigne P2","long":221,"vref":20}},{"type":"Feature","geometry":{"coordinates":[[-1.584200891091549,47.19863282921906],[-1.582466200297024,47.199030314587105],[-1.58180492412975,47.19917973084805],[-1.580906741673068,47.19946412205274],[-1.579320045780713,47.20004329813313]],"type":"LineString"},"properties":{"id":"758","nom":"Cardiff I2","long":402,"vref":22}},{"type":"Feature","geometry":{"coordinates":[[-1.549674279507799,47.20894712916623],[-1.548476746889753,47.20924238313538]],"type":"LineString"},"properties":{"id":"323","nom":"Magellan P5","long":96,"vref":30}},{"type":"Feature","geometry":{"coordinates":[[-1.517400055212657,47.26114948501109],[-1.519790146411851,47.25875210115523]],"type":"LineString"},"properties":{"id":"101","nom":"Carquefou I3","long":322,"vref":21}},{"type":"Feature","geometry":{"coordinates":[[-1.545718027409612,47.20311010487159],[-1.543847061435364,47.20029731769427]],"type":"LineString"},"properties":{"id":"135","nom":"Martyrs I1","long":343,"vref":30}},{"type":"Feature","geometry":{"coordinates":[[-1.546201774950216,47.203037050740576],[-1.544331577675082,47.200360451348935]],"type":"LineString"},"properties":{"id":"5135","nom":"Martyrs P4","long":329,"vref":30}},{"type":"Feature","geometry":{"coordinates":[[-1.554904725613209,47.20895015087136],[-1.558867005474692,47.20937967222585]],"type":"LineString"},"properties":{"id":"27","nom":"Morice I1","long":303,"vref":15}},{"type":"Feature","geometry":{"coordinates":[[-1.563137353473283,47.23427159280397],[-1.559510521154867,47.233398468888254],[-1.558682796971434,47.23320355656118],[-1.558230239016498,47.23312597922038],[-1.557815363596867,47.23308736998734],[-1.557274832516934,47.23304990804353],[-1.556825849551932,47.23306300880849]],"type":"LineString"},"properties":{"id":"40","nom":"Orrion P","long":499,"vref":20}},{"type":"Feature","geometry":{"coordinates":[[-1.580143113324523,47.263439954992826],[-1.581605550194535,47.26304254562764],[-1.582059108252947,47.262881643583235],[-1.583378870528339,47.262358009700186]],"type":"LineString"},"properties":{"id":"49","nom":"Cassin","long":273,"vref":16}},{"type":"Feature","geometry":{"coordinates":[[-1.580078292465751,47.263175933073114],[-1.581448560618699,47.2628033244246],[-1.581893422198418,47.262647877735496],[-1.583190120246644,47.26214050748939]],"type":"LineString"},"properties":{"id":"5049","nom":"Cassin","long":262,"vref":21}},{"type":"Feature","geometry":{"coordinates":[[-1.574255893187621,47.26176480712889],[-1.57092799401199,47.26171249669628],[-1.56844835249822,47.25968114987201],[-1.567111657784261,47.259102120524865]],"type":"LineString"},"properties":{"id":"5194","nom":"Renards P4","long":665,"vref":30}},{"type":"Feature","geometry":{"coordinates":[[-1.538665163387637,47.23411242467618],[-1.541157766957125,47.23445373384613]],"type":"LineString"},"properties":{"id":"5242","nom":"Belges I2","long":192,"vref":21}},{"type":"Feature","geometry":{"coordinates":[[-1.526575692704638,47.22844678348803],[-1.528374123250537,47.22715240552038],[-1.528852060213094,47.22661839048054]],"type":"LineString"},"properties":{"id":"117","nom":"Dalby P1","long":267,"vref":25}},{"type":"Feature","geometry":{"coordinates":[[-1.558654360300886,47.22509609098183],[-1.557359150812925,47.22359617733571]],"type":"LineString"},"properties":{"id":"5006","nom":"Bellamy P3","long":193,"vref":20}},{"type":"Feature","geometry":{"coordinates":[[-1.530803582593166,47.23188450438339],[-1.532268663940101,47.232934265686545],[-1.532578919716579,47.23313950990151],[-1.533095462453818,47.23341109053686],[-1.533363495291996,47.233535201998286],[-1.533723737807249,47.23363558020219],[-1.535455394906283,47.23397159922721]],"type":"LineString"},"properties":{"id":"372","nom":"Poilus P2","long":433,"vref":21}},{"type":"Feature","geometry":{"coordinates":[[-1.531099342426412,47.23172186802509],[-1.527570514127472,47.22915430684955],[-1.526575692704638,47.22844678348803]],"type":"LineString"},"properties":{"id":"5036","nom":"Poilus I2","long":499,"vref":30}},{"type":"Feature","geometry":{"coordinates":[[-1.563167252236625,47.23632297077808],[-1.563137353473283,47.23427159280397]],"type":"LineString"},"properties":{"id":"5497","nom":"Lauriol P1","long":228,"vref":21}},{"type":"Feature","geometry":{"coordinates":[[-1.581690693245092,47.22785155382217],[-1.580975182121963,47.22805129397108],[-1.575546690231737,47.2290952161151]],"type":"LineString"},"properties":{"id":"43","nom":"Anglais P2","long":485,"vref":20}},{"type":"Feature","geometry":{"coordinates":[[-1.569984334368119,47.227209787069775],[-1.568469029769336,47.225978510689515]],"type":"LineString"},"properties":{"id":"775","nom":"Hauts Paves I2","long":178,"vref":30}},{"type":"Feature","geometry":{"coordinates":[[-1.561565747310291,47.21002826211796],[-1.559839689101819,47.21078006076101],[-1.559221819398024,47.211403566584444]],"type":"LineString"},"properties":{"id":"5232","nom":"Nations Unies P","long":238,"vref":30}},{"type":"Feature","geometry":{"coordinates":[[-1.536021035894553,47.2339794278001],[-1.538579382501323,47.23437120802758]],"type":"LineString"},"properties":{"id":"37","nom":"Belges P1","long":198,"vref":20}},{"type":"Feature","geometry":{"coordinates":[[-1.587692078106008,47.22881755533378],[-1.587031457795282,47.228361247802304],[-1.586630290779577,47.22799310391006],[-1.586371240295855,47.22766242953116],[-1.585886387375139,47.22706186108708],[-1.585200399266674,47.22685818779725],[-1.584494244983244,47.226647973397284],[-1.583869975461557,47.226604199125624],[-1.583259386265479,47.2265197127339]],"type":"LineString"},"properties":{"id":"5223","nom":"Coubertin P1","long":449,"vref":34}},{"type":"Feature","geometry":{"coordinates":[[-1.533492640791406,47.23699478945892],[-1.534375566944299,47.23594361555067]],"type":"LineString"},"properties":{"id":"785","nom":"Verne I6","long":134,"vref":13}},{"type":"Feature","geometry":{"coordinates":[[-1.534863531397533,47.2194330442979],[-1.538572932377464,47.21872641272637]],"type":"LineString"},"properties":{"id":"54","nom":"Stalingrad P2","long":291,"vref":17}},{"type":"Feature","geometry":{"coordinates":[[-1.554304540929886,47.20500699428183],[-1.551910797331007,47.2038000278121]],"type":"LineString"},"properties":{"id":"5148","nom":"Hugo P1","long":225,"vref":15}},{"type":"Feature","geometry":{"coordinates":[[-1.554092120819847,47.20520919146504],[-1.551720700866025,47.2040386145536]],"type":"LineString"},"properties":{"id":"148","nom":"Hugo I4","long":221,"vref":21}},{"type":"Feature","geometry":{"coordinates":[[-1.56174170782144,47.20363085726401],[-1.558343957302895,47.203962463477374]],"type":"LineString"},"properties":{"id":"312","nom":"Estuaire I3","long":260,"vref":19}},{"type":"Feature","geometry":{"coordinates":[[-1.596144820265435,47.20984079769409],[-1.594048127963925,47.209931944468714],[-1.593065983090813,47.21004386700804],[-1.592700963035219,47.210084175928394]],"type":"LineString"},"properties":{"id":"5214","nom":"Jouhaux P3","long":262,"vref":19}},{"type":"Feature","geometry":{"coordinates":[[-1.592678059307127,47.209772292073076],[-1.591951493355409,47.20979706552387],[-1.591328925420863,47.20977391778814],[-1.590418599750991,47.20966770327772],[-1.589643620825544,47.209507339058455]],"type":"LineString"},"properties":{"id":"63","nom":"Jouhaux I2","long":233,"vref":22}},{"type":"Feature","geometry":{"coordinates":[[-1.554092120819847,47.20520919146504],[-1.550632069972521,47.205539573414114]],"type":"LineString"},"properties":{"id":"5307","nom":"Babin Chevaye I1","long":264,"vref":13}},{"type":"Feature","geometry":{"coordinates":[[-1.550282877733755,47.21451107661406],[-1.55044181659015,47.21428076848512],[-1.550640510764888,47.21411825425629],[-1.552607404891681,47.21332235879267]],"type":"LineString"},"properties":{"id":"5","nom":"D'Orves P","long":225,"vref":18}},{"type":"Feature","geometry":{"coordinates":[[-1.556735013591632,47.211795111723866],[-1.554826189096109,47.21232599367171]],"type":"LineString"},"properties":{"id":"359","nom":"Philippot P3","long":156,"vref":16}},{"type":"Feature","geometry":{"coordinates":[[-1.552468911257679,47.21316709292606],[-1.553367169744441,47.21277458825897]],"type":"LineString"},"properties":{"id":"5357","nom":"Philippot I3","long":80,"vref":14}},{"type":"Feature","geometry":{"coordinates":[[-1.609817516721794,47.211029548734764],[-1.610328076679177,47.21041665069358],[-1.611095514949465,47.2094884724426],[-1.611269366713191,47.209279229937316],[-1.611620610249697,47.20884720783254],[-1.611927386762172,47.208469335641276],[-1.612020764847566,47.20835984895122],[-1.613078818503067,47.20722563213602]],"type":"LineString"},"properties":{"id":"5022","nom":"Churchill","long":489,"vref":30}},{"type":"Feature","geometry":{"coordinates":[[-1.609357473316681,47.21082860269366],[-1.609875521223011,47.21023505657308],[-1.610655512531529,47.20933328108247],[-1.610829821134568,47.20913021507855],[-1.611188096439611,47.20871136829063],[-1.611498807559862,47.20834574541722],[-1.611592338207366,47.20823831768564],[-1.61183880358501,47.20794609686966]],"type":"LineString"},"properties":{"id":"22","nom":"Churchill I2","long":371,"vref":14}},{"type":"Feature","geometry":{"coordinates":[[-1.572220975390114,47.26784853438857],[-1.573602730914496,47.26450179572562]],"type":"LineString"},"properties":{"id":"5153","nom":"La Chapelle I4","long":386,"vref":30}},{"type":"Feature","geometry":{"coordinates":[[-1.585690113979282,47.21391195059911],[-1.585989534496022,47.21258403315251],[-1.586189363012078,47.21175687647381],[-1.586369537379413,47.21111612884259]],"type":"LineString"},"properties":{"id":"218","nom":"Egalite P2","long":315,"vref":22}},{"type":"Feature","geometry":{"coordinates":[[-1.586677654178889,47.216330108726105],[-1.585849591570542,47.21462059130829],[-1.585743251950161,47.21445085304217],[-1.585459194867721,47.21412928394026]],"type":"LineString"},"properties":{"id":"46","nom":"Fraternite P1","long":262,"vref":21}},{"type":"Feature","geometry":{"coordinates":[[-1.587011483376402,47.21889950328949],[-1.587355210850394,47.21832026061509],[-1.58741006189444,47.21805629266381],[-1.587398283951766,47.21789571864736],[-1.587327890798996,47.21767935446518],[-1.587314597571941,47.21764265898722],[-1.587250775737109,47.21745393208865],[-1.587044576615435,47.21703787708071],[-1.586968744164345,47.21689186650935],[-1.586677654178889,47.216330108726105]],"type":"LineString"},"properties":{"id":"222","nom":"Fraternite P2","long":299,"vref":20}},{"type":"Feature","geometry":{"coordinates":[[-1.582628126231332,47.222638585202304],[-1.5820502009663,47.2226891921919],[-1.581697707405125,47.222694984795396],[-1.580738366590376,47.22266671332116]],"type":"LineString"},"properties":{"id":"5068","nom":"Dervallieres P4","long":143,"vref":12}},{"type":"Feature","geometry":{"coordinates":[[-1.59777723630389,47.21309437562766],[-1.596648360995618,47.21098449797414],[-1.596397286553211,47.210267642424746],[-1.596347987862558,47.20984418242481]],"type":"LineString"},"properties":{"id":"448","nom":"Corps de Garde","long":378,"vref":30}},{"type":"Feature","geometry":{"coordinates":[[-1.597454341940751,47.21311055891816],[-1.595049691305179,47.213525929418715],[-1.594272176996542,47.21366183510042],[-1.593906148417884,47.21366812878543],[-1.592581087910317,47.21368958262473],[-1.592483802086191,47.21368464451412],[-1.591324379480664,47.21361066136932]],"type":"LineString"},"properties":{"id":"446","nom":"Renardieres P1","long":472,"vref":30}},{"type":"Feature","geometry":{"coordinates":[[-1.560398412456659,47.22645596166706],[-1.559166161406436,47.22503132785365]],"type":"LineString"},"properties":{"id":"82","nom":"Bellamy I4","long":183,"vref":17}},{"type":"Feature","geometry":{"coordinates":[[-1.562681938324372,47.229292742859116],[-1.560403770473484,47.226467131100826]],"type":"LineString"},"properties":{"id":"7","nom":"Bellamy I3","long":358,"vref":18}},{"type":"Feature","geometry":{"coordinates":[[-1.545829187415516,47.214805666729134],[-1.545066670031562,47.21389751532447]],"type":"LineString"},"properties":{"id":"131","nom":"Carnot I1","long":116,"vref":30}},{"type":"Feature","geometry":{"coordinates":[[-1.518707683748163,47.18964747773936],[-1.519234101658468,47.18886525234475],[-1.519881303344237,47.18807897996852],[-1.520313342563592,47.18768891818587]],"type":"LineString"},"properties":{"id":"6081","nom":"Bourdonnieres I3","long":250,"vref":30}},{"type":"Feature","geometry":{"coordinates":[[-1.517706427104703,47.18953239803709],[-1.511372378805679,47.18909926045516]],"type":"LineString"},"properties":{"id":"6126","nom":"Clisson P4","long":482,"vref":17}},{"type":"Feature","geometry":{"coordinates":[[-1.511785863458118,47.18567104989718],[-1.509800318602062,47.184305164596765],[-1.50822918107489,47.18312352990475],[-1.507384711446111,47.18236544768158]],"type":"LineString"},"properties":{"id":"1120","nom":"Grand Maison I2","long":496,"vref":17}},{"type":"Feature","geometry":{"coordinates":[[-1.536360680192051,47.19578304519015],[-1.538273513961007,47.19640078465298]],"type":"LineString"},"properties":{"id":"236","nom":"St Jacques I1","long":160,"vref":21}},{"type":"Feature","geometry":{"coordinates":[[-1.536360680192051,47.19578304519015],[-1.533424199218075,47.19478382755873]],"type":"LineString"},"properties":{"id":"1078","nom":"Joliot Curie I2","long":248,"vref":19}},{"type":"Feature","geometry":{"coordinates":[[-1.524013040207456,47.191619147706724],[-1.519705387588118,47.1901754101815],[-1.518740179901695,47.18990951320488]],"type":"LineString"},"properties":{"id":"1124","nom":"Clisson I6","long":442,"vref":30}},{"type":"Feature","geometry":{"coordinates":[[-1.550891463098099,47.18876803085691],[-1.549910368929027,47.188473002131516],[-1.548915739402635,47.1882207288772],[-1.548164901428889,47.188157313374354],[-1.547252739414897,47.18808179095221]],"type":"LineString"},"properties":{"id":"1011","nom":"Michel P1","long":288,"vref":22}},{"type":"Feature","geometry":{"coordinates":[[-1.550190700345886,47.190415851886705],[-1.550891463098099,47.18876803085691]],"type":"LineString"},"properties":{"id":"1167","nom":"Liberation I1","long":190,"vref":30}},{"type":"Feature","geometry":{"coordinates":[[-1.54837782933572,47.207045773777665],[-1.547684353963247,47.20610745144679]],"type":"LineString"},"properties":{"id":"331","nom":"Martyrs I4","long":116,"vref":30}},{"type":"Feature","geometry":{"coordinates":[[-1.551359620652925,47.203861966945226],[-1.547524859179127,47.205036588603654]],"type":"LineString"},"properties":{"id":"184","nom":"Roch I2","long":318,"vref":19}},{"type":"Feature","geometry":{"coordinates":[[-1.585555199199508,47.22248329327952],[-1.588394063405548,47.22397473170336]],"type":"LineString"},"properties":{"id":"427","nom":"Corot","long":271,"vref":30}},{"type":"Feature","geometry":{"coordinates":[[-1.541689849917388,47.20930487917434],[-1.539737228098104,47.20691165170564]],"type":"LineString"},"properties":{"id":"5797","nom":"Briand P2","long":304,"vref":17}},{"type":"Feature","geometry":{"coordinates":[[-1.535119947611376,47.201818843950555],[-1.532921007453408,47.199172731329156]],"type":"LineString"},"properties":{"id":"794","nom":"Clemenceau I1","long":338,"vref":21}},{"type":"Feature","geometry":{"coordinates":[[-1.53306502457701,47.19879848759841],[-1.531761078824756,47.19720058682091]],"type":"LineString"},"properties":{"id":"5212","nom":"Gabory P1","long":203,"vref":18}},{"type":"Feature","geometry":{"coordinates":[[-1.532738204890675,47.19894773402672],[-1.531441370080126,47.197343399909386]],"type":"LineString"},"properties":{"id":"212","nom":"Gabory I2","long":203,"vref":20}},{"type":"Feature","geometry":{"coordinates":[[-1.54759726211186,47.21531670974544],[-1.547382988603053,47.21538997093754],[-1.54714318144906,47.21546615593884],[-1.547044037999858,47.21551902662449],[-1.546599690937347,47.21567742933098],[-1.546240748191734,47.21586494060903],[-1.545754042289269,47.21627447827043]],"type":"LineString"},"properties":{"id":"228","nom":"Patton I","long":178,"vref":18}},{"type":"Feature","geometry":{"coordinates":[[-1.561753941619585,47.19982899909781],[-1.562611937238735,47.19556305874741]],"type":"LineString"},"properties":{"id":"5149","nom":"3 Continents I","long":478,"vref":30}},{"type":"Feature","geometry":{"coordinates":[[-1.533100174990347,47.21643281117917],[-1.531290036834263,47.21732834803017],[-1.532121758269476,47.2196778254149]],"type":"LineString"},"properties":{"id":"5334","nom":"Pont de l'Arche","long":438,"vref":19}},{"type":"Feature","geometry":{"coordinates":[[-1.565598032328637,47.21621203832204],[-1.564411039393482,47.215614524208505]],"type":"LineString"},"properties":{"id":"5404","nom":"Guist'hau P2","long":111,"vref":16}},{"type":"Feature","geometry":{"coordinates":[[-1.564249965832905,47.21552401194418],[-1.563852478661455,47.21588830384759]],"type":"LineString"},"properties":{"id":"428","nom":"Marceau","long":50,"vref":30}},{"type":"Feature","geometry":{"coordinates":[[-1.552234016440425,47.18932945555819],[-1.552190705104126,47.18983756942086],[-1.552400848823909,47.19022981104619],[-1.552918321783404,47.19056008146605],[-1.553534294204904,47.19082923815613]],"type":"LineString"},"properties":{"id":"6013","nom":"Malraux I1","long":212,"vref":30}},{"type":"Feature","geometry":{"coordinates":[[-1.558307050582976,47.19222196665959],[-1.562890538245884,47.19255084996839]],"type":"LineString"},"properties":{"id":"1000","nom":"De Gaulle (R) I1","long":349,"vref":30}},{"type":"Feature","geometry":{"coordinates":[[-1.553960636967748,47.19232138029851],[-1.556644001306104,47.19216777509257],[-1.558307050582976,47.19222196665959]],"type":"LineString"},"properties":{"id":"1002","nom":"De Gaulle (R) I2","long":330,"vref":30}},{"type":"Feature","geometry":{"coordinates":[[-1.55835910039683,47.192562790945274],[-1.562619319845722,47.1928799146089]],"type":"LineString"},"properties":{"id":"6000","nom":"De Gaulle (R) P4","long":324,"vref":30}},{"type":"Feature","geometry":{"coordinates":[[-1.562616245336804,47.19283771148346],[-1.562392878319769,47.19409384991243]],"type":"LineString"},"properties":{"id":"272","nom":"Schoelcher P1","long":140,"vref":30}},{"type":"Feature","geometry":{"coordinates":[[-1.554847203617556,47.21779935926132],[-1.55420908353095,47.21787559324954],[-1.553213098668353,47.21800827305856]],"type":"LineString"},"properties":{"id":"351","nom":"Hotel de Ville P1","long":125,"vref":15}},{"type":"Feature","geometry":{"coordinates":[[-1.576706421641674,47.224096627925555],[-1.574311735963145,47.223289457267974]],"type":"LineString"},"properties":{"id":"273","nom":"Pageot P2","long":202,"vref":30}},{"type":"Feature","geometry":{"coordinates":[[-1.576611267550684,47.22426599157876],[-1.575762860362374,47.22579618005273],[-1.575257756153181,47.228582890493364]],"type":"LineString"},"properties":{"id":"276","nom":"Serpette","long":493,"vref":30}},{"type":"Feature","geometry":{"coordinates":[[-1.585223741321319,47.22207356169847],[-1.582568106721955,47.22233621952338]],"type":"LineString"},"properties":{"id":"66","nom":"Dervallieres I1","long":203,"vref":20}},{"type":"Feature","geometry":{"coordinates":[[-1.585767283987171,47.22202926802651],[-1.586259656601175,47.22114262787031],[-1.586614739537902,47.22053204535736],[-1.586856116290985,47.220105913076836],[-1.587432611260385,47.21904510846888]],"type":"LineString"},"properties":{"id":"5045","nom":"Fraternite I1","long":354,"vref":17}},{"type":"Feature","geometry":{"coordinates":[[-1.537661295759864,47.21437785098083],[-1.539289903866483,47.2136131672623]],"type":"LineString"},"properties":{"id":"5206","nom":"Progres I","long":149,"vref":17}},{"type":"Feature","geometry":{"coordinates":[[-1.537886133948036,47.21463857561554],[-1.539663543030128,47.21379562174248]],"type":"LineString"},"properties":{"id":"206","nom":"Progres P","long":164,"vref":30}},{"type":"Feature","geometry":{"coordinates":[[-1.537451971747675,47.21447775537542],[-1.533502384204296,47.2162356347036]],"type":"LineString"},"properties":{"id":"5310","nom":"Picasso I","long":357,"vref":18}},{"type":"Feature","geometry":{"coordinates":[[-1.537706502037483,47.214730259159985],[-1.534247704342972,47.216301406841794]],"type":"LineString"},"properties":{"id":"310","nom":"Picasso P","long":314,"vref":20}},{"type":"Feature","geometry":{"coordinates":[[-1.530908836144021,47.21542808190447],[-1.533502384204296,47.2162356347036]],"type":"LineString"},"properties":{"id":"5209","nom":"Berlin I2","long":215,"vref":20}},{"type":"Feature","geometry":{"coordinates":[[-1.537661295759864,47.21437785098083],[-1.537196478708667,47.21389818390397],[-1.537219444532521,47.21327416850261]],"type":"LineString"},"properties":{"id":"5350","nom":"Marcel Paul I2","long":133,"vref":17}},{"type":"Feature","geometry":{"coordinates":[[-1.596471808047214,47.26385752079591],[-1.595352256623257,47.26322108488643]],"type":"LineString"},"properties":{"id":"100117","nom":"Mendes France I1","long":69,"vref":17}},{"type":"Feature","geometry":{"coordinates":[[-1.586938006459796,47.208604751610295],[-1.582860447516859,47.20765900495056]],"type":"LineString"},"properties":{"id":"87","nom":"Coty I2","long":326,"vref":22}},{"type":"Feature","geometry":{"coordinates":[[-1.576545542312921,47.206347476279404],[-1.576165661411589,47.20637069596063],[-1.575719309719333,47.206437446874666],[-1.574902571775132,47.20659519365428]],"type":"LineString"},"properties":{"id":"137","nom":"Allende I2","long":127,"vref":30}},{"type":"Feature","geometry":{"coordinates":[[-1.567761181778841,47.208664865035544],[-1.566804155282274,47.20895525904233]],"type":"LineString"},"properties":{"id":"432","nom":"Fosse I3","long":79,"vref":30}},{"type":"Feature","geometry":{"coordinates":[[-1.567761181778841,47.208664865035544],[-1.568904232416982,47.208329978106015]],"type":"LineString"},"properties":{"id":"433","nom":"Fosse I2","long":94,"vref":30}},{"type":"Feature","geometry":{"coordinates":[[-1.556891057750921,47.21154631739247],[-1.55761314260627,47.211376423377025],[-1.558052079902199,47.21131102725272],[-1.558882089495802,47.21127162107698]],"type":"LineString"},"properties":{"id":"360","nom":"Eboue","long":154,"vref":30}},{"type":"Feature","geometry":{"coordinates":[[-1.588030963898245,47.22189545459153],[-1.585767283987171,47.22202926802651]],"type":"LineString"},"properties":{"id":"69","nom":"Chabas I2","long":172,"vref":18}},{"type":"Feature","geometry":{"coordinates":[[-1.57004096793155,47.2191499301444],[-1.569825613891769,47.218295610386335]],"type":"LineString"},"properties":{"id":"767","nom":"Guist'hau I1","long":96,"vref":18}},{"type":"Feature","geometry":{"coordinates":[[-1.569825613891769,47.218295610386335],[-1.569705187753396,47.21793234309484],[-1.569581108590767,47.2178509026664],[-1.567404845007008,47.21677306772176]],"type":"LineString"},"properties":{"id":"768","nom":"Guist'hau I2","long":258,"vref":30}},{"type":"Feature","geometry":{"coordinates":[[-1.567406355760137,47.21677301654405],[-1.565934699114788,47.21603141022879]],"type":"LineString"},"properties":{"id":"769","nom":"Guist'hau I3","long":138,"vref":30}},{"type":"Feature","geometry":{"coordinates":[[-1.565934699114788,47.21603141022879],[-1.564606272141758,47.21534272291508]],"type":"LineString"},"properties":{"id":"404","nom":"Guist'hau I4","long":126,"vref":30}},{"type":"Feature","geometry":{"coordinates":[[-1.531919771796001,47.23887601298681],[-1.533492640791406,47.23699478945892]],"type":"LineString"},"properties":{"id":"786","nom":"Verne I5","long":240,"vref":18}},{"type":"Feature","geometry":{"coordinates":[[-1.534375566944299,47.23594361555067],[-1.536021035894553,47.2339794278001]],"type":"LineString"},"properties":{"id":"110","nom":"Verne I7","long":251,"vref":23}},{"type":"Feature","geometry":{"coordinates":[[-1.540786836651897,47.229128416108225],[-1.538463789633254,47.231416766129534]],"type":"LineString"},"properties":{"id":"384","nom":"Buat P4","long":309,"vref":18}},{"type":"Feature","geometry":{"coordinates":[[-1.544307638546404,47.22529214226275],[-1.545382400725505,47.223905243458596]],"type":"LineString"},"properties":{"id":"783","nom":"Buat P7","long":174,"vref":18}},{"type":"Feature","geometry":{"coordinates":[[-1.545382400725505,47.223905243458596],[-1.546229096524986,47.22282009643458],[-1.547770740323536,47.221564998018515]],"type":"LineString"},"properties":{"id":"782","nom":"Buat P8","long":318,"vref":15}},{"type":"Feature","geometry":{"coordinates":[[-1.560361059010553,47.24001907608688],[-1.560674599748038,47.23987227170816],[-1.56079895470717,47.23979067812964],[-1.560937748161284,47.23969930950982],[-1.561806706849681,47.238837213976545]],"type":"LineString"},"properties":{"id":"2136","nom":"Lauriol I2","long":172,"vref":21}},{"type":"Feature","geometry":{"coordinates":[[-1.568741696724086,47.231435118258176],[-1.569556627181573,47.229276683947994]],"type":"LineString"},"properties":{"id":"159","nom":"Faure I1","long":247,"vref":30}},{"type":"Feature","geometry":{"coordinates":[[-1.57863384902866,47.23310863996007],[-1.57740621650209,47.23250127454509]],"type":"LineString"},"properties":{"id":"71","nom":"Vannes I10","long":114,"vref":11}},{"type":"Feature","geometry":{"coordinates":[[-1.562043683142058,47.22022456561884],[-1.561709900382352,47.21942686681029],[-1.561517253487692,47.21917335059046],[-1.560974731041821,47.21887800941439]],"type":"LineString"},"properties":{"id":"408","nom":"Porte Neuve I","long":176,"vref":18}},{"type":"Feature","geometry":{"coordinates":[[-1.556206872835791,47.20418224611552],[-1.553273229085506,47.204462935557174]],"type":"LineString"},"properties":{"id":"314","nom":"Estuaire I5","long":224,"vref":17}},{"type":"Feature","geometry":{"coordinates":[[-1.532092891350944,47.21996977741106],[-1.534137073682442,47.219565789450115]],"type":"LineString"},"properties":{"id":"55","nom":"Stalingrad P1","long":161,"vref":30}},{"type":"Feature","geometry":{"coordinates":[[-1.556643360232729,47.2160505546389],[-1.56081909348635,47.21539037868586]],"type":"LineString"},"properties":{"id":"297","nom":"Calvaire I2","long":324,"vref":12}},{"type":"Feature","geometry":{"coordinates":[[-1.574275947899271,47.22348363334846],[-1.571680272026675,47.224133020211056]],"type":"LineString"},"properties":{"id":"5274","nom":"Merson I","long":209,"vref":30}},{"type":"Feature","geometry":{"coordinates":[[-1.570355246878606,47.22627368550015],[-1.571258949369156,47.223901718512614]],"type":"LineString"},"properties":{"id":"5278","nom":"Painlevé P1","long":272,"vref":30}},{"type":"Feature","geometry":{"coordinates":[[-1.571258949369156,47.223901718512614],[-1.570311777759708,47.22084644692827]],"type":"LineString"},"properties":{"id":"399","nom":"Monselet","long":347,"vref":30}},{"type":"Feature","geometry":{"coordinates":[[-1.535299185858562,47.199985391882365],[-1.538398961300311,47.19930436224753]],"type":"LineString"},"properties":{"id":"58","nom":"Cote St Sebastien P3","long":246,"vref":20}},{"type":"Feature","geometry":{"coordinates":[[-1.540451668887088,47.197002341866316],[-1.541842539326882,47.1978532501301]],"type":"LineString"},"properties":{"id":"6140","nom":"St Jacques P1","long":141,"vref":17}},{"type":"Feature","geometry":{"coordinates":[[-1.537472921763879,47.2397595833233],[-1.537504105263326,47.239709006635884],[-1.537797282831636,47.23942674618909],[-1.538304665508391,47.23917340079833],[-1.538601675457278,47.23898593968176],[-1.538928622760407,47.238542603678845],[-1.53954326090536,47.2376789169139]],"type":"LineString"},"properties":{"id":"85","nom":"St Joseph I12","long":284,"vref":17}},{"type":"Feature","geometry":{"coordinates":[[-1.545317034783604,47.22759634938389],[-1.544896568935945,47.22898288275752]],"type":"LineString"},"properties":{"id":"78","nom":"Coudray P3","long":157,"vref":30}},{"type":"Feature","geometry":{"coordinates":[[-1.552262616845791,47.22310062764773],[-1.550289925533401,47.22430118921418]],"type":"LineString"},"properties":{"id":"74","nom":"Pitre Chevallier P3","long":200,"vref":16}},{"type":"Feature","geometry":{"coordinates":[[-1.542721825216672,47.19805787920043],[-1.542744969791857,47.197667053603865],[-1.545280045296622,47.194838948770304]],"type":"LineString"},"properties":{"id":"5059","nom":"Dos d'Ane P1","long":411,"vref":26}},{"type":"Feature","geometry":{"coordinates":[[-1.516431744296878,47.22071521767108],[-1.514498782188535,47.220814903361855]],"type":"LineString"},"properties":{"id":"124","nom":"Prairie Mauves I10","long":146,"vref":26}},{"type":"Feature","geometry":{"coordinates":[[-1.521128149935477,47.22508070375305],[-1.521017801613564,47.22499978550022],[-1.520109838557919,47.22431819566385]],"type":"LineString"},"properties":{"id":"121","nom":"Doulon P4","long":114,"vref":18}},{"type":"Feature","geometry":{"coordinates":[[-1.522344631744124,47.22592324451058],[-1.522269602228922,47.22587003663693],[-1.521157055932422,47.22510346877406]],"type":"LineString"},"properties":{"id":"105","nom":"Doulon P5","long":128,"vref":20}},{"type":"Feature","geometry":{"coordinates":[[-1.547212144604538,47.2200669821142],[-1.54570443503095,47.22059965927475]],"type":"LineString"},"properties":{"id":"338","nom":"Gambetta P2","long":128,"vref":30}},{"type":"Feature","geometry":{"coordinates":[[-1.59460356740824,47.19760242424475],[-1.593032141977705,47.19766532455438],[-1.591726057014131,47.19779551632912]],"type":"LineString"},"properties":{"id":"790","nom":"Juin I2","long":219,"vref":30}},{"type":"Feature","geometry":{"coordinates":[[-1.538520748378144,47.19621911503064],[-1.540451668887088,47.197002341866316]],"type":"LineString"},"properties":{"id":"5235","nom":"St Jacques P2","long":170,"vref":15}},{"type":"Feature","geometry":{"coordinates":[[-1.557110634242243,47.211775197235085],[-1.557567215252801,47.21164007138141],[-1.55784602951013,47.21158008712625],[-1.558270311639174,47.2115213767522],[-1.558769389909142,47.2115540369871]],"type":"LineString"},"properties":{"id":"5360","nom":"Eboue","long":130,"vref":30}},{"type":"Feature","geometry":{"coordinates":[[-1.56592221254822,47.21091887445605],[-1.564587312383348,47.21175965336926],[-1.563127857141909,47.212678925505834]],"type":"LineString"},"properties":{"id":"264","nom":"Gresset P3","long":288,"vref":16}},{"type":"Feature","geometry":{"coordinates":[[-1.565307982231197,47.21468539337235],[-1.565653834562057,47.214381661210794],[-1.562555160668176,47.21317399986935]],"type":"LineString"},"properties":{"id":"441","nom":"Racine","long":313,"vref":30}},{"type":"Feature","geometry":{"coordinates":[[-1.563486385884028,47.21520830473692],[-1.563704211739383,47.21586958873782],[-1.562759518262557,47.216726025784695]],"type":"LineString"},"properties":{"id":"363","nom":"Berruyer I","long":194,"vref":30}},{"type":"Feature","geometry":{"coordinates":[[-1.559604920541034,47.21693487467372],[-1.560088752528574,47.21648719312379],[-1.560721050407474,47.215811603595405],[-1.560870455961219,47.21553413596687]],"type":"LineString"},"properties":{"id":"283","nom":"Budapest","long":183,"vref":30}},{"type":"Feature","geometry":{"coordinates":[[-1.550024459316566,47.21433096049534],[-1.550236377308815,47.2141628416822],[-1.550452975610953,47.213996628295924],[-1.552468911257679,47.21316709292606]],"type":"LineString"},"properties":{"id":"5005","nom":"D'Orves I","long":227,"vref":19}},{"type":"Feature","geometry":{"coordinates":[[-1.554594004665763,47.22023176996655],[-1.551983048750048,47.22144256318163]],"type":"LineString"},"properties":{"id":"344","nom":"Ceineray P","long":239,"vref":20}},{"type":"Feature","geometry":{"coordinates":[[-1.564411039393482,47.215614524208505],[-1.562995189774093,47.21688418351141]],"type":"LineString"},"properties":{"id":"5363","nom":"Berruyer P","long":177,"vref":18}},{"type":"Feature","geometry":{"coordinates":[[-1.542257626537935,47.21208211986901],[-1.542172398842463,47.21220158919732],[-1.541853805151439,47.212465118908746],[-1.541365883275584,47.21271164497726],[-1.539592736780986,47.2134244695411]],"type":"LineString"},"properties":{"id":"5031","nom":"Tbilissi I","long":254,"vref":20}},{"type":"Feature","geometry":{"coordinates":[[-1.548854850639711,47.20692134298859],[-1.549852890173028,47.208445807669555]],"type":"LineString"},"properties":{"id":"5136","nom":"Audibert P","long":185,"vref":22}},{"type":"Feature","geometry":{"coordinates":[[-1.614988081767193,47.25001522857991],[-1.620077989382984,47.25139990185396]],"type":"LineString"},"properties":{"id":"5474","nom":"Vannes P10","long":414,"vref":30}},{"type":"Feature","geometry":{"coordinates":[[-1.567603125179418,47.24719528026837],[-1.567436907202278,47.247056446267564],[-1.567131882315398,47.24684285738625],[-1.566836981464768,47.246643371215924],[-1.56642580085607,47.24636630264205],[-1.566031852931965,47.24609690443405],[-1.565816520692321,47.245949411882],[-1.564457161867152,47.24501307082948],[-1.564150920105669,47.244865555424525],[-1.563660862199739,47.24475314929744]],"type":"LineString"},"properties":{"id":"807","nom":"Tribunes I2","long":407,"vref":19}},{"type":"Feature","geometry":{"coordinates":[[-1.613573425942574,47.24508271957353],[-1.612496941300129,47.24497203162748],[-1.611443421118712,47.24500810898138],[-1.608090151359997,47.24560580337426]],"type":"LineString"},"properties":{"id":"5268","nom":"Angevinière I2","long":424,"vref":23}},{"type":"Feature","geometry":{"coordinates":[[-1.616654634098556,47.24617619072801],[-1.615364814720753,47.24570135817726],[-1.614523511049546,47.24543093848933],[-1.614243842116726,47.24535796939479],[-1.613784294468657,47.24527052445792],[-1.613535636609502,47.245248086249816]],"type":"LineString"},"properties":{"id":"463","nom":"Angeviniere P3","long":259,"vref":37}},{"type":"Feature","geometry":{"coordinates":[[-1.573293510312194,47.2411682610337],[-1.570707155857949,47.23839042548221]],"type":"LineString"},"properties":{"id":"2122","nom":"Schuman I3","long":365,"vref":21}},{"type":"Feature","geometry":{"coordinates":[[-1.556769397714887,47.25996556313333],[-1.554672838981643,47.26056462491472],[-1.553059358804835,47.261095764547065]],"type":"LineString"},"properties":{"id":"96","nom":"Dreyfus P","long":307,"vref":22}},{"type":"Feature","geometry":{"coordinates":[[-1.536244736260725,47.195519690087146],[-1.535849835153543,47.19453927958285],[-1.535499350140785,47.19362857365383],[-1.535160097024803,47.19274741338864],[-1.534691125711591,47.191809731779095]],"type":"LineString"},"properties":{"id":"1077","nom":"Ledru Rollin","long":429,"vref":13}},{"type":"Feature","geometry":{"coordinates":[[-1.527541921229281,47.18636112365675],[-1.528126509235305,47.18672226728083],[-1.529262289864231,47.18742193431913],[-1.530684495324082,47.18829358270182]],"type":"LineString"},"properties":{"id":"833","nom":"Vertou I4","long":320,"vref":15}},{"type":"Feature","geometry":{"coordinates":[[-1.524861745072812,47.184603978062164],[-1.525362236311816,47.18486992725126],[-1.525911000418993,47.185175530038144],[-1.526419274594385,47.185444309531334],[-1.526806312902506,47.18564801882478],[-1.527711669749312,47.18619652193581]],"type":"LineString"},"properties":{"id":"6079","nom":"Vertou P3","long":279,"vref":17}},{"type":"Feature","geometry":{"coordinates":[[-1.531465000864205,47.2388097550945],[-1.533026519339346,47.236813351978604]],"type":"LineString"},"properties":{"id":"5786","nom":"Verne P3","long":251,"vref":16}},{"type":"Feature","geometry":{"coordinates":[[-1.510757699945758,47.24081922441728],[-1.508885470885305,47.24109939876055]],"type":"LineString"},"properties":{"id":"5175","nom":"Ste Luce P8","long":145,"vref":21}},{"type":"Feature","geometry":{"coordinates":[[-1.481762154540343,47.295612444278284],[-1.479440631007756,47.295703666291764],[-1.478585613042673,47.29568756420863],[-1.47804267980073,47.29558169373663]],"type":"LineString"},"properties":{"id":"1148","nom":"Cugnot P2","long":283,"vref":32}},{"type":"Feature","geometry":{"coordinates":[[-1.481812859262089,47.29545187000393],[-1.484315689313775,47.29590248340844],[-1.485916543121895,47.29614663634641]],"type":"LineString"},"properties":{"id":"5837","nom":"Cugnot I1","long":319,"vref":43}},{"type":"Feature","geometry":{"coordinates":[[-1.535820081421717,47.208355890576414],[-1.536622953824004,47.207544691414576],[-1.538026412940786,47.20651723753698],[-1.538534404676539,47.20608844087549]],"type":"LineString"},"properties":{"id":"208","nom":"Viviani I1","long":326,"vref":20}},{"type":"Feature","geometry":{"coordinates":[[-1.535163140374426,47.210619165863704],[-1.536363972116946,47.213045989482985]],"type":"LineString"},"properties":{"id":"150","nom":"Brandt I","long":284,"vref":20}},{"type":"Feature","geometry":{"coordinates":[[-1.55170361950063,47.22787122799119],[-1.551182958305894,47.22823136880358],[-1.548774839522595,47.22796585705973]],"type":"LineString"},"properties":{"id":"180","nom":"Desaix I2","long":240,"vref":17}},{"type":"Feature","geometry":{"coordinates":[[-1.530083327448868,47.24050808815464],[-1.531465000864205,47.2388097550945]],"type":"LineString"},"properties":{"id":"5787","nom":"Verne P4","long":215,"vref":18}},{"type":"Feature","geometry":{"coordinates":[[-1.524396438146638,47.24555657773461],[-1.528022040171121,47.24238499019701]],"type":"LineString"},"properties":{"id":"5831","nom":"Verne P6","long":446,"vref":20}},{"type":"Feature","geometry":{"coordinates":[[-1.538574848669667,47.23437136042734],[-1.541032853439023,47.23471589935471]],"type":"LineString"},"properties":{"id":"242","nom":"Belges P2","long":190,"vref":21}},{"type":"Feature","geometry":{"coordinates":[[-1.537206399915764,47.23959415544201],[-1.537249078441876,47.23953493779345],[-1.537535072174988,47.23925807864229],[-1.538030586965289,47.23900822877158],[-1.538320263697742,47.238824110371425],[-1.538638591545232,47.2383872560234],[-1.539169601763262,47.237582102309865]],"type":"LineString"},"properties":{"id":"5085","nom":"St Joseph P02","long":273,"vref":21}},{"type":"Feature","geometry":{"coordinates":[[-1.529594785828537,47.249552083445245],[-1.529634700314884,47.24914007146074],[-1.529711283036914,47.24892081664961],[-1.530223767649908,47.24806577549002],[-1.530485592411428,47.247642193936386],[-1.530647097225462,47.247444854573274],[-1.530960652280746,47.24719185492014],[-1.531278746497943,47.24700164461882],[-1.531927957444687,47.24638242779148]],"type":"LineString"},"properties":{"id":"5819","nom":"St Joseph P06","long":403,"vref":20}},{"type":"Feature","geometry":{"coordinates":[[-1.557237100562905,47.21750813564395],[-1.556692751943441,47.216188188740624]],"type":"LineString"},"properties":{"id":"417","nom":"50 Otages P2","long":152,"vref":11}},{"type":"Feature","geometry":{"coordinates":[[-1.635356093509813,47.228166335208805],[-1.634749480076447,47.22878987755005],[-1.634410787157351,47.2291658134001],[-1.633693428098368,47.22974672798366]],"type":"LineString"},"properties":{"id":"524","nom":"Paul P6","long":216,"vref":30}},{"type":"Feature","geometry":{"coordinates":[[-1.634991911256945,47.228056085462],[-1.634402451028653,47.22868625831093],[-1.634063756328328,47.22906219315427],[-1.633355614007591,47.229644851925336]],"type":"LineString"},"properties":{"id":"5524","nom":"Paul I1","long":216,"vref":30}},{"type":"Feature","geometry":{"coordinates":[[-1.532460350216505,47.246578157801665],[-1.533038496701817,47.245961318447534],[-1.533455295415995,47.24525083360755],[-1.53353132372024,47.24510795061492],[-1.533965088269127,47.24427616763561],[-1.534096190535281,47.243784734383134],[-1.534210099370349,47.24332792901948],[-1.534488474185966,47.24277789475957]],"type":"LineString"},"properties":{"id":"818","nom":"St Joseph I09","long":453,"vref":20}},{"type":"Feature","geometry":{"coordinates":[[-1.530230623957654,47.25006732329684],[-1.530241931396948,47.24961602833954],[-1.530230374546254,47.249267652567596],[-1.530267090113592,47.24914672749582],[-1.530474408061622,47.248807521572445],[-1.530788489169091,47.24828932104734],[-1.531064980459033,47.24785905514323],[-1.531236544178425,47.247654154624065],[-1.531357663308556,47.24754793932859],[-1.531811143055182,47.24719737758567],[-1.532460350216505,47.246578157801665]],"type":"LineString"},"properties":{"id":"819","nom":"St Joseph I08","long":435,"vref":19}},{"type":"Feature","geometry":{"coordinates":[[-1.530147548868889,47.25294172891521],[-1.530220754905489,47.25236144228602],[-1.530328509794252,47.251295030572216],[-1.530267417064482,47.250492241062844],[-1.530230623957654,47.25006732329684]],"type":"LineString"},"properties":{"id":"820","nom":"St Joseph I07","long":320,"vref":21}},{"type":"Feature","geometry":{"coordinates":[[-1.530102535400462,47.2151259763199],[-1.529709059927387,47.214396242352166],[-1.529394323549948,47.21364529239585]],"type":"LineString"},"properties":{"id":"205","nom":"Berlin P1","long":173,"vref":13}},{"type":"Feature","geometry":{"coordinates":[[-1.555335507101856,47.22120145506929],[-1.554594004665763,47.22023176996655]],"type":"LineString"},"properties":{"id":"5221","nom":"Bellamy P1","long":121,"vref":15}},{"type":"Feature","geometry":{"coordinates":[[-1.535120680083057,47.210409061290875],[-1.534479215449847,47.21041719799625],[-1.53256721594926,47.210717708410655]],"type":"LineString"},"properties":{"id":"7120","nom":"Bertin P","long":197,"vref":20}},{"type":"Feature","geometry":{"coordinates":[[-1.535163289344907,47.21062122457745],[-1.534420909109233,47.21063687896504],[-1.532327425516657,47.210919748781414]],"type":"LineString"},"properties":{"id":"2120","nom":"Bertin I","long":217,"vref":16}},{"type":"Feature","geometry":{"coordinates":[[-1.53026539877534,47.20786656341054],[-1.528739651502136,47.20600882063145]],"type":"LineString"},"properties":{"id":"2121","nom":"Millerand P2","long":236,"vref":17}},{"type":"Feature","geometry":{"coordinates":[[-1.530371540806246,47.20845528741502],[-1.528484211019439,47.20609890615309]],"type":"LineString"},"properties":{"id":"7121","nom":"Millerand I2","long":298,"vref":20}},{"type":"Feature","geometry":{"coordinates":[[-1.567426251700073,47.21449292197714],[-1.568765587121638,47.214355703770366],[-1.569436128022057,47.214267969357046],[-1.570693997680517,47.21421810392536],[-1.572053546412521,47.21435773802691]],"type":"LineString"},"properties":{"id":"2139","nom":"Gigant","long":353,"vref":18}},{"type":"Feature","geometry":{"coordinates":[[-1.572308838199137,47.21439035416152],[-1.573986454774335,47.21457180261214]],"type":"LineString"},"properties":{"id":"2140","nom":"Gigant","long":128,"vref":15}},{"type":"Feature","geometry":{"coordinates":[[-1.531590169848784,47.20478533861471],[-1.530739001087496,47.20511727731177],[-1.529769838852625,47.205534685519],[-1.528739651502136,47.20600882063145]],"type":"LineString"},"properties":{"id":"300","nom":"Blancho P1","long":255,"vref":17}},{"type":"Feature","geometry":{"coordinates":[[-1.531424273587111,47.20462684240086],[-1.530540917746447,47.20497430624895],[-1.529550758741353,47.20539448108575],[-1.528484942765402,47.20592037040889]],"type":"LineString"},"properties":{"id":"5300","nom":"Blancho I3","long":265,"vref":30}},{"type":"Feature","geometry":{"coordinates":[[-1.576188369316667,47.25631702961728],[-1.576379933861254,47.25533128380913],[-1.576547473906771,47.25457645989388]],"type":"LineString"},"properties":{"id":"528","nom":"La Chapelle P6","long":195,"vref":23}},{"type":"Feature","geometry":{"coordinates":[[-1.575599119892978,47.256342178626454],[-1.57583492046386,47.25533945544186],[-1.576099422787764,47.25408707616386]],"type":"LineString"},"properties":{"id":"5528","nom":"La Chapelle I1","long":253,"vref":25}},{"type":"Feature","geometry":{"coordinates":[[-1.575912998006614,47.21103308447029],[-1.573721494991015,47.21040785451044]],"type":"LineString"},"properties":{"id":"438","nom":"Launay I1","long":179,"vref":20}},{"type":"Feature","geometry":{"coordinates":[[-1.573513471280939,47.210731702067086],[-1.571978584173907,47.21028434292],[-1.571276022151195,47.21007806142334],[-1.570644386476381,47.209868338970146]],"type":"LineString"},"properties":{"id":"5544","nom":"Launay P1","long":237,"vref":21}},{"type":"Feature","geometry":{"coordinates":[[-1.573721494991015,47.21040785451044],[-1.572208064001605,47.20996389805181],[-1.571554136790432,47.20978073375037],[-1.570441885471404,47.209479994145916]],"type":"LineString"},"properties":{"id":"544","nom":"Launay I2","long":269,"vref":30}},{"type":"Feature","geometry":{"coordinates":[[-1.566800486579925,47.20923708671454],[-1.567052472377022,47.209162509996695],[-1.567732965719973,47.208963002905726]],"type":"LineString"},"properties":{"id":"5432","nom":"Fosse P2","long":76,"vref":30}},{"type":"Feature","geometry":{"coordinates":[[-1.565511038731908,47.23325020559648],[-1.563860229234979,47.23130424084999]],"type":"LineString"},"properties":{"id":"5008","nom":"Bellamy P7","long":249,"vref":19}},{"type":"Feature","geometry":{"coordinates":[[-1.57281865510949,47.24130509221911],[-1.570214633501622,47.23853403666762]],"type":"LineString"},"properties":{"id":"7122","nom":"Schuman P3","long":365,"vref":18}},{"type":"Feature","geometry":{"coordinates":[[-1.575443090992135,47.24391649438316],[-1.573293510312194,47.2411682610337]],"type":"LineString"},"properties":{"id":"1","nom":"Schuman I2","long":346,"vref":30}},{"type":"Feature","geometry":{"coordinates":[[-1.577180002860634,47.24700683648929],[-1.575035906199095,47.244150097989824]],"type":"LineString"},"properties":{"id":"5080","nom":"Schuman P5","long":356,"vref":21}},{"type":"Feature","geometry":{"coordinates":[[-1.576111482630079,47.25300939204474],[-1.57665428005127,47.250465980271386]],"type":"LineString"},"properties":{"id":"5014","nom":"Rennes P2","long":285,"vref":20}},{"type":"Feature","geometry":{"coordinates":[[-1.577673039800026,47.25581159446891],[-1.576547473906771,47.25457645989388],[-1.576407287229986,47.254441913663605]],"type":"LineString"},"properties":{"id":"5534","nom":"Rennes P3","long":179,"vref":17}},{"type":"Feature","geometry":{"coordinates":[[-1.578103480831306,47.255708243528346],[-1.576678275863329,47.25412728448834]],"type":"LineString"},"properties":{"id":"534","nom":"Rennes I4","long":206,"vref":30}},{"type":"Feature","geometry":{"coordinates":[[-1.578103480831306,47.255708243528346],[-1.582034014279498,47.260099532289395]],"type":"LineString"},"properties":{"id":"13","nom":"Rennes I3","long":571,"vref":14}},{"type":"Feature","geometry":{"coordinates":[[-1.577673039800026,47.25581159446891],[-1.581670135504386,47.26028421739083]],"type":"LineString"},"properties":{"id":"5013","nom":"Rennes P4","long":582,"vref":13}},{"type":"Feature","geometry":{"coordinates":[[-1.583573511596764,47.26195309103518],[-1.583291711004518,47.26162421337459],[-1.582034014279498,47.260099532289395]],"type":"LineString"},"properties":{"id":"491","nom":"Rennes I2","long":236,"vref":19}},{"type":"Feature","geometry":{"coordinates":[[-1.624214707137937,47.25814172375795],[-1.623219421997518,47.25778068136305],[-1.622108831468186,47.257233718773854]],"type":"LineString"},"properties":{"id":"5548","nom":"Peccot vers Est","long":189,"vref":30}},{"type":"Feature","geometry":{"coordinates":[[-1.584488043640096,47.23985011536965],[-1.583500235358079,47.23956175854791],[-1.583087925181239,47.23962117947515],[-1.582831440153635,47.23965672787396],[-1.581675320736103,47.23959386806529],[-1.580933234343326,47.239598447815894],[-1.580345302106316,47.23963906095021],[-1.579573741030503,47.23965495207629],[-1.578924597907642,47.2396873182366],[-1.577323277507753,47.23975200824965],[-1.57664390397262,47.23978538772207],[-1.575766542035826,47.23980484423166],[-1.575101527887729,47.23982740854111],[-1.574635253404135,47.23987418348372],[-1.574342129001964,47.23984388378635],[-1.573723491328275,47.239941225749796],[-1.573222063609064,47.24002530277033],[-1.572136175846802,47.23988670278025]],"type":"LineString"},"properties":{"id":"750","nom":"Berlioz P1","long":948,"vref":30}},{"type":"Feature","geometry":{"coordinates":[[-1.570707155857949,47.23839042548221],[-1.573416421412984,47.2377723186979]],"type":"LineString"},"properties":{"id":"157","nom":"Longchamp P1","long":216,"vref":18}},{"type":"Feature","geometry":{"coordinates":[[-1.570033088981845,47.238413267919285],[-1.569879824875017,47.23845148105092],[-1.569166635191158,47.2384157953598],[-1.568445782146433,47.23846188277865],[-1.567636358435435,47.23851921998965],[-1.567267350926602,47.23854925716329],[-1.56707390443305,47.23853516975534],[-1.565840515499147,47.237973279772326],[-1.564963048648031,47.2376170577809]],"type":"LineString"},"properties":{"id":"5493","nom":"Jost I1","long":415,"vref":15}},{"type":"Feature","geometry":{"coordinates":[[-1.568449841916593,47.236006919877866],[-1.571028712504234,47.235036253465445]],"type":"LineString"},"properties":{"id":"156","nom":"Americains P1","long":223,"vref":24}},{"type":"Feature","geometry":{"coordinates":[[-1.530534023346958,47.24058067964289],[-1.531919771796001,47.23887601298681]],"type":"LineString"},"properties":{"id":"787","nom":"Verne I4","long":216,"vref":19}},{"type":"Feature","geometry":{"coordinates":[[-1.517400055212657,47.26114948501109],[-1.517255760733835,47.26135551343683],[-1.516202972850518,47.26300446738931]],"type":"LineString"},"properties":{"id":"172","nom":"Carquefou I2","long":225,"vref":17}},{"type":"Feature","geometry":{"coordinates":[[-1.517150687226102,47.26101232856869],[-1.516984082347624,47.261224261207204],[-1.516126579744331,47.2625334087353]],"type":"LineString"},"properties":{"id":"5172","nom":"Carquefou P2","long":186,"vref":18}},{"type":"Feature","geometry":{"coordinates":[[-1.545073028619223,47.2237330230601],[-1.545902767631515,47.22260201573672],[-1.547445303492378,47.22146349222884]],"type":"LineString"},"properties":{"id":"5782","nom":"Buat I1","long":312,"vref":14}},{"type":"Feature","geometry":{"coordinates":[[-1.544886428477978,47.227548938379],[-1.542613752966776,47.22729112150261]],"type":"LineString"},"properties":{"id":"383","nom":"Desaix","long":174,"vref":16}},{"type":"Feature","geometry":{"coordinates":[[-1.581275433803086,47.21260716238413],[-1.579414837198198,47.21205643223518]],"type":"LineString"},"properties":{"id":"444","nom":"Pasteur I2","long":153,"vref":18}},{"type":"Feature","geometry":{"coordinates":[[-1.519344573619626,47.2503895266988],[-1.517253823454544,47.25214130657538],[-1.517065246784382,47.25230031969265]],"type":"LineString"},"properties":{"id":"829","nom":"Paris I6","long":273,"vref":19}},{"type":"Feature","geometry":{"coordinates":[[-1.567014289392533,47.21052794951323],[-1.566749819652612,47.20974648821686],[-1.567283473912995,47.20942297302966],[-1.567149496604431,47.20922629526993]],"type":"LineString"},"properties":{"id":"560","nom":"Verrerie I2","long":167,"vref":16}},{"type":"Feature","geometry":{"coordinates":[[-1.565984337096741,47.216005996118994],[-1.567371230696906,47.2147558513685]],"type":"LineString"},"properties":{"id":"567","nom":"Geslin I1","long":174,"vref":22}},{"type":"Feature","geometry":{"coordinates":[[-1.557360212188114,47.22358995025893],[-1.555335507101856,47.22120145506929]],"type":"LineString"},"properties":{"id":"5083","nom":"Bellamy P2","long":306,"vref":30}},{"type":"Feature","geometry":{"coordinates":[[-1.562175436883516,47.22926447260899],[-1.559925690707668,47.22659989468476]],"type":"LineString"},"properties":{"id":"5007","nom":"Bellamy P5","long":341,"vref":22}},{"type":"Feature","geometry":{"coordinates":[[-1.572308838199137,47.21439035416152],[-1.571750779282964,47.21284598022802]],"type":"LineString"},"properties":{"id":"584","nom":"Lamoricière I1","long":176,"vref":20}},{"type":"Feature","geometry":{"coordinates":[[-1.571410012289231,47.212534557944075],[-1.570445798011732,47.209948336253]],"type":"LineString"},"properties":{"id":"5210","nom":"Lamoricière P1","long":296,"vref":20}},{"type":"Feature","geometry":{"coordinates":[[-1.571599162333452,47.21247035768265],[-1.570644386476381,47.209868338970146]],"type":"LineString"},"properties":{"id":"210","nom":"Lamoricière I2","long":298,"vref":30}},{"type":"Feature","geometry":{"coordinates":[[-1.563554731989364,47.21726768040612],[-1.564775753972124,47.21702307253341]],"type":"LineString"},"properties":{"id":"565","nom":"Descartes P1","long":96,"vref":30}},{"type":"Feature","geometry":{"coordinates":[[-1.564927609201566,47.21696633788958],[-1.565651246954989,47.21629794604152]],"type":"LineString"},"properties":{"id":"566","nom":"Descartes P2","long":92,"vref":30}},{"type":"Feature","geometry":{"coordinates":[[-1.564780193097881,47.21689703328778],[-1.565503831754747,47.21622864235044]],"type":"LineString"},"properties":{"id":"5566","nom":"Descartes I1","long":92,"vref":17}},{"type":"Feature","geometry":{"coordinates":[[-1.567449555245974,47.21439719961595],[-1.567238498649779,47.21297829214283]],"type":"LineString"},"properties":{"id":"558","nom":"Rosière I1","long":158,"vref":30}},{"type":"Feature","geometry":{"coordinates":[[-1.56708859495852,47.21291629810617],[-1.566992750465168,47.21218381466795],[-1.567047533097114,47.21158553233454]],"type":"LineString"},"properties":{"id":"5568","nom":"Rosière P1","long":148,"vref":30}},{"type":"Feature","geometry":{"coordinates":[[-1.565954271397497,47.210839365891324],[-1.565647616745117,47.210351353184485]],"type":"LineString"},"properties":{"id":"561","nom":"Flandres P1","long":59,"vref":15}},{"type":"Feature","geometry":{"coordinates":[[-1.545224417663619,47.18209100244438],[-1.544805001240273,47.18064813103657],[-1.544115596067141,47.17831972078503]],"type":"LineString"},"properties":{"id":"1019","nom":"Briand (R) I1","long":427,"vref":30}},{"type":"Feature","geometry":{"coordinates":[[-1.545626081208352,47.18209913302691],[-1.544526461323791,47.178392552324205]],"type":"LineString"},"properties":{"id":"6019","nom":"Briand (R) P2","long":420,"vref":20}},{"type":"Feature","geometry":{"coordinates":[[-1.544490941339358,47.178173959921835],[-1.543977191355994,47.17499039462173]],"type":"LineString"},"properties":{"id":"6020","nom":"Riviere P1","long":356,"vref":30}},{"type":"Feature","geometry":{"coordinates":[[-1.592590768231788,47.24064948933],[-1.597832737157555,47.24327747065889]],"type":"LineString"},"properties":{"id":"470","nom":"Vannes I5","long":492,"vref":43}},{"type":"Feature","geometry":{"coordinates":[[-1.548721945476285,47.19149418127721],[-1.548162982096891,47.19123855499529],[-1.547941404347018,47.1910221108229],[-1.547252739414897,47.18808179095221]],"type":"LineString"},"properties":{"id":"6006","nom":"Republique P1","long":411,"vref":21}},{"type":"Feature","geometry":{"coordinates":[[-1.556955382871113,47.21769513553843],[-1.556406621525845,47.21618959973411]],"type":"LineString"},"properties":{"id":"5417","nom":"50 Otages I3","long":172,"vref":15}},{"type":"Feature","geometry":{"coordinates":[[-1.505050844021419,47.24407507701178],[-1.505924398116492,47.243263842558385],[-1.506652850228245,47.2424368003384],[-1.507118953002356,47.24196519397447],[-1.507605343714565,47.24171268919599],[-1.508621835945034,47.24147861909428]],"type":"LineString"},"properties":{"id":"114","nom":"Ste Luce I4","long":409,"vref":19}},{"type":"Feature","geometry":{"coordinates":[[-1.595242031038862,47.22218110593763],[-1.594049019354799,47.22198239870756],[-1.592891305186503,47.22193416437597]],"type":"LineString"},"properties":{"id":"7128","nom":"Ingres P1","long":180,"vref":17}},{"type":"Feature","geometry":{"coordinates":[[-1.499767990867169,47.24655502877424],[-1.498684022601165,47.246610690960544],[-1.497909496789004,47.246607557719166],[-1.497312349348246,47.24656343998296],[-1.495792829319023,47.24648290906037]],"type":"LineString"},"properties":{"id":"5113","nom":"Ste Luce P11","long":301,"vref":20}},{"type":"Feature","geometry":{"coordinates":[[-1.441060154547332,47.26693117104107],[-1.43936414875622,47.267920457971044],[-1.438289497711314,47.26843643674148],[-1.436563580435525,47.26908926621174],[-1.435913305587829,47.269519116239],[-1.435081917095161,47.27011068172983],[-1.434011705278212,47.27060480512037],[-1.432888517604992,47.27157320162548],[-1.431940360914739,47.27238007066039],[-1.430786819141489,47.273155461901226],[-1.429734414237624,47.273882140908356],[-1.429067410007024,47.274355828539264],[-1.427523608636847,47.27542456180427],[-1.425643164689398,47.27634226172743],[-1.423834284971463,47.27715751494041],[-1.423215613701939,47.27750061920736],[-1.422909329520258,47.2778448914365],[-1.422571187710627,47.278533778660815],[-1.422342883346276,47.27882288838901],[-1.42198917914106,47.27913981294178],[-1.420928785965607,47.27995023570029],[-1.420546759181845,47.280274268070606],[-1.419525913293598,47.28214404091999],[-1.419395148248781,47.28231131578881],[-1.417519999439199,47.28369814795981],[-1.416102268116863,47.28475538545594],[-1.415522328311096,47.28526329694464],[-1.415014308698411,47.28560791268454],[-1.414221230162026,47.286017506179086],[-1.413166859912987,47.28650677533431],[-1.412500964419437,47.28682761943038],[-1.411253404251005,47.28769767315328],[-1.409151343438808,47.288470606631414],[-1.408608947930494,47.28871519535256],[-1.40787788765967,47.28923209504816],[-1.407507374707125,47.28941951365956],[-1.406943620924602,47.28946772209783],[-1.406131230498996,47.2894301017412],[-1.405397013524222,47.289447719189894],[-1.404691257946853,47.289568616184624],[-1.404164391287996,47.28975386974383],[-1.403591845990153,47.290088141376074],[-1.402413736012488,47.29078353876883]],"type":"LineString"},"properties":{"id":"2076","nom":"Mauves","long":4061,"vref":9}},{"type":"Feature","geometry":{"coordinates":[[-1.453201371952034,47.28234094906914],[-1.452504409731261,47.281321735276634],[-1.452097727253642,47.280803720149244],[-1.451767833225103,47.28027802381223],[-1.450064440896162,47.27797837485992],[-1.449300162271382,47.276777695895774],[-1.448010088366514,47.275794426503694],[-1.444810021865948,47.273827531990214],[-1.444588015571972,47.27351805110056],[-1.444584810240475,47.27255137676437],[-1.444593228484507,47.27162043355245],[-1.444552489544463,47.27091602971958],[-1.443871721713937,47.26975694901032],[-1.442917883066506,47.26887301115787],[-1.44215981804835,47.26818488293687],[-1.441501303484413,47.26740372499485],[-1.441060154547332,47.26693117104107]],"type":"LineString"},"properties":{"id":"2075","nom":"Carquefou","long":2004,"vref":13}},{"type":"Feature","geometry":{"coordinates":[[-1.512898949668758,47.27616325429984],[-1.509856820286022,47.27514105814413]],"type":"LineString"},"properties":{"id":"7013","nom":"Niepce","long":256,"vref":30}},{"type":"Feature","geometry":{"coordinates":[[-1.513042514679608,47.27592527196782],[-1.510000396087487,47.274903079515965]],"type":"LineString"},"properties":{"id":"2013","nom":"Niepce","long":256,"vref":30}},{"type":"Feature","geometry":{"coordinates":[[-1.514340014646856,47.28044470020162],[-1.515605549562014,47.27715633554136]],"type":"LineString"},"properties":{"id":"2154","nom":"Borel","long":377,"vref":22}},{"type":"Feature","geometry":{"coordinates":[[-1.507369449676377,47.23813596801497],[-1.507168547949893,47.23890312669021],[-1.507253854645574,47.23920467330048],[-1.508398107923429,47.24085356661217],[-1.508511691075833,47.241253225433915]],"type":"LineString"},"properties":{"id":"5753","nom":"Basse Chesnaie","long":368,"vref":30}},{"type":"Feature","geometry":{"coordinates":[[-1.507984036181033,47.23614776898587],[-1.507404085059791,47.23806980777303]],"type":"LineString"},"properties":{"id":"5754","nom":"Landreau P3","long":218,"vref":30}},{"type":"Feature","geometry":{"coordinates":[[-1.497351924053156,47.25009508705007],[-1.496787128052132,47.24967843374439],[-1.496642729131377,47.249524333001865],[-1.49653085353193,47.24940113754868],[-1.496281735467553,47.249139080322756],[-1.495536336529248,47.247935984650105],[-1.495925239153089,47.24674471870302]],"type":"LineString"},"properties":{"id":"554","nom":"Bois Briand","long":414,"vref":30}},{"type":"Feature","geometry":{"coordinates":[[-1.497061394044218,47.25048136079586],[-1.496730154535628,47.25023647983947],[-1.496165361883033,47.24981982350989],[-1.496020964371088,47.24966572199638],[-1.495909089907319,47.24954252594604],[-1.495659974229275,47.24928046738979],[-1.494914587298492,47.2480773677551],[-1.495174128594042,47.24692032591426]],"type":"LineString"},"properties":{"id":"5554","nom":"Bois Briand","long":446,"vref":18}},{"type":"Feature","geometry":{"coordinates":[[-1.629987895146815,47.27313724338064],[-1.629973315946689,47.273444437681725],[-1.629808127364836,47.27375674730655],[-1.62941904100711,47.274284512955475],[-1.629052985377911,47.2745723803864],[-1.628836316559909,47.27474876934001],[-1.628764452905694,47.27482197997131]],"type":"LineString"},"properties":{"id":"100125","nom":"Rue Bocage I1","long":133,"vref":30}},{"type":"Feature","geometry":{"coordinates":[[-1.628924681870089,47.23543825040845],[-1.627997786158064,47.2353607673421],[-1.627593116677877,47.23522814033691],[-1.626712138989567,47.2346537179407],[-1.626517104168663,47.23458756176675]],"type":"LineString"},"properties":{"id":"100123","nom":"Botardière I","long":133,"vref":30}},{"type":"Feature","geometry":{"coordinates":[[-1.523657829284055,47.20476554589929],[-1.522550845919104,47.20514107577907],[-1.52197928024195,47.20540373518008],[-1.521537859338061,47.20564449234223],[-1.520822750088623,47.20605847488409],[-1.519995003347942,47.2065484521951],[-1.519410698843052,47.20688684928992],[-1.518968215802959,47.20711318535695],[-1.518224383117431,47.20740222573791]],"type":"LineString"},"properties":{"id":"5545","nom":"Pas Enchantes P2","long":507,"vref":20}},{"type":"Feature","geometry":{"coordinates":[[-1.513437375136631,47.20827630919809],[-1.513131930655219,47.20834532954471],[-1.512607689951573,47.20857230756046],[-1.511941952939359,47.20887417438047],[-1.51138015934744,47.20910549617878],[-1.510869441916467,47.20926803981117],[-1.509823777436168,47.20942470640186]],"type":"LineString"},"properties":{"id":"6133","nom":"Pas Enchantes P4","long":305,"vref":20}},{"type":"Feature","geometry":{"coordinates":[[-1.524697923416813,47.227111545387636],[-1.52306369349265,47.22593837950454]],"type":"LineString"},"properties":{"id":"5093","nom":"Doulon I2","long":179,"vref":18}},{"type":"Feature","geometry":{"coordinates":[[-1.522790098288925,47.22584126016074],[-1.521486176814955,47.2248994978915]],"type":"LineString"},"properties":{"id":"5105","nom":"Doulon I3","long":143,"vref":17}},{"type":"Feature","geometry":{"coordinates":[[-1.518786477563917,47.22300043228207],[-1.51806042996834,47.22236227139156],[-1.517666103829882,47.2219554975177]],"type":"LineString"},"properties":{"id":"5034","nom":"Doulon I6","long":143,"vref":21}},{"type":"Feature","geometry":{"coordinates":[[-1.51766348041421,47.2219401075746],[-1.516995147929994,47.22065201227486]],"type":"LineString"},"properties":{"id":"5123","nom":"Doulon I7","long":151,"vref":19}},{"type":"Feature","geometry":{"coordinates":[[-1.515604536573154,47.21793522037199],[-1.515489547939052,47.21816813326555],[-1.515533123258685,47.21839471444065],[-1.51565796628808,47.21874033691037],[-1.516045097301429,47.21957350902525]],"type":"LineString"},"properties":{"id":"5126","nom":"Seattle I1","long":189,"vref":17}},{"type":"Feature","geometry":{"coordinates":[[-1.550632069972521,47.205539573414114],[-1.54799726080054,47.20578734180086]],"type":"LineString"},"properties":{"id":"5141","nom":"Babin Chevaye I2","long":201,"vref":30}},{"type":"Feature","geometry":{"coordinates":[[-1.541723961924523,47.20670446416205],[-1.539737228098104,47.20691165170564]],"type":"LineString"},"properties":{"id":"213","nom":"Gache P1","long":152,"vref":19}},{"type":"Feature","geometry":{"coordinates":[[-1.550540297378868,47.21326002433856],[-1.550717254988859,47.213173569418394],[-1.548265356109773,47.21444393190091],[-1.546733371669168,47.2152240633033]],"type":"LineString"},"properties":{"id":"5147","nom":"Baco I","long":394,"vref":22}},{"type":"Feature","geometry":{"coordinates":[[-1.550717254988859,47.213173569418394],[-1.551562786625067,47.21270134018211],[-1.552458325550807,47.212417280629886]],"type":"LineString"},"properties":{"id":"5317","nom":"Maison Rouge I","long":157,"vref":19}},{"type":"Feature","geometry":{"coordinates":[[-1.570934930933245,47.23462358648834],[-1.574205825033132,47.2333807037629]],"type":"LineString"},"properties":{"id":"5144","nom":"Americains I2","long":283,"vref":25}},{"type":"Feature","geometry":{"coordinates":[[-1.571028712504234,47.235036253465445],[-1.574466877703063,47.233677283364976]],"type":"LineString"},"properties":{"id":"144","nom":"Americains P2","long":300,"vref":30}},{"type":"Feature","geometry":{"coordinates":[[-1.518958144240218,47.26425894886281],[-1.516096881472689,47.26313079877029],[-1.516171614385709,47.26315822572462]],"type":"LineString"},"properties":{"id":"315","nom":"Grange aux loups I1","long":256,"vref":30}},{"type":"Feature","geometry":{"coordinates":[[-1.614461782478019,47.20955464031033],[-1.612187271039186,47.208649697853104],[-1.612187271039186,47.208649697853104],[-1.612174398585166,47.208638487260345]],"type":"LineString"},"properties":{"id":"100127","nom":"Rue d'Aquitaine vers Est","long":125,"vref":30}},{"type":"Feature","geometry":{"coordinates":[[-1.554616406199162,47.206568005941975],[-1.551904501123067,47.2068597408566],[-1.548881724919072,47.206936946677814]],"type":"LineString"},"properties":{"id":"375","nom":"Hoche P","long":437,"vref":18}},{"type":"Feature","geometry":{"coordinates":[[-1.546655856680087,47.207771438352005],[-1.543097328776463,47.20889737816741]],"type":"LineString"},"properties":{"id":"403","nom":"Doumergue I2","long":297,"vref":24}},{"type":"Feature","geometry":{"coordinates":[[-1.709029704604315,47.21283024519545],[-1.708802304695882,47.21280726956381],[-1.707821423806556,47.21289433192087],[-1.705816816603683,47.213203058680186],[-1.705517879961366,47.21331571043346],[-1.705080017361943,47.21331352554447],[-1.703444671599843,47.213558691268794],[-1.702990143002061,47.21367679116142],[-1.702586364087913,47.21368475352547],[-1.702234418702017,47.213737336353134],[-1.701871277307775,47.21378205471023],[-1.701620838710376,47.21379495924401],[-1.7011666755913,47.213837705240444],[-1.700558591790656,47.21388790603694],[-1.699855998889305,47.21393006250882],[-1.699333308063513,47.213927731121935],[-1.698979057348893,47.213889571511416],[-1.698765485049523,47.213869187736236],[-1.698420764148228,47.21383688450984],[-1.698138752118762,47.21381270427194],[-1.697674765096923,47.213705113360824],[-1.697485548164197,47.213626084490194],[-1.697142137995648,47.213530781730995],[-1.69689924687423,47.21350316515966],[-1.696822519966814,47.213509978684186],[-1.696430825681971,47.213517496520495],[-1.696124109242664,47.213527198955084],[-1.695897063261218,47.21352895274725],[-1.695762351766484,47.21350993163889],[-1.695312007753699,47.21342249334627],[-1.6945336435044,47.21330318637891],[-1.694107865716326,47.21330053709914],[-1.693887870773513,47.213315455854996],[-1.693490138045155,47.21336342151597],[-1.6928036994129,47.21343902488294],[-1.692323892770724,47.21350327186622],[-1.692001916820727,47.213551679442],[-1.691613517047061,47.21366329386078],[-1.690312822846065,47.214009055708445],[-1.689330726330214,47.214241507846715],[-1.688076986012406,47.214587666913864],[-1.687421932736165,47.2147385061982],[-1.686067125272912,47.21492925023577],[-1.685726933812845,47.21493699734478],[-1.68519671420446,47.21499574984716],[-1.683916625991488,47.215374772256176]],"type":"LineString"},"properties":{"id":"2035","nom":"Liberation","long":1966,"vref":27}},{"type":"Feature","geometry":{"coordinates":[[-1.716886050554547,47.215675882924565],[-1.720805250351535,47.216746405786715]],"type":"LineString"},"properties":{"id":"573","nom":"Europe P4","long":319,"vref":30}},{"type":"Feature","geometry":{"coordinates":[[-1.543091999595889,47.21767871885144],[-1.543892043234157,47.21747533498973],[-1.545148468929092,47.21700789522602],[-1.545747067167546,47.21649140481216]],"type":"LineString"},"properties":{"id":"7133","nom":"Stalingrad I1","long":246,"vref":17}},{"type":"Feature","geometry":{"coordinates":[[-1.543646392267741,47.21164532062686],[-1.544708301986661,47.21123292771136]],"type":"LineString"},"properties":{"id":"5587","nom":"Rieux I","long":92,"vref":14}},{"type":"Feature","geometry":{"coordinates":[[-1.604211410584306,47.21826033211532],[-1.603552332195122,47.220470705409575]],"type":"LineString"},"properties":{"id":"100058","nom":"CHA_100058","long":252,"vref":22}},{"type":"Feature","geometry":{"coordinates":[[-1.504187255891515,47.207285914971955],[-1.503782634015854,47.2074077444679],[-1.503269767545285,47.20754040257001],[-1.503061761636329,47.20759583047389],[-1.502563292092623,47.20769705038645],[-1.501903701016704,47.207768552967124],[-1.501536379189802,47.2077983299159],[-1.499939929702938,47.2078122850119]],"type":"LineString"},"properties":{"id":"590","nom":"De Gaulle I1","long":330,"vref":13}},{"type":"Feature","geometry":{"coordinates":[[-1.541605339818686,47.19804800338132],[-1.540120350061011,47.197151761769454]],"type":"LineString"},"properties":{"id":"1140","nom":"St Jacques I3","long":150,"vref":30}},{"type":"Feature","geometry":{"coordinates":[[-1.509112071682215,47.20580086696852],[-1.50979374288655,47.20550378522737],[-1.509879657255168,47.205455350414134],[-1.510305492768894,47.20515290400395],[-1.510737620297206,47.20490972575587],[-1.510737620297206,47.20490972575587]],"type":"LineString"},"properties":{"id":"100036","nom":"Daniel I2","long":169,"vref":10}},{"type":"Feature","geometry":{"coordinates":[[-1.513382108947509,47.2053756346781],[-1.514653662817157,47.205296285458715],[-1.515678954525741,47.20519947793254],[-1.516841638106192,47.20513156595275]],"type":"LineString"},"properties":{"id":"100042","nom":"Baugerie I4","long":264,"vref":20}},{"type":"Feature","geometry":{"coordinates":[[-1.614238374303639,47.22387796382781],[-1.615581468157977,47.224287956592974],[-1.616834847127427,47.224577964377275],[-1.616834847127427,47.224577964377275]],"type":"LineString"},"properties":{"id":"100046","nom":"Gautier P2","long":215,"vref":19}},{"type":"Feature","geometry":{"coordinates":[[-1.617175523096108,47.2241982446652],[-1.615904306107933,47.22390083571649],[-1.614532512144719,47.22348026734254]],"type":"LineString"},"properties":{"id":"100047","nom":"Gautier I5","long":216,"vref":22}},{"type":"Feature","geometry":{"coordinates":[[-1.60945269486114,47.222655469317196],[-1.612288128512956,47.22336499099012]],"type":"LineString"},"properties":{"id":"100051","nom":"Gautier P4","long":230,"vref":38}},{"type":"Feature","geometry":{"coordinates":[[-1.609453965031653,47.22264991117738],[-1.607678160493633,47.22229277529139]],"type":"LineString"},"properties":{"id":"5603","nom":"Gautier P5","long":140,"vref":22}},{"type":"Feature","geometry":{"coordinates":[[-1.545013689388256,47.21999173628832],[-1.54314697758912,47.217779040137046]],"type":"LineString"},"properties":{"id":"100053","nom":"Baudry I2","long":286,"vref":15}},{"type":"Feature","geometry":{"coordinates":[[-1.538022188524637,47.15947241043065],[-1.539091169994598,47.15935560807286],[-1.540137234960037,47.15939029260292],[-1.540806560577332,47.1594100029801],[-1.541556065650979,47.159580765098134],[-1.541738439119492,47.160864050410126]],"type":"LineString"},"properties":{"id":"100061","nom":"Bretelle sortie periph","long":259,"vref":16}},{"type":"Feature","geometry":{"coordinates":[[-1.591324379480664,47.21361066136932],[-1.590367235080664,47.213548347868105],[-1.58984357122574,47.21353213919771],[-1.589079639678988,47.213626270875906],[-1.588434893631892,47.21381746350084],[-1.587596026866919,47.21392239254993],[-1.586086955609776,47.214016078507626]],"type":"LineString"},"properties":{"id":"840","nom":"Renardieres P2","long":403,"vref":30}},{"type":"Feature","geometry":{"coordinates":[[-1.579737435741014,47.236242124195925],[-1.582944616417376,47.23549542712768]],"type":"LineString"},"properties":{"id":"599","nom":"Longchamp P4","long":256,"vref":15}},{"type":"Feature","geometry":{"coordinates":[[-1.577545329724328,47.24711207013079],[-1.578125109926301,47.24706246408517],[-1.579192157856564,47.24656911221979],[-1.580205074822613,47.24606107843566],[-1.580880961877533,47.24562743041053],[-1.581750022453291,47.24512117348934],[-1.58265159435478,47.24437647197896]],"type":"LineString"},"properties":{"id":"15","nom":"Patouillerie I1","long":501,"vref":60}},{"type":"Feature","geometry":{"coordinates":[[-1.510623576385723,47.18726155348677],[-1.511043700475226,47.18659320808928],[-1.51142522272768,47.1861743475504],[-1.51197266587716,47.18569941869188]],"type":"LineString"},"properties":{"id":"100067","nom":"Maraichers I1","long":205,"vref":16}},{"type":"Feature","geometry":{"coordinates":[[-1.576706421641674,47.224096627925555],[-1.57828811934468,47.22205241192855]],"type":"LineString"},"properties":{"id":"5275","nom":"Thomas","long":256,"vref":16}},{"type":"Feature","geometry":{"coordinates":[[-1.570098164682535,47.250551873375265],[-1.569372865555614,47.250245930248575],[-1.569051714325454,47.25003586155949]],"type":"LineString"},"properties":{"id":"100073","nom":"Chauvinière I3","long":61,"vref":20}},{"type":"Feature","geometry":{"coordinates":[[-1.546139231738687,47.26773150892555],[-1.546120654991198,47.26823180484131],[-1.546144734301418,47.26845359131735],[-1.546226935364836,47.26901756428888],[-1.546378464134272,47.26986827743653],[-1.546402766455319,47.27018654175686],[-1.546441613562124,47.2705826872199],[-1.546534037598374,47.271032638817736],[-1.546589225405472,47.27127755168618],[-1.54692084441444,47.27237729367968],[-1.547208679781523,47.273335375367694],[-1.547446068999135,47.27422960849807],[-1.547804211342761,47.2753292090691]],"type":"LineString"},"properties":{"id":"816","nom":"Becquerel P1","long":855,"vref":30}},{"type":"Feature","geometry":{"coordinates":[[-1.548582914151922,47.26315933323547],[-1.547460852087842,47.26423768157819],[-1.54724059965951,47.26451504631175],[-1.547061757743899,47.26478086623754],[-1.546724148208301,47.26537754480349],[-1.546600069978378,47.265633099105195],[-1.546475910966681,47.26593464545125],[-1.546365639007339,47.26624376242726],[-1.546273367575499,47.26656209218036],[-1.546184436076286,47.2670137491621],[-1.546162534063379,47.267193154162214],[-1.546139197424184,47.26752771571617],[-1.546134205132562,47.26771908169023]],"type":"LineString"},"properties":{"id":"815","nom":"Becquerel P2","long":550,"vref":30}},{"type":"Feature","geometry":{"coordinates":[[-1.607677748905976,47.222286945531884],[-1.606668796529647,47.222052046729026],[-1.605209119600957,47.221762925150955],[-1.603846335016861,47.22153846960115]],"type":"LineString"},"properties":{"id":"5604","nom":"Gautier P6","long":302,"vref":19}},{"type":"Feature","geometry":{"coordinates":[[-1.607904125768392,47.22185499009692],[-1.606888199258402,47.221615862014986],[-1.605417363237197,47.221319973072355],[-1.604044815668387,47.22108959599726]],"type":"LineString"},"properties":{"id":"604","nom":"Gautier I1","long":304,"vref":21}},{"type":"Feature","geometry":{"coordinates":[[-1.586106594761316,47.23723185862181],[-1.587078797106505,47.23602758568494],[-1.587538772160979,47.2355032102138],[-1.587959215805651,47.235100908965634],[-1.588527151882067,47.23458214047924],[-1.589070065929358,47.23411478328904],[-1.590043736607161,47.233324217205706]],"type":"LineString"},"properties":{"id":"5017","nom":"Massacre P5","long":528,"vref":19}},{"type":"Feature","geometry":{"coordinates":[[-1.538502581302129,47.21857711088596],[-1.543107594961271,47.21767327601284]],"type":"LineString"},"properties":{"id":"5118","nom":"Stalingrad I2","long":362,"vref":17}},{"type":"Feature","geometry":{"coordinates":[[-1.561988944528172,47.20019106581664],[-1.561989102780108,47.201642925328024]],"type":"LineString"},"properties":{"id":"100081","nom":"VEIL P3","long":140,"vref":30}},{"type":"Feature","geometry":{"coordinates":[[-1.558994546989463,47.20242012790872],[-1.556821147410908,47.20264549808263],[-1.555704782376319,47.202775116406805]],"type":"LineString"},"properties":{"id":"100078","nom":"HALIMI2","long":136,"vref":30}},{"type":"Feature","geometry":{"coordinates":[[-1.555488388574447,47.202657385744274],[-1.555162127294314,47.201914540093],[-1.554636691135736,47.2018035607246]],"type":"LineString"},"properties":{"id":"100085","nom":"HALIMI P1","long":170,"vref":30}},{"type":"Feature","geometry":{"coordinates":[[-1.453835196195046,47.28261934850643],[-1.450855378066186,47.28411112768383],[-1.449363392765599,47.28486066547846],[-1.447828077417396,47.285619857644306],[-1.446852689470062,47.28610685451489],[-1.445646908933252,47.28670250786201],[-1.444475241724916,47.28728774396783]],"type":"LineString"},"properties":{"id":"10074","nom":"VM 723","long":877,"vref":20}},{"type":"Feature","geometry":{"coordinates":[[-1.572710734943141,47.25197418631305],[-1.569867099549803,47.250742532120825]],"type":"LineString"},"properties":{"id":"5810","nom":"Chauviniere P2","long":255,"vref":24}},{"type":"Feature","geometry":{"coordinates":[[-1.572943060720032,47.25181462540445],[-1.570497181358806,47.25071705877587]],"type":"LineString"},"properties":{"id":"810","nom":"Chauviniere I2","long":221,"vref":30}},{"type":"Feature","geometry":{"coordinates":[[-1.563074348836539,47.21034378952278],[-1.562075637066052,47.210723126015495],[-1.561693621888427,47.210884269462966],[-1.561881408611903,47.210804726623635]],"type":"LineString"},"properties":{"id":"100086","nom":"CA FOSSE VERS OUEST","long":100,"vref":30}},{"type":"Feature","geometry":{"coordinates":[[-1.562108483309524,47.20390709639892],[-1.564619490231393,47.20363675116385]],"type":"LineString"},"properties":{"id":"100087","nom":"Estuaire vers Ouest","long":120,"vref":30}},{"type":"Feature","geometry":{"coordinates":[[-1.511425878729347,47.28276275245676],[-1.512840833872137,47.281388457788964],[-1.513856679141634,47.280405703191576]],"type":"LineString"},"properties":{"id":"7155","nom":"Bld Européens P1","long":300,"vref":25}},{"type":"Feature","geometry":{"coordinates":[[-1.51140524079703,47.282816757036564],[-1.510049173279932,47.28448269874134]],"type":"LineString"},"properties":{"id":"100093","nom":"Européens P2","long":230,"vref":21}},{"type":"Feature","geometry":{"coordinates":[[-1.499333655440616,47.299036970436795],[-1.499916566524186,47.29792689416299],[-1.500283830872055,47.29633195119657],[-1.500839341146098,47.293204911868976],[-1.501271594723453,47.29145324525202]],"type":"LineString"},"properties":{"id":"2141","nom":"Bld Européens I1","long":850,"vref":23}},{"type":"Feature","geometry":{"coordinates":[[-1.652710895183875,47.21928642319347],[-1.654344837075818,47.21968969584825]],"type":"LineString"},"properties":{"id":"100115","nom":"De Gaulle P2","long":82,"vref":21}},{"type":"Feature","geometry":{"coordinates":[[-1.496950061092186,47.29278330188459],[-1.496365289172801,47.29298225842528],[-1.495822538428911,47.293027109010104],[-1.494885565804657,47.29317893922766],[-1.494162619871381,47.29331230825469],[-1.493622852934617,47.29337768541377],[-1.49214994099107,47.29339457032764],[-1.491110887658953,47.29339188958381],[-1.490305495876145,47.293433042325404],[-1.48958943655575,47.29355686765844],[-1.488863069950096,47.293769765118526],[-1.488620942368601,47.29388303396613],[-1.488246843677357,47.29405948848793]],"type":"LineString"},"properties":{"id":"1184","nom":"Curie (C)","long":685,"vref":30}},{"type":"Feature","geometry":{"coordinates":[[-1.496876909431553,47.29256698825032],[-1.49629213960548,47.29276594443475],[-1.495749390995746,47.29281079467909],[-1.494812421954014,47.29296262431405],[-1.494089478762758,47.29309599289273],[-1.493549713920038,47.29316136971468],[-1.492076807911645,47.293178253697285],[-1.491037758786412,47.29317557229545],[-1.490232370205332,47.29321672453014],[-1.489516313612251,47.29334054941867],[-1.488737433004526,47.29360368177453],[-1.488377655982554,47.29376831231398],[-1.488138774480936,47.29388456794812]],"type":"LineString"},"properties":{"id":"6184","nom":"Curie (C)","long":689,"vref":30}},{"type":"Feature","geometry":{"coordinates":[[-1.581033846171769,47.21286509290865],[-1.578872947992459,47.21224613932786]],"type":"LineString"},"properties":{"id":"5444","nom":"Pasteur P1","long":177,"vref":15}},{"type":"Feature","geometry":{"coordinates":[[-1.552294562802103,47.23466572372189],[-1.551469053128831,47.23498042534495],[-1.550852360569891,47.23512504539898],[-1.549423097575776,47.23532491490087]],"type":"LineString"},"properties":{"id":"39","nom":"Orieux P2","long":231,"vref":22}},{"type":"Feature","geometry":{"coordinates":[[-1.557808838353852,47.22340659815982],[-1.555840782063607,47.22113073465062]],"type":"LineString"},"properties":{"id":"83","nom":"Bellamy I6","long":293,"vref":30}},{"type":"Feature","geometry":{"coordinates":[[-1.579414837198198,47.21205643223518],[-1.576989203916118,47.2113576990128]],"type":"LineString"},"properties":{"id":"201","nom":"Allard I1","long":199,"vref":17}},{"type":"Feature","geometry":{"coordinates":[[-1.570379051614417,47.220730659722385],[-1.572798275563099,47.22077761021158]],"type":"LineString"},"properties":{"id":"240","nom":"Boffrand P2","long":183,"vref":20}},{"type":"Feature","geometry":{"coordinates":[[-1.568904232416982,47.208329978106015],[-1.571264743758122,47.20747706542118],[-1.572042006210467,47.20708954221512]],"type":"LineString"},"properties":{"id":"28","nom":"Fosse I1","long":275,"vref":30}},{"type":"Feature","geometry":{"coordinates":[[-1.570441885471404,47.209479994145916],[-1.570294238192034,47.20882665904444],[-1.569255751932332,47.20845736725298]],"type":"LineString"},"properties":{"id":"436","nom":"Brissoneau","long":162,"vref":30}},{"type":"Feature","geometry":{"coordinates":[[-1.572042006210467,47.20708954221512],[-1.573061195446304,47.20632438972302],[-1.573592551453876,47.20586677537181],[-1.573941934437593,47.20552987385101]],"type":"LineString"},"properties":{"id":"757","nom":"Renaud I","long":225,"vref":20}},{"type":"Feature","geometry":{"coordinates":[[-1.551338827624617,47.21101559839857],[-1.552458325550807,47.212417280629886]],"type":"LineString"},"properties":{"id":"771","nom":"Madeleine I3","long":177,"vref":17}},{"type":"Feature","geometry":{"coordinates":[[-1.547810509950369,47.215396198913176],[-1.547340425118538,47.215533802923645],[-1.547121169838897,47.21560104028475],[-1.546823173185627,47.215710141512346],[-1.546410142894218,47.215903603388895],[-1.54621202689949,47.2160743450275],[-1.546104513832639,47.21619972735781],[-1.545996601060442,47.21644481934412]],"type":"LineString"},"properties":{"id":"5228","nom":"Patton P","long":189,"vref":18}},{"type":"Feature","geometry":{"coordinates":[[-1.564025228891292,47.20664611624864],[-1.56223149317632,47.20472149067896]],"type":"LineString"},"properties":{"id":"139","nom":"Bureau I","long":253,"vref":30}},{"type":"Feature","geometry":{"coordinates":[[-1.558001629266228,47.205125609279],[-1.555102370806522,47.20542169145869]],"type":"LineString"},"properties":{"id":"142","nom":"Prairie Duc P1","long":222,"vref":15}},{"type":"Feature","geometry":{"coordinates":[[-1.550605973564002,47.20580564469376],[-1.548185413608059,47.206043093095204]],"type":"LineString"},"properties":{"id":"141","nom":"Babin Chevaye P1","long":185,"vref":20}},{"type":"Feature","geometry":{"coordinates":[[-1.541289456847836,47.20942154087257],[-1.539285734488144,47.207012484397616]],"type":"LineString"},"properties":{"id":"797","nom":"Briand I1","long":307,"vref":16}},{"type":"Feature","geometry":{"coordinates":[[-1.568342133482828,47.231668443173625],[-1.565885818640858,47.23307138775083]],"type":"LineString"},"properties":{"id":"5042","nom":"Le Lasseur I2","long":242,"vref":19}},{"type":"Feature","geometry":{"coordinates":[[-1.552206139936803,47.23447058873641],[-1.551386303705646,47.234779939181344],[-1.550771049694764,47.23492347850323],[-1.549350635131445,47.23511995334472]],"type":"LineString"},"properties":{"id":"5039","nom":"Orieux I3","long":229,"vref":18}},{"type":"Feature","geometry":{"coordinates":[[-1.538194790545089,47.23119570449867],[-1.536971757178119,47.23242240763085]],"type":"LineString"},"properties":{"id":"5789","nom":"Buat I7","long":164,"vref":20}},{"type":"Feature","geometry":{"coordinates":[[-1.526019897188116,47.22846953614184],[-1.524496425837181,47.227362842809995]],"type":"LineString"},"properties":{"id":"35","nom":"Doulon P7","long":168,"vref":30}},{"type":"Feature","geometry":{"coordinates":[[-1.526264669410124,47.228230199909156],[-1.527028210837451,47.227707259302065],[-1.528113459242525,47.22689905539402],[-1.528531752798774,47.22646197159428]],"type":"LineString"},"properties":{"id":"5117","nom":"Dalby I4","long":261,"vref":23}},{"type":"Feature","geometry":{"coordinates":[[-1.568160939861017,47.23568134656465],[-1.570934930933245,47.23462358648834]],"type":"LineString"},"properties":{"id":"5156","nom":"Americains I3","long":240,"vref":21}},{"type":"Feature","geometry":{"coordinates":[[-1.570214633501622,47.23853403666762],[-1.569827333014645,47.23858327566597],[-1.569114141609849,47.238547589651894],[-1.568393286745139,47.23859367674099],[-1.567583860985062,47.23865101358149],[-1.56721485253825,47.238681050586024],[-1.567021405582238,47.23866696309068],[-1.565788014162738,47.23810507256947],[-1.564982235857544,47.23779698578223]],"type":"LineString"},"properties":{"id":"493","nom":"Jost P2","long":425,"vref":17}},{"type":"Feature","geometry":{"coordinates":[[-1.577491645453819,47.24687552912776],[-1.577929036553042,47.246805992114275],[-1.578704853945347,47.246432941743734],[-1.579717772959928,47.24592491221448],[-1.580393662243574,47.24549126702446],[-1.581262725217704,47.24498501375094],[-1.582190304665152,47.24420228460389]],"type":"LineString"},"properties":{"id":"5015","nom":"Patouillerie P2","long":469,"vref":23}},{"type":"Feature","geometry":{"coordinates":[[-1.576032351628154,47.25327417242312],[-1.572710734943141,47.25197418631305]],"type":"LineString"},"properties":{"id":"5088","nom":"Chauviniere P3","long":289,"vref":30}},{"type":"Feature","geometry":{"coordinates":[[-1.572790894883542,47.26790970700135],[-1.574331009838829,47.264552432014256]],"type":"LineString"},"properties":{"id":"153","nom":"La Chapelle P3","long":390,"vref":15}},{"type":"Feature","geometry":{"coordinates":[[-1.556478150913607,47.24100257045285],[-1.556451375315341,47.2380956810973]],"type":"LineString"},"properties":{"id":"5822","nom":"Michelet P4","long":323,"vref":30}},{"type":"Feature","geometry":{"coordinates":[[-1.516351752726911,47.25320844111658],[-1.514441123439507,47.254118359873125],[-1.512841092293085,47.25509113808929]],"type":"LineString"},"properties":{"id":"107","nom":"Paris I5a","long":338,"vref":26}},{"type":"Feature","geometry":{"coordinates":[[-1.589222287969335,47.201577124765755],[-1.589649696045183,47.19978769526437],[-1.588857355863124,47.19843917530253]],"type":"LineString"},"properties":{"id":"5048","nom":"Liberte I3","long":363,"vref":30}},{"type":"Feature","geometry":{"coordinates":[[-1.583009326105455,47.19927290650376],[-1.584619880032175,47.19887551083065],[-1.5859393756426,47.19872121084291]],"type":"LineString"},"properties":{"id":"5758","nom":"Cardiff P1","long":231,"vref":20}},{"type":"Feature","geometry":{"coordinates":[[-1.541842539326882,47.1978532501301],[-1.542133208730438,47.19756073236818],[-1.544444624852615,47.19477938823427],[-1.545522955014453,47.194368484804734]],"type":"LineString"},"properties":{"id":"231","nom":"Dos d'Ane I1a","long":488,"vref":20}},{"type":"Feature","geometry":{"coordinates":[[-1.561434813904517,47.26042400576469],[-1.560710616486414,47.26022043713967],[-1.559499653007476,47.25974335517106],[-1.558785708660853,47.2596178499511],[-1.558549714947087,47.25958248190042],[-1.557610768594632,47.2596348246051]],"type":"LineString"},"properties":{"id":"5050","nom":"Einstein I4","long":310,"vref":23}},{"type":"Feature","geometry":{"coordinates":[[-1.556848562246576,47.230877779473005],[-1.556869176262456,47.23276333606085]],"type":"LineString"},"properties":{"id":"94","nom":"Michelet I4","long":209,"vref":30}},{"type":"Feature","geometry":{"coordinates":[[-1.556601594297231,47.24365545069097],[-1.556592861914179,47.24372281663106],[-1.556566276199773,47.24406526090775],[-1.556435754270802,47.24456186628161],[-1.556391217985317,47.244720213040694]],"type":"LineString"},"properties":{"id":"92","nom":"Mollet I4","long":119,"vref":21}},{"type":"Feature","geometry":{"coordinates":[[-1.516784639897856,47.23728408739455],[-1.51561153042815,47.23790834233108]],"type":"LineString"},"properties":{"id":"5179","nom":"Ste Luce P5","long":112,"vref":16}},{"type":"Feature","geometry":{"coordinates":[[-1.517420670775595,47.23717512135754],[-1.519135635913903,47.23578773698182]],"type":"LineString"},"properties":{"id":"115","nom":"Ste Luce I9","long":201,"vref":23}},{"type":"Feature","geometry":{"coordinates":[[-1.567110549735538,47.258858637905206],[-1.566757262198775,47.258566194630944],[-1.566564604462124,47.257775083098196],[-1.566264597109466,47.25648921314371]],"type":"LineString"},"properties":{"id":"164","nom":"Renards I2","long":275,"vref":30}},{"type":"Feature","geometry":{"coordinates":[[-1.574357204313849,47.261471416876155],[-1.571185826876178,47.26138285115635],[-1.569029512049145,47.259565508481614],[-1.568311450991869,47.25909349403928],[-1.567110549735538,47.258858637905206]],"type":"LineString"},"properties":{"id":"194","nom":"Renards I1","long":670,"vref":30}},{"type":"Feature","geometry":{"coordinates":[[-1.559303668370133,47.23307526178145],[-1.558495832561197,47.23286213441018],[-1.557728357824432,47.23276630287531],[-1.556869176262456,47.23276333606085]],"type":"LineString"},"properties":{"id":"5040","nom":"Orrion I2","long":189,"vref":19}},{"type":"Feature","geometry":{"coordinates":[[-1.546801364770281,47.23552263413728],[-1.541559098172676,47.23476526854669]],"type":"LineString"},"properties":{"id":"38","nom":"Belges P3","long":405,"vref":19}},{"type":"Feature","geometry":{"coordinates":[[-1.537258221130755,47.232633598501124],[-1.536482055976296,47.23342118555831],[-1.53621393796379,47.23375625856947]],"type":"LineString"},"properties":{"id":"111","nom":"Buat P1","long":147,"vref":19}},{"type":"Feature","geometry":{"coordinates":[[-1.577491645453819,47.24687552912776],[-1.577421461777981,47.246744799461155],[-1.577258949133344,47.24649131480843],[-1.576549968280067,47.24545873663169],[-1.575443090992135,47.24391649438316]],"type":"LineString"},"properties":{"id":"80","nom":"Schuman I1","long":363,"vref":17}},{"type":"Feature","geometry":{"coordinates":[[-1.526289789334707,47.22826340910952],[-1.524703967758592,47.22711134291443]],"type":"LineString"},"properties":{"id":"5035","nom":"Doulon I1","long":175,"vref":20}},{"type":"Feature","geometry":{"coordinates":[[-1.524587959983712,47.22957515248714],[-1.523184724954811,47.23070145644469],[-1.521628512672432,47.23277390267708]],"type":"LineString"},"properties":{"id":"5116","nom":"Ste Luce P2","long":422,"vref":30}},{"type":"Feature","geometry":{"coordinates":[[-1.568609454433163,47.250143305887086],[-1.567832056036803,47.24794388898725],[-1.567484040401523,47.24749442667073],[-1.567345857608762,47.24736599390677]],"type":"LineString"},"properties":{"id":"5808","nom":"Tribunes P4","long":325,"vref":19}},{"type":"Feature","geometry":{"coordinates":[[-1.56103059975859,47.209957623116935],[-1.559408092443712,47.21069662570056],[-1.558882089495802,47.21127162107698]],"type":"LineString"},"properties":{"id":"232","nom":"Nations Unies I","long":223,"vref":30}},{"type":"Feature","geometry":{"coordinates":[[-1.575075724953827,47.22895228950465],[-1.572556398645607,47.22938549672663]],"type":"LineString"},"properties":{"id":"5160","nom":"Anglais I6","long":196,"vref":20}},{"type":"Feature","geometry":{"coordinates":[[-1.560974731041821,47.21887800941439],[-1.559440771092772,47.21775869952634]],"type":"LineString"},"properties":{"id":"759","nom":"Herriot I","long":170,"vref":16}},{"type":"Feature","geometry":{"coordinates":[[-1.568148580429783,47.22627829204906],[-1.566965597138563,47.22542785218981]],"type":"LineString"},"properties":{"id":"5755","nom":"Hauts Paves P1","long":130,"vref":18}},{"type":"Feature","geometry":{"coordinates":[[-1.572536221176474,47.22939959540248],[-1.570278996914049,47.22738656994585]],"type":"LineString"},"properties":{"id":"396","nom":"Hauts Paves I1","long":281,"vref":17}},{"type":"Feature","geometry":{"coordinates":[[-1.575226341932617,47.231943756029764],[-1.574518242884341,47.23156225411281],[-1.574262225521392,47.23139655251327],[-1.574061288669949,47.23123826874854],[-1.573616886762889,47.2308994096554],[-1.573200154908126,47.230524526668006],[-1.572322886362819,47.229776242073235]],"type":"LineString"},"properties":{"id":"5072","nom":"Jean 23 P1","long":327,"vref":23}},{"type":"Feature","geometry":{"coordinates":[[-1.585977580835189,47.23767991707675],[-1.584474173242774,47.23984510147748],[-1.584056752017577,47.24063264685772]],"type":"LineString"},"properties":{"id":"100063","nom":"Grootaers","long":224,"vref":20}},{"type":"Feature","geometry":{"coordinates":[[-1.586312624703335,47.23787183979079],[-1.589346537118362,47.239366958326286]],"type":"LineString"},"properties":{"id":"5070","nom":"Vannes P4","long":283,"vref":17}},{"type":"Feature","geometry":{"coordinates":[[-1.586374380312701,47.23755707749195],[-1.589499109556209,47.23915435379982]],"type":"LineString"},"properties":{"id":"70","nom":"Vannes I7","long":295,"vref":17}},{"type":"Feature","geometry":{"coordinates":[[-1.558820048655398,47.20960827219921],[-1.56103059975859,47.209957623116935]],"type":"LineString"},"properties":{"id":"5021","nom":"Michel I","long":171,"vref":20}},{"type":"Feature","geometry":{"coordinates":[[-1.556024532315122,47.21054268715307],[-1.55573393019879,47.20929568210973]],"type":"LineString"},"properties":{"id":"5285","nom":"Veil P2","long":140,"vref":15}},{"type":"Feature","geometry":{"coordinates":[[-1.584684790850329,47.223998828191085],[-1.583319843228713,47.22637319271817]],"type":"LineString"},"properties":{"id":"44","nom":"Anglais P4","long":283,"vref":17}},{"type":"Feature","geometry":{"coordinates":[[-1.534171919392927,47.21939849032313],[-1.534560720356055,47.219329711469015],[-1.534996526760747,47.21924077883095],[-1.535331307373166,47.21917897125304],[-1.538486803011075,47.21858278469125]],"type":"LineString"},"properties":{"id":"5054","nom":"Stalingrad I3","long":339,"vref":14}},{"type":"Feature","geometry":{"coordinates":[[-1.554799605412925,47.20729651283719],[-1.554398007592672,47.20562605774799]],"type":"LineString"},"properties":{"id":"138","nom":"Blanc I","long":188,"vref":17}},{"type":"Feature","geometry":{"coordinates":[[-1.541592620883395,47.206459173565946],[-1.539605895647239,47.2066663588623]],"type":"LineString"},"properties":{"id":"5213","nom":"Gache I3","long":152,"vref":16}},{"type":"Feature","geometry":{"coordinates":[[-1.59651960934048,47.20945961732541],[-1.597625106190636,47.20859532512232],[-1.598271226106176,47.20815637430417],[-1.599242861912247,47.20740808111099],[-1.600388460985038,47.20659604806102],[-1.600778626239222,47.20632164426934]],"type":"LineString"},"properties":{"id":"220","nom":"Moulin P4","long":475,"vref":19}},{"type":"Feature","geometry":{"coordinates":[[-1.607104800939521,47.21389928050132],[-1.609125805827199,47.211178097161]],"type":"LineString"},"properties":{"id":"20","nom":"Tertre I3","long":339,"vref":18}},{"type":"Feature","geometry":{"coordinates":[[-1.607576919388833,47.21401727020736],[-1.6095912474011,47.21126741325552]],"type":"LineString"},"properties":{"id":"5020","nom":"Tertre P1","long":341,"vref":15}},{"type":"Feature","geometry":{"coordinates":[[-1.561337155091951,47.26068527133698],[-1.560578039688673,47.26046018090856],[-1.559360949023367,47.25998227254694],[-1.558642390875049,47.25985589033968],[-1.558404884229031,47.259820573057944],[-1.556769397714887,47.25996556313333]],"type":"LineString"},"properties":{"id":"50","nom":"Einstein P1","long":368,"vref":25}},{"type":"Feature","geometry":{"coordinates":[[-1.586742045594509,47.21109519138795],[-1.58725262579487,47.20905426291858]],"type":"LineString"},"properties":{"id":"5047","nom":"Egalite I2","long":230,"vref":30}},{"type":"Feature","geometry":{"coordinates":[[-1.582190304665152,47.24420228460389],[-1.582472639260857,47.24373350219232],[-1.58252528248494,47.24339738376557],[-1.582507297288366,47.24280053648856],[-1.582672947929968,47.242249041150664],[-1.583169079909219,47.241617174585876],[-1.584060093373608,47.24062619776999]],"type":"LineString"},"properties":{"id":"5756","nom":"Patouillerie P1","long":431,"vref":22}},{"type":"Feature","geometry":{"coordinates":[[-1.591706424483619,47.197796185782344],[-1.588700902366813,47.198081278002036]],"type":"LineString"},"properties":{"id":"24","nom":"Juin I3","long":229,"vref":21}},{"type":"Feature","geometry":{"coordinates":[[-1.517150687226102,47.26101232856869],[-1.519366055208804,47.25869301973783]],"type":"LineString"},"properties":{"id":"5101","nom":"Carquefou","long":307,"vref":19}},{"type":"Feature","geometry":{"coordinates":[[-1.559166161406436,47.22503132785365],[-1.557825371683214,47.22342564506525]],"type":"LineString"},"properties":{"id":"6","nom":"Bellamy I5","long":205,"vref":20}},{"type":"Feature","geometry":{"coordinates":[[-1.564244658882667,47.231153993863785],[-1.562681938324372,47.229292742859116]],"type":"LineString"},"properties":{"id":"393","nom":"Bellamy I2","long":238,"vref":19}},{"type":"Feature","geometry":{"coordinates":[[-1.565880042521178,47.23305798452315],[-1.564263717393933,47.23117478083653]],"type":"LineString"},"properties":{"id":"8","nom":"Bellamy I1","long":240,"vref":19}},{"type":"Feature","geometry":{"coordinates":[[-1.528576949873304,47.193400838644266],[-1.525801184161018,47.19011460155082]],"type":"LineString"},"properties":{"id":"5578","nom":"Vendee P1","long":421,"vref":23}},{"type":"Feature","geometry":{"coordinates":[[-1.518929725628985,47.189704020892194],[-1.519526814859229,47.18891530112162],[-1.52013507056015,47.1881767645795],[-1.520584137032303,47.18781295991303]],"type":"LineString"},"properties":{"id":"1081","nom":"Bourdonnieres P1","long":245,"vref":17}},{"type":"Feature","geometry":{"coordinates":[[-1.517779299812194,47.18974561725744],[-1.513934191020468,47.18950894043761]],"type":"LineString"},"properties":{"id":"1126","nom":"Clisson I4","long":292,"vref":21}},{"type":"Feature","geometry":{"coordinates":[[-1.510159764598034,47.18900197725357],[-1.510414767454016,47.187831484340464],[-1.510458456671265,47.18769000986616],[-1.510609489133778,47.18728284294475]],"type":"LineString"},"properties":{"id":"6118","nom":"Maraichers I2","long":202,"vref":15}},{"type":"Feature","geometry":{"coordinates":[[-1.540150535597061,47.19717138332832],[-1.538273513961007,47.19640078465298]],"type":"LineString"},"properties":{"id":"235","nom":"St Jacques I2","long":166,"vref":19}},{"type":"Feature","geometry":{"coordinates":[[-1.533454328094643,47.19478178353119],[-1.529125392045009,47.19328131302622]],"type":"LineString"},"properties":{"id":"237","nom":"Joliot Curie I1","long":367,"vref":22}},{"type":"Feature","geometry":{"coordinates":[[-1.526755872369691,47.1924362586224],[-1.524013040207456,47.191619147706724]],"type":"LineString"},"properties":{"id":"1123","nom":"Clisson I7","long":226,"vref":21}},{"type":"Feature","geometry":{"coordinates":[[-1.547780196607812,47.191720966184775],[-1.546951843434585,47.188232271298446]],"type":"LineString"},"properties":{"id":"1006","nom":"Republique I1","long":392,"vref":18}},{"type":"Feature","geometry":{"coordinates":[[-1.54684158851912,47.1879852432344],[-1.545978193622439,47.184846496622626]],"type":"LineString"},"properties":{"id":"1007","nom":"Jaures I1","long":354,"vref":23}},{"type":"Feature","geometry":{"coordinates":[[-1.548721945476285,47.19149418127721],[-1.550190700345886,47.190415851886705]],"type":"LineString"},"properties":{"id":"1005","nom":"Liberation I2","long":163,"vref":15}},{"type":"Feature","geometry":{"coordinates":[[-1.550213675328401,47.20957695010878],[-1.551355504421863,47.21103670499504]],"type":"LineString"},"properties":{"id":"325","nom":"Madeleine I2","long":183,"vref":19}},{"type":"Feature","geometry":{"coordinates":[[-1.54518445407448,47.200784709057444],[-1.544331577675082,47.200360451348935]],"type":"LineString"},"properties":{"id":"204","nom":"Mangin I","long":79,"vref":30}},{"type":"Feature","geometry":{"coordinates":[[-1.539285734488144,47.207012484397616],[-1.537903649098725,47.20530273571681]],"type":"LineString"},"properties":{"id":"2124","nom":"De Gaulle I1","long":216,"vref":17}},{"type":"Feature","geometry":{"coordinates":[[-1.538150507349488,47.204927091161736],[-1.535457478849626,47.20169193225041]],"type":"LineString"},"properties":{"id":"5129","nom":"Clemenceau P1","long":413,"vref":17}},{"type":"Feature","geometry":{"coordinates":[[-1.561258483585025,47.19986536875867],[-1.561600203960834,47.19836273984099]],"type":"LineString"},"properties":{"id":"149","nom":"3 Continents P","long":169,"vref":30}},{"type":"Feature","geometry":{"coordinates":[[-1.562883510852254,47.221834770212354],[-1.562600041108644,47.22189389046667],[-1.559312270942296,47.22194212644663]],"type":"LineString"},"properties":{"id":"410","nom":"Bodiguel","long":271,"vref":17}},{"type":"Feature","geometry":{"coordinates":[[-1.556377805039117,47.23082041571451],[-1.556382638204558,47.23082437996238],[-1.555920954033122,47.23051699621888],[-1.555701178869283,47.23036963716743],[-1.555236704947015,47.230065440704195],[-1.554345149585898,47.22949189578996],[-1.553091489345144,47.228688075392455],[-1.553090127952225,47.22869018506184]],"type":"LineString"},"properties":{"id":"5390","nom":"Courbet P","long":345,"vref":18}},{"type":"Feature","geometry":{"coordinates":[[-1.533445585983258,47.21666473068625],[-1.531824206790686,47.21742701891254],[-1.532668705566293,47.21957588436694]],"type":"LineString"},"properties":{"id":"334","nom":"Pont de l'Arche","long":396,"vref":17}},{"type":"Feature","geometry":{"coordinates":[[-1.551334742525181,47.216336053145916],[-1.549896106534536,47.214565395811114]],"type":"LineString"},"properties":{"id":"5354","nom":"Strasbourg P1","long":224,"vref":30}},{"type":"Feature","geometry":{"coordinates":[[-1.561600203960834,47.19836273984099],[-1.562392878319769,47.19409384991243]],"type":"LineString"},"properties":{"id":"792","nom":"Schoelcher P2","long":478,"vref":30}},{"type":"Feature","geometry":{"coordinates":[[-1.577137174210696,47.224166616688294],[-1.578676552524908,47.22212383194474]],"type":"LineString"},"properties":{"id":"275","nom":"Thomas","long":255,"vref":30}},{"type":"Feature","geometry":{"coordinates":[[-1.588063969363564,47.222180164350945],[-1.585646844311927,47.2223491247194]],"type":"LineString"},"properties":{"id":"5069","nom":"Chabas P1","long":184,"vref":15}},{"type":"Feature","geometry":{"coordinates":[[-1.585084867386558,47.222369279623805],[-1.584732541253888,47.2230798554172],[-1.584317123745995,47.22379773536473],[-1.584256372617973,47.22391950092016]],"type":"LineString"},"properties":{"id":"5791","nom":"Anglais I1","long":183,"vref":23}},{"type":"Feature","geometry":{"coordinates":[[-1.498442114568172,47.180096223475246],[-1.494838410427701,47.179735827843615],[-1.493227722231434,47.17956394455525],[-1.49200802779298,47.17943366762002]],"type":"LineString"},"properties":{"id":"1172","nom":"Priou I4","long":362,"vref":22}},{"type":"Feature","geometry":{"coordinates":[[-1.498562790614962,47.17987871903502],[-1.495711246247067,47.17959280076368],[-1.49362701566218,47.17937259562664],[-1.492123647398002,47.179202841001675]],"type":"LineString"},"properties":{"id":"6172","nom":"Priou P2","long":462,"vref":22}},{"type":"Feature","geometry":{"coordinates":[[-1.537451971747675,47.21447775537542],[-1.536993943770667,47.214008177898165],[-1.537015502278683,47.2132810239552]],"type":"LineString"},"properties":{"id":"350","nom":"Marcel Paul P1","long":143,"vref":11}},{"type":"Feature","geometry":{"coordinates":[[-1.537706502037483,47.214730259159985],[-1.539122663868504,47.21627996084946]],"type":"LineString"},"properties":{"id":"5356","nom":"Marcel Paul P2","long":202,"vref":30}},{"type":"Feature","geometry":{"coordinates":[[-1.533640852981098,47.21325098086984],[-1.532388143178687,47.21326724921784],[-1.531839890071678,47.213308355573474],[-1.529669242757494,47.21359376320574]],"type":"LineString"},"properties":{"id":"527","nom":"Sarrebruck P4","long":304,"vref":21}},{"type":"Feature","geometry":{"coordinates":[[-1.596606289301342,47.264082139800884],[-1.597169117687482,47.26443585270499],[-1.597173078457313,47.26443569555646]],"type":"LineString"},"properties":{"id":"100118","nom":"Mendes France P2","long":36,"vref":22}},{"type":"Feature","geometry":{"coordinates":[[-1.596687918740415,47.263875098980414],[-1.597353025186916,47.26333469534201]],"type":"LineString"},"properties":{"id":"100119","nom":"Av du Pont de la Baronnière P2","long":49,"vref":20}},{"type":"Feature","geometry":{"coordinates":[[-1.552960977065944,47.25236957672216],[-1.553356469366087,47.25132747443838],[-1.553663610776895,47.250591716996595]],"type":"LineString"},"properties":{"id":"5525","nom":"Mollet P4","long":204,"vref":20}},{"type":"Feature","geometry":{"coordinates":[[-1.549274067249722,47.19353208255508],[-1.552331094727394,47.19272827543796],[-1.552740534979175,47.19263396562544],[-1.553960636967748,47.19232138029851]],"type":"LineString"},"properties":{"id":"1001","nom":"De Gaulle (R) I3","long":379,"vref":30}},{"type":"Feature","geometry":{"coordinates":[[-1.589643620825544,47.209507339058455],[-1.588252888574404,47.20904496197692],[-1.587342741952269,47.20869312690571]],"type":"LineString"},"properties":{"id":"90","nom":"Jouhaux I3","long":196,"vref":20}},{"type":"Feature","geometry":{"coordinates":[[-1.582860447516859,47.20765900495056],[-1.579383565133237,47.20682891502028]],"type":"LineString"},"properties":{"id":"64","nom":"Coty I3","long":279,"vref":20}},{"type":"Feature","geometry":{"coordinates":[[-1.592040288338227,47.221627810338035],[-1.588030963898245,47.22189545459153]],"type":"LineString"},"properties":{"id":"67","nom":"Chabas I1","long":305,"vref":20}},{"type":"Feature","geometry":{"coordinates":[[-1.556955382871113,47.21769513553843],[-1.554827119162034,47.21766898992891]],"type":"LineString"},"properties":{"id":"5832","nom":"Hotel de Ville I2","long":161,"vref":30}},{"type":"Feature","geometry":{"coordinates":[[-1.575407705650597,47.22058794437124],[-1.574550258033923,47.22048186873038],[-1.573604092578667,47.22023949280542]],"type":"LineString"},"properties":{"id":"766","nom":"Dervallieres I5","long":142,"vref":30}},{"type":"Feature","geometry":{"coordinates":[[-1.558924896208278,47.220324862585514],[-1.555840782063607,47.22113073465062]],"type":"LineString"},"properties":{"id":"5369","nom":"D'Arc","long":250,"vref":20}},{"type":"Feature","geometry":{"coordinates":[[-1.542799812641496,47.22705785074826],[-1.544307638546404,47.22529214226275]],"type":"LineString"},"properties":{"id":"112","nom":"Buat P6","long":227,"vref":17}},{"type":"Feature","geometry":{"coordinates":[[-1.55681465339671,47.24115011495629],[-1.560361059010553,47.24001907608688]],"type":"LineString"},"properties":{"id":"95","nom":"Lauriol I1","long":296,"vref":19}},{"type":"Feature","geometry":{"coordinates":[[-1.568589501648445,47.23188191655151],[-1.566080140559599,47.23328459825938]],"type":"LineString"},"properties":{"id":"42","nom":"Le Lasseur P1","long":245,"vref":16}},{"type":"Feature","geometry":{"coordinates":[[-1.563031176906968,47.220806154815826],[-1.562814096108223,47.22044615227299],[-1.562658205382962,47.22023989223527],[-1.562530639013991,47.220193646169456],[-1.562043683142058,47.22022456561884]],"type":"LineString"},"properties":{"id":"778","nom":"Viarme I4","long":117,"vref":16}},{"type":"Feature","geometry":{"coordinates":[[-1.57740621650209,47.23250127454509],[-1.576405056265987,47.230661368291806]],"type":"LineString"},"properties":{"id":"773","nom":"Boulay Paty I1","long":218,"vref":30}},{"type":"Feature","geometry":{"coordinates":[[-1.576403707200269,47.23067578563887],[-1.575542413979554,47.22908120991671]],"type":"LineString"},"properties":{"id":"73","nom":"Boulay Paty I2","long":188,"vref":30}},{"type":"Feature","geometry":{"coordinates":[[-1.572791654764778,47.22555750334495],[-1.571680272026675,47.224133020211056]],"type":"LineString"},"properties":{"id":"779","nom":"Meusnier Querlon I2","long":179,"vref":30}},{"type":"Feature","geometry":{"coordinates":[[-1.572283864409505,47.22256782806864],[-1.573604092578667,47.22023949280542]],"type":"LineString"},"properties":{"id":"77","nom":"Dumas I2","long":277,"vref":30}},{"type":"Feature","geometry":{"coordinates":[[-1.560748591814455,47.204859369757905],[-1.558001629266228,47.205125609279]],"type":"LineString"},"properties":{"id":"2129","nom":"Prairie Duc P2","long":210,"vref":30}},{"type":"Feature","geometry":{"coordinates":[[-1.538463789633254,47.231416766129534],[-1.537258221130755,47.232633598501124]],"type":"LineString"},"properties":{"id":"789","nom":"Buat P2","long":163,"vref":18}},{"type":"Feature","geometry":{"coordinates":[[-1.538572932377464,47.21872641272637],[-1.543149676325106,47.21780576003095]],"type":"LineString"},"properties":{"id":"118","nom":"Stalingrad P3","long":361,"vref":22}},{"type":"Feature","geometry":{"coordinates":[[-1.504729549049092,47.24394751585991],[-1.506370947217297,47.2422037159586],[-1.506827357643636,47.24174481577141],[-1.507536108053332,47.24142402089268],[-1.508511691075833,47.241253225433915]],"type":"LineString"},"properties":{"id":"5114","nom":"Ste Luce P9","long":432,"vref":19}},{"type":"Feature","geometry":{"coordinates":[[-1.507613284471055,47.238198002850524],[-1.507468224353741,47.23891996328004],[-1.507553606758537,47.23922253903285],[-1.508699529177821,47.24087343768365],[-1.508885470885305,47.24109939876055]],"type":"LineString"},"properties":{"id":"753","nom":"Basse Chesnaie","long":347,"vref":16}},{"type":"Feature","geometry":{"coordinates":[[-1.509839964082832,47.24489050204947],[-1.509347985131877,47.24386476168731],[-1.509257377720909,47.24365832179893],[-1.509133270323117,47.24336529340451],[-1.509087412148063,47.243254353145126],[-1.508935360735453,47.24269913927948],[-1.508758660301383,47.24205394600229],[-1.508621835945034,47.24147861909428]],"type":"LineString"},"properties":{"id":"752","nom":"Perray P1","long":391,"vref":30}},{"type":"Feature","geometry":{"coordinates":[[-1.556692751943441,47.216188188740624],[-1.560870455961219,47.21553413596687]],"type":"LineString"},"properties":{"id":"5297","nom":"Calvaire P1","long":324,"vref":11}},{"type":"Feature","geometry":{"coordinates":[[-1.53954326090536,47.2376789169139],[-1.539961043778389,47.237130369731354],[-1.540090238888845,47.236989820798975],[-1.54055448900199,47.23643454920319],[-1.540678045740625,47.236341654422525],[-1.54089090115645,47.23618487670553],[-1.541156483486123,47.23596131818272],[-1.541383663418902,47.23550069205374],[-1.541559098172676,47.23476526854669]],"type":"LineString"},"properties":{"id":"84","nom":"St Joseph I13","long":364,"vref":17}},{"type":"Feature","geometry":{"coordinates":[[-1.544896568935945,47.22898288275752],[-1.544681668086631,47.22946580615106],[-1.544487597913939,47.22988095674615],[-1.544180280089998,47.23028031409376],[-1.543825030808398,47.230708112221315],[-1.543296512678901,47.23114896385016],[-1.542772092184626,47.23164642699499],[-1.542594102445425,47.23213738968977]],"type":"LineString"},"properties":{"id":"804","nom":"Coudray P2","long":396,"vref":17}},{"type":"Feature","geometry":{"coordinates":[[-1.537725693895656,47.205019798000784],[-1.535123117280027,47.201820801159464]],"type":"LineString"},"properties":{"id":"129","nom":"Clemenceau I2","long":406,"vref":22}},{"type":"Feature","geometry":{"coordinates":[[-1.516995147929994,47.22065201227486],[-1.516512043657219,47.2194959885158]],"type":"LineString"},"properties":{"id":"125","nom":"Seattle P1","long":133,"vref":20}},{"type":"Feature","geometry":{"coordinates":[[-1.519001157889922,47.216753677175106],[-1.518517928666554,47.21694112918397],[-1.517349715310196,47.2174166716639],[-1.516443532783721,47.217829785661465],[-1.516290455415645,47.217912291643096],[-1.516172070355092,47.2180349114555],[-1.51612626863939,47.21821907912887]],"type":"LineString"},"properties":{"id":"127","nom":"Sarrebruck P1","long":279,"vref":25}},{"type":"Feature","geometry":{"coordinates":[[-1.520109838557919,47.22431819566385],[-1.518567038905208,47.223213109258744]],"type":"LineString"},"properties":{"id":"122","nom":"Doulon P3","long":169,"vref":23}},{"type":"Feature","geometry":{"coordinates":[[-1.524496425837181,47.227362842809995],[-1.522344631744124,47.22592324451058]],"type":"LineString"},"properties":{"id":"93","nom":"Doulon P6","long":228,"vref":30}},{"type":"Feature","geometry":{"coordinates":[[-1.53621393796379,47.23375625856947],[-1.53865005068923,47.23411293268602]],"type":"LineString"},"properties":{"id":"5037","nom":"Belges I3","long":188,"vref":19}},{"type":"Feature","geometry":{"coordinates":[[-1.579320045780713,47.20004329813313],[-1.578140729714957,47.200541536448846],[-1.577462067604988,47.20097115966715],[-1.577013060958284,47.20129082044739],[-1.576293761735321,47.2019932032587],[-1.575906998019587,47.202481006800085],[-1.575556674857658,47.20307385586782]],"type":"LineString"},"properties":{"id":"532","nom":"Aiguillon I1","long":452,"vref":22}},{"type":"Feature","geometry":{"coordinates":[[-1.547810509950369,47.215396198913176],[-1.547848075386609,47.21555899944982],[-1.547783417683414,47.215753105917415],[-1.547440654590928,47.215829666054326],[-1.547084531640963,47.215701334097275],[-1.546782057278366,47.215456656224006],[-1.54667359080132,47.21536022024332],[-1.546149078089002,47.21470614893513],[-1.546182579309946,47.214750422276154]],"type":"LineString"},"properties":{"id":"5795","nom":"Carnot P1","long":235,"vref":16}},{"type":"Feature","geometry":{"coordinates":[[-1.536244736260725,47.195519690087146],[-1.538520748378144,47.19621911503064]],"type":"LineString"},"properties":{"id":"5236","nom":"St Jacques P3","long":189,"vref":16}},{"type":"Feature","geometry":{"coordinates":[[-1.563233916658456,47.21280432092422],[-1.566444831447586,47.21171016762648]],"type":"LineString"},"properties":{"id":"265","nom":"Voltaire I1","long":271,"vref":30}},{"type":"Feature","geometry":{"coordinates":[[-1.56081909348635,47.21539037868586],[-1.563306251409332,47.21502247180047]],"type":"LineString"},"properties":{"id":"420","nom":"Calvaire I1","long":192,"vref":15}},{"type":"Feature","geometry":{"coordinates":[[-1.560870455961219,47.21553413596687],[-1.563345394494478,47.21514394044437]],"type":"LineString"},"properties":{"id":"5420","nom":"Calvaire P2","long":192,"vref":18}},{"type":"Feature","geometry":{"coordinates":[[-1.560870455961219,47.21553413596687],[-1.562423651195479,47.21693860514041]],"type":"LineString"},"properties":{"id":"282","nom":"Lafayette","long":195,"vref":12}},{"type":"Feature","geometry":{"coordinates":[[-1.556451375315341,47.2380956810973],[-1.556409245233049,47.234728063761104]],"type":"LineString"},"properties":{"id":"5821","nom":"Michelet P3","long":374,"vref":21}},{"type":"Feature","geometry":{"coordinates":[[-1.556257345388083,47.24342252208367],[-1.556051391012543,47.24417344821623],[-1.555853265208378,47.24484465595531],[-1.555646459035209,47.2452509675573],[-1.55523492673134,47.246342121530276]],"type":"LineString"},"properties":{"id":"5092","nom":"Mollet P1","long":334,"vref":20}},{"type":"Feature","geometry":{"coordinates":[[-1.554208215404175,47.24918342900124],[-1.554821711066596,47.2475561213224],[-1.555105625293215,47.24679328136582],[-1.55523492673134,47.246342121530276]],"type":"LineString"},"properties":{"id":"5498","nom":"Mollet P2","long":325,"vref":20}},{"type":"Feature","geometry":{"coordinates":[[-1.555942010200875,47.25726216155425],[-1.555348031429946,47.256847794676375],[-1.553952776754035,47.25621074803946],[-1.552612274054596,47.25536753157466]],"type":"LineString"},"properties":{"id":"5823","nom":"Luther King P2","long":329,"vref":23}},{"type":"Feature","geometry":{"coordinates":[[-1.540543880860903,47.203854957281386],[-1.539636519543051,47.204350857685284],[-1.53875131176653,47.20488108855995],[-1.538346594112841,47.20512583759777]],"type":"LineString"},"properties":{"id":"5835","nom":"Monzie I1","long":218,"vref":30}},{"type":"Feature","geometry":{"coordinates":[[-1.529348120658519,47.20271535436626],[-1.529905976605387,47.202431447115124],[-1.53026884539683,47.20221496099331],[-1.530527495620791,47.20200197171749],[-1.530738413765869,47.201861782287665],[-1.531040592730107,47.20168550940294],[-1.53135081991474,47.2015368256719],[-1.531730968061546,47.201391984597386],[-1.532768671302124,47.2011280654565],[-1.533164511585709,47.200990947285405],[-1.533598842738634,47.20079990976417]],"type":"LineString"},"properties":{"id":"1136","nom":"Cote St Sebastien P1","long":390,"vref":24}},{"type":"Feature","geometry":{"coordinates":[[-1.52904781285103,47.2025613650369],[-1.529635601952606,47.20225169016743],[-1.529993865125943,47.202034327585984],[-1.530251005204302,47.20182138960684],[-1.530458902636691,47.20168130206339],[-1.53075791201203,47.20150307257257],[-1.531065118219058,47.20135449099798],[-1.531440734799215,47.2012098029784],[-1.532467789140634,47.20094521211661],[-1.53285909783599,47.20080824714757],[-1.533132576979453,47.200695875731554]],"type":"LineString"},"properties":{"id":"6136","nom":"Cote St Sebastien I4","long":377,"vref":19}},{"type":"Feature","geometry":{"coordinates":[[-1.554532356911091,47.2200089038358],[-1.551798550182198,47.22125892424027]],"type":"LineString"},"properties":{"id":"5344","nom":"Ceineray I","long":249,"vref":20}},{"type":"Feature","geometry":{"coordinates":[[-1.562311428390778,47.21793403374888],[-1.560974731041821,47.21887800941439]],"type":"LineString"},"properties":{"id":"364","nom":"Jaures P2","long":145,"vref":30}},{"type":"Feature","geometry":{"coordinates":[[-1.562311428390778,47.21793403374888],[-1.563001175141802,47.218379168480276],[-1.563380375621408,47.21901022731382]],"type":"LineString"},"properties":{"id":"5406","nom":"Hélié","long":147,"vref":30}},{"type":"Feature","geometry":{"coordinates":[[-1.443777369738048,47.26458668062915],[-1.441911472156849,47.265979845161155],[-1.44131373983803,47.26635848213999]],"type":"LineString"},"properties":{"id":"5258","nom":"Thouare P8","long":271,"vref":12}},{"type":"Feature","geometry":{"coordinates":[[-1.443990670283602,47.26477366561631],[-1.442148572188723,47.26611756012469],[-1.441463414745961,47.266696131874134]],"type":"LineString"},"properties":{"id":"258","nom":"Thouare I1","long":286,"vref":30}},{"type":"Feature","geometry":{"coordinates":[[-1.555684250906149,47.20902907315886],[-1.555269070641005,47.20727652952294]],"type":"LineString"},"properties":{"id":"5799","nom":"Haudaudine P","long":197,"vref":19}},{"type":"Feature","geometry":{"coordinates":[[-1.555221076792941,47.20899002839532],[-1.554799605412925,47.20729651283719]],"type":"LineString"},"properties":{"id":"799","nom":"Haudaudine I","long":190,"vref":30}},{"type":"Feature","geometry":{"coordinates":[[-1.566796076980254,47.208948309533874],[-1.564560087007751,47.206463939669796]],"type":"LineString"},"properties":{"id":"5798","nom":"Anne Bretagne P","long":323,"vref":30}},{"type":"Feature","geometry":{"coordinates":[[-1.6147275401181,47.249524717201815],[-1.620764704182779,47.25117718083335]],"type":"LineString"},"properties":{"id":"474","nom":"Vannes I1","long":492,"vref":30}},{"type":"Feature","geometry":{"coordinates":[[-1.619509234462508,47.243918511922466],[-1.618681927559478,47.24449277145952],[-1.618038222929234,47.245009132306926],[-1.617372071596942,47.24569342694682],[-1.616906016221757,47.24619440138986]],"type":"LineString"},"properties":{"id":"461","nom":"Paul P2","long":321,"vref":30}},{"type":"Feature","geometry":{"coordinates":[[-1.552814866673633,47.26088112852271],[-1.551157555020319,47.26145602458312],[-1.550016055702504,47.26199597461601],[-1.549194943708418,47.262418838926784],[-1.548385237684914,47.26293624307617]],"type":"LineString"},"properties":{"id":"5814","nom":"Becquerel I1","long":407,"vref":20}},{"type":"Feature","geometry":{"coordinates":[[-1.609917398547946,47.248209699504166],[-1.6147275401181,47.249524717201815]],"type":"LineString"},"properties":{"id":"473","nom":"Vannes I2","long":392,"vref":30}},{"type":"Feature","geometry":{"coordinates":[[-1.527711669749312,47.18619652193581],[-1.528444383567627,47.18661770157609],[-1.52954308626924,47.18732789687692],[-1.530946207165434,47.18818676846584]],"type":"LineString"},"properties":{"id":"5833","nom":"Vertou P2","long":330,"vref":20}},{"type":"Feature","geometry":{"coordinates":[[-1.524903179409558,47.18480070619017],[-1.525220380726049,47.18500160256135],[-1.525793849012743,47.18535590693958],[-1.526262296635124,47.18559713055922],[-1.526607354873464,47.18580637588711],[-1.527541921229281,47.18636112365675]],"type":"LineString"},"properties":{"id":"1079","nom":"Vertou I3","long":264,"vref":30}},{"type":"Feature","geometry":{"coordinates":[[-1.540474725353217,47.22896040270253],[-1.538194790545089,47.23119570449867]],"type":"LineString"},"properties":{"id":"5384","nom":"Buat I5","long":302,"vref":21}},{"type":"Feature","geometry":{"coordinates":[[-1.517420670775595,47.23717512135754],[-1.516361981832212,47.23785231050993],[-1.51512377312944,47.23843539809586]],"type":"LineString"},"properties":{"id":"179","nom":"Ste Luce I8","long":223,"vref":19}},{"type":"Feature","geometry":{"coordinates":[[-1.51561153042815,47.23790834233108],[-1.514516999806931,47.23846701754046],[-1.514014937834431,47.23883770658027]],"type":"LineString"},"properties":{"id":"5178","nom":"Ste Luce P6","long":159,"vref":21}},{"type":"Feature","geometry":{"coordinates":[[-1.514014937834431,47.23883770658027],[-1.512362987312867,47.240072254302646],[-1.510757699945758,47.24081922441728]],"type":"LineString"},"properties":{"id":"5176","nom":"Ste Luce P7","long":332,"vref":21}},{"type":"Feature","geometry":{"coordinates":[[-1.472341107901467,47.25500982171773],[-1.47176541125589,47.2553528196782],[-1.471096077505111,47.25578557743824],[-1.468874957886366,47.25656051040578]],"type":"LineString"},"properties":{"id":"526","nom":"Thouare I7","long":316,"vref":52}},{"type":"Feature","geometry":{"coordinates":[[-1.468692101929608,47.25629105228092],[-1.466075243595546,47.2569789005331],[-1.464916292502824,47.257283309585915],[-1.464219364283784,47.257456920705074],[-1.463623052620336,47.25759625839962],[-1.463080048239098,47.257696692049514],[-1.461848663247603,47.25777130091079]],"type":"LineString"},"properties":{"id":"5844","nom":"Thouare P3","long":546,"vref":45}},{"type":"Feature","geometry":{"coordinates":[[-1.539268828763784,47.21361490794773],[-1.537219444532521,47.21327416850261]],"type":"LineString"},"properties":{"id":"32","nom":"Malakoff P2","long":159,"vref":21}},{"type":"Feature","geometry":{"coordinates":[[-1.536518475502293,47.20810953583639],[-1.538157792579934,47.20678419946323],[-1.539052847130145,47.20674481043751]],"type":"LineString"},"properties":{"id":"5208","nom":"Viviani P2","long":260,"vref":18}},{"type":"Feature","geometry":{"coordinates":[[-1.535555042829017,47.21040581670818],[-1.535424498740524,47.21021311807671],[-1.535392197816399,47.21003878727379],[-1.535374767507869,47.20979791774836],[-1.535440746714461,47.20945415504684],[-1.535584413683837,47.2091377055973],[-1.535745845646725,47.208878443065366],[-1.536319442295743,47.208288546511604]],"type":"LineString"},"properties":{"id":"5207","nom":"Viviani P1","long":255,"vref":18}},{"type":"Feature","geometry":{"coordinates":[[-1.535556132775845,47.20849580695168],[-1.534645947166388,47.20801252311874],[-1.533691500122125,47.20689612559777]],"type":"LineString"},"properties":{"id":"305","nom":"Freinet I","long":231,"vref":30}},{"type":"Feature","geometry":{"coordinates":[[-1.535606229035628,47.210652774913015],[-1.536778629184659,47.21297942797394]],"type":"LineString"},"properties":{"id":"5150","nom":"Brandt P","long":273,"vref":23}},{"type":"Feature","geometry":{"coordinates":[[-1.553091489345144,47.228688075392455],[-1.55170361950063,47.22787122799119]],"type":"LineString"},"properties":{"id":"7127","nom":"Motte rouge P","long":138,"vref":16}},{"type":"Feature","geometry":{"coordinates":[[-1.56174170782144,47.20363085726401],[-1.566309793334899,47.20311195145573]],"type":"LineString"},"properties":{"id":"311","nom":"Estuaire I2","long":350,"vref":30}},{"type":"Feature","geometry":{"coordinates":[[-1.566309793334899,47.20311195145573],[-1.571327949632171,47.2025786285099]],"type":"LineString"},"properties":{"id":"309","nom":"Estuaire I1","long":384,"vref":30}},{"type":"Feature","geometry":{"coordinates":[[-1.56692300273623,47.20417052632682],[-1.570751420124759,47.20376524418398]],"type":"LineString"},"properties":{"id":"7132","nom":"Prairie Duc P5","long":293,"vref":30}},{"type":"Feature","geometry":{"coordinates":[[-1.570485777219369,47.20346571913468],[-1.570944100260057,47.20323141641085],[-1.571818490068779,47.20193563411587]],"type":"LineString"},"properties":{"id":"2134","nom":"Antilles","long":201,"vref":10}},{"type":"Feature","geometry":{"coordinates":[[-1.572227537469378,47.20200121229675],[-1.573747211839275,47.19969496964683]],"type":"LineString"},"properties":{"id":"7135","nom":"Antilles","long":281,"vref":19}},{"type":"Feature","geometry":{"coordinates":[[-1.563378235075321,47.261009414855316],[-1.56270025247305,47.26087858961342],[-1.561337155091951,47.26068527133698]],"type":"LineString"},"properties":{"id":"811","nom":"Einstein P2","long":158,"vref":19}},{"type":"Feature","geometry":{"coordinates":[[-1.521106219117724,47.24848877848994],[-1.524396438146638,47.24555657773461]],"type":"LineString"},"properties":{"id":"5830","nom":"Verne P7","long":410,"vref":19}},{"type":"Feature","geometry":{"coordinates":[[-1.521106219117724,47.24848877848994],[-1.519022768499389,47.25019288718981]],"type":"LineString"},"properties":{"id":"5108","nom":"Paris P1","long":246,"vref":18}},{"type":"Feature","geometry":{"coordinates":[[-1.519022768499389,47.25019288718981],[-1.516776206805463,47.25207471952478]],"type":"LineString"},"properties":{"id":"5829","nom":"Paris P2","long":269,"vref":30}},{"type":"Feature","geometry":{"coordinates":[[-1.532306501825826,47.19944720704787],[-1.531684981433993,47.19970850059857],[-1.529379347401075,47.199312268272884],[-1.528593194254276,47.199243714975694]],"type":"LineString"},"properties":{"id":"6085","nom":"St Sebastien P","long":295,"vref":20}},{"type":"Feature","geometry":{"coordinates":[[-1.539169601763262,47.237582102309865],[-1.53961453881717,47.236927394492504],[-1.539711510137705,47.236823012437405],[-1.540072878202499,47.236395024500965],[-1.540356321337744,47.236146102882756],[-1.540734620516155,47.23586819395249],[-1.540947138427158,47.235414253023286],[-1.541032853439023,47.23471589935471]],"type":"LineString"},"properties":{"id":"5084","nom":"St Joseph P01","long":356,"vref":18}},{"type":"Feature","geometry":{"coordinates":[[-1.535262476453405,47.24107927813393],[-1.535573599538296,47.24085626879119],[-1.537206399915764,47.23959415544201]],"type":"LineString"},"properties":{"id":"5100","nom":"St Joseph P03","long":221,"vref":19}},{"type":"Feature","geometry":{"coordinates":[[-1.531927957444687,47.24638242779148],[-1.532506107951549,47.24576559106647],[-1.532922912208702,47.2450551081057],[-1.532998941656151,47.24491222545502],[-1.533432712892306,47.24408044442588],[-1.533563819567046,47.24358901174814],[-1.533677732529076,47.24313220688214],[-1.533906571874676,47.24269321279863]],"type":"LineString"},"properties":{"id":"5818","nom":"St Joseph P05","long":440,"vref":17}},{"type":"Feature","geometry":{"coordinates":[[-1.52950066605602,47.25294484316623],[-1.529602117795543,47.25218922884068],[-1.52973238376382,47.251077694077296],[-1.529695142540324,47.25058365786756],[-1.529599621810129,47.249891397845914]],"type":"LineString"},"properties":{"id":"5820","nom":"St Joseph P07","long":340,"vref":30}},{"type":"Feature","geometry":{"coordinates":[[-1.529513720525262,47.254990548496416],[-1.529434899933469,47.25369100613617],[-1.529403131454633,47.2534403015847],[-1.52950066605602,47.25294484316623]],"type":"LineString"},"properties":{"id":"5099","nom":"St Joseph P08","long":228,"vref":17}},{"type":"Feature","geometry":{"coordinates":[[-1.533880054062754,47.21289417919344],[-1.532474485123287,47.212974398555986],[-1.531689259166053,47.213047192998374],[-1.529636576065514,47.21328839820182]],"type":"LineString"},"properties":{"id":"5527","nom":"Sarrebruck I1","long":324,"vref":30}},{"type":"Feature","geometry":{"coordinates":[[-1.529265815381805,47.21333385585301],[-1.527933045342295,47.21354159068899],[-1.52746705953756,47.213631509895066],[-1.527309824259174,47.21367702426515],[-1.526516560483411,47.21389038440076],[-1.525473576907761,47.214231802826916],[-1.524604537689105,47.21450753606183]],"type":"LineString"},"properties":{"id":"5033","nom":"Sarrebruck I2","long":378,"vref":30}},{"type":"Feature","geometry":{"coordinates":[[-1.529394323549948,47.21364529239585],[-1.528129081996166,47.213844572701134],[-1.527663093884327,47.21393449269094],[-1.527505857883004,47.21398000732412],[-1.526712590400413,47.214193368788315],[-1.525669602173833,47.21453478895572],[-1.524800559047834,47.21481052364222]],"type":"LineString"},"properties":{"id":"33","nom":"Sarrebruck P3","long":372,"vref":30}},{"type":"Feature","geometry":{"coordinates":[[-1.530770140943619,47.21516445398081],[-1.530507893411193,47.21495140541156],[-1.530019988183044,47.21429810273906],[-1.529669242757494,47.21359376320574]],"type":"LineString"},"properties":{"id":"5205","nom":"Berlin I3","long":195,"vref":17}},{"type":"Feature","geometry":{"coordinates":[[-1.524566556329763,47.266691218108605],[-1.523789062541555,47.267164324078564],[-1.522055305666017,47.26804896344029],[-1.520945971669447,47.26856204941843],[-1.520601192883662,47.26874682851187],[-1.520305945804234,47.269079361256956]],"type":"LineString"},"properties":{"id":"100121","nom":"St Joseph I00","long":262,"vref":25}},{"type":"Feature","geometry":{"coordinates":[[-1.530371540806246,47.20845528741502],[-1.528809822147086,47.21100477746256]],"type":"LineString"},"properties":{"id":"5284","nom":"Bolardière I","long":307,"vref":16}},{"type":"Feature","geometry":{"coordinates":[[-1.53256721594926,47.210717708410655],[-1.530483193332166,47.20815642923515]],"type":"LineString"},"properties":{"id":"304","nom":"Millerand P1","long":325,"vref":22}},{"type":"Feature","geometry":{"coordinates":[[-1.528484211019439,47.20609890615309],[-1.526655252613779,47.20698159936325]],"type":"LineString"},"properties":{"id":"5347","nom":"Urville","long":169,"vref":17}},{"type":"Feature","geometry":{"coordinates":[[-1.528484942765402,47.20592037040889],[-1.526797753562548,47.20673227183422]],"type":"LineString"},"properties":{"id":"347","nom":"Urville","long":156,"vref":19}},{"type":"Feature","geometry":{"coordinates":[[-1.567493280659457,47.214602094164796],[-1.568629577521338,47.2144841385338],[-1.569425206441302,47.21438803769789],[-1.570704754682834,47.21434466062401],[-1.572197315413049,47.214501452708774]],"type":"LineString"},"properties":{"id":"7139","nom":"Gigant","long":359,"vref":19}},{"type":"Feature","geometry":{"coordinates":[[-1.572197315413049,47.214501452708774],[-1.574140653876778,47.214713097353666]],"type":"LineString"},"properties":{"id":"7140","nom":"Gigant","long":149,"vref":20}},{"type":"Feature","geometry":{"coordinates":[[-1.612862416427565,47.21147420297064],[-1.6095912474011,47.21126741325552]],"type":"LineString"},"properties":{"id":"5262","nom":"St Nazaire P1","long":248,"vref":30}},{"type":"Feature","geometry":{"coordinates":[[-1.574954720850171,47.26155846956936],[-1.57496063770384,47.261204337754286],[-1.574990534056136,47.260515066954156],[-1.575177862691307,47.25967805863779],[-1.575535371616498,47.25847412265781],[-1.575759718206314,47.257666812803706],[-1.575996186972729,47.25702522213536],[-1.576186782117576,47.25631605159362]],"type":"LineString"},"properties":{"id":"529","nom":"La Chapelle P5","long":591,"vref":30}},{"type":"Feature","geometry":{"coordinates":[[-1.514234795250529,47.22017697913689],[-1.511678304345627,47.22067339822491]],"type":"LineString"},"properties":{"id":"100056","nom":"PM0635","long":202,"vref":23}},{"type":"Feature","geometry":{"coordinates":[[-1.547254694278196,47.187900115158854],[-1.546356765196351,47.18468204882834]],"type":"LineString"},"properties":{"id":"6007","nom":"Jaures P1","long":364,"vref":18}},{"type":"Feature","geometry":{"coordinates":[[-1.588685676137877,47.20165113103731],[-1.589064698507588,47.199944872877204],[-1.58838556295823,47.19852954681447]],"type":"LineString"},"properties":{"id":"48","nom":"Liberte P1","long":357,"vref":30}},{"type":"Feature","geometry":{"coordinates":[[-1.549423097575776,47.23532491490087],[-1.547106432954801,47.23559284266627]],"type":"LineString"},"properties":{"id":"52","nom":"Orieux P1","long":177,"vref":21}},{"type":"Feature","geometry":{"coordinates":[[-1.563862040664761,47.23130830704613],[-1.562175436883516,47.22926447260899]],"type":"LineString"},"properties":{"id":"5393","nom":"Bellamy P6","long":260,"vref":20}},{"type":"Feature","geometry":{"coordinates":[[-1.570033088981845,47.238413267919285],[-1.567791317801437,47.23597247074915]],"type":"LineString"},"properties":{"id":"5081","nom":"Schuman P2","long":320,"vref":18}},{"type":"Feature","geometry":{"coordinates":[[-1.575035906199095,47.244150097989824],[-1.574142789213693,47.24298135474368],[-1.573363026967723,47.2419532239684],[-1.57281865510949,47.24130509221911]],"type":"LineString"},"properties":{"id":"5001","nom":"Schuman P4","long":358,"vref":21}},{"type":"Feature","geometry":{"coordinates":[[-1.576362059182136,47.25330632458878],[-1.576985764582473,47.25058474723465]],"type":"LineString"},"properties":{"id":"14","nom":"Rennes I5","long":306,"vref":22}},{"type":"Feature","geometry":{"coordinates":[[-1.624087472168067,47.25824515588858],[-1.623092185962284,47.25788411240856],[-1.62198159458682,47.257337148613146]],"type":"LineString"},"properties":{"id":"548","nom":"Peccot vers Ouest","long":189,"vref":62}},{"type":"Feature","geometry":{"coordinates":[[-1.59880648641069,47.22850777368287],[-1.602712516259711,47.225494322975656]],"type":"LineString"},"properties":{"id":"199","nom":"Massacre I4","long":446,"vref":36}},{"type":"Feature","geometry":{"coordinates":[[-1.598445313070432,47.228334362760755],[-1.602351350596738,47.225320924120645]],"type":"LineString"},"properties":{"id":"5199","nom":"Massacre P2","long":446,"vref":18}},{"type":"Feature","geometry":{"coordinates":[[-1.565170655117635,47.21480068088592],[-1.56626280265085,47.21461692773144],[-1.567463338008453,47.21460293071653]],"type":"LineString"},"properties":{"id":"5440","nom":"Copernic P2","long":176,"vref":30}},{"type":"Feature","geometry":{"coordinates":[[-1.486547101394289,47.283235440190914],[-1.485779740173008,47.28285226662722],[-1.485660731811513,47.28275715545664],[-1.485419403093345,47.28252061128113],[-1.485260684985204,47.282273076135084],[-1.48522119495721,47.28212374061791],[-1.485223571740489,47.2817965798736],[-1.485247888989303,47.28130979448206],[-1.485265760133179,47.280987279474104],[-1.48528008369507,47.280699963293486],[-1.485283028834384,47.28050795001858],[-1.485277507143548,47.280430747530694],[-1.485235776360664,47.28022886413318],[-1.485120028697479,47.27986124800947],[-1.485079790878264,47.27978622713733],[-1.484898602061199,47.279393951320095],[-1.484761307068104,47.27906419349566],[-1.484731879301947,47.27899190992354],[-1.484394632191251,47.278240574459424],[-1.484170498034735,47.27792607339211],[-1.48379147271098,47.27754447426645],[-1.483499321579324,47.277211588032955],[-1.483331888162874,47.276947830302106],[-1.483267814809283,47.27673017712219],[-1.483253908491241,47.27653562636964],[-1.483275296849277,47.27638943375214],[-1.483348593299644,47.27603619332824],[-1.483377429221163,47.275909358379984],[-1.483408914066625,47.27562869670684],[-1.483401327134029,47.27556497596294],[-1.483364676240822,47.27528553833185],[-1.483247743809611,47.274498014860974],[-1.483186993911423,47.27409349469619],[-1.483160285857038,47.27391071750241],[-1.483157908438527,47.273622922370215],[-1.483202178907161,47.273415095463875],[-1.483331382190904,47.273122943767646],[-1.483575127004231,47.27280017225094],[-1.4838029275051,47.27250888227367],[-1.484205204314373,47.272007515795025],[-1.48530249140823,47.270625692973006]],"type":"LineString"},"properties":{"id":"5510","nom":"Villages","long":1515,"vref":30}},{"type":"Feature","geometry":{"coordinates":[[-1.581275433803086,47.21260716238413],[-1.585690113979282,47.21391195059911]],"type":"LineString"},"properties":{"id":"51","nom":"Pasteur I1","long":364,"vref":14}},{"type":"Feature","geometry":{"coordinates":[[-1.585459194867721,47.21412928394026],[-1.581033846171769,47.21286509290865]],"type":"LineString"},"properties":{"id":"5051","nom":"Pasteur P2","long":363,"vref":15}},{"type":"Feature","geometry":{"coordinates":[[-1.570189535596751,47.20973620205288],[-1.567732965719973,47.208963002905726]],"type":"LineString"},"properties":{"id":"437","nom":"Bruneliere","long":204,"vref":30}},{"type":"Feature","geometry":{"coordinates":[[-1.521272386484381,47.24875459308222],[-1.519344573619626,47.2503895266988]],"type":"LineString"},"properties":{"id":"108","nom":"Paris I7","long":233,"vref":22}},{"type":"Feature","geometry":{"coordinates":[[-1.529335906805812,47.25299267184656],[-1.527990992289086,47.25218647857423],[-1.526351643707543,47.25131068203252],[-1.524608167843519,47.24989457045448],[-1.521624060948812,47.24846216732369]],"type":"LineString"},"properties":{"id":"806","nom":"Ranzay P","long":775,"vref":21}},{"type":"Feature","geometry":{"coordinates":[[-1.574022667507196,47.214197031877866],[-1.571750779282964,47.21284598022802]],"type":"LineString"},"properties":{"id":"5585","nom":"Riom P","long":228,"vref":30}},{"type":"Feature","geometry":{"coordinates":[[-1.550024459316566,47.21433096049534],[-1.549483417155893,47.21442969217481],[-1.54759726211186,47.21531670974544]],"type":"LineString"},"properties":{"id":"5355","nom":"Kennedy I","long":216,"vref":21}},{"type":"Feature","geometry":{"coordinates":[[-1.563415330922331,47.217183656592454],[-1.564636351626068,47.216939050189026]],"type":"LineString"},"properties":{"id":"5565","nom":"Descartes I2","long":96,"vref":14}},{"type":"Feature","geometry":{"coordinates":[[-1.566437839423945,47.21163507724452],[-1.566028986880526,47.21097097982403]],"type":"LineString"},"properties":{"id":"562","nom":"Flandres P2","long":80,"vref":13}},{"type":"Feature","geometry":{"coordinates":[[-1.566935996438477,47.21063791729851],[-1.566039146572783,47.210881894104254]],"type":"LineString"},"properties":{"id":"564","nom":"Gresset P2","long":73,"vref":15}},{"type":"Feature","geometry":{"coordinates":[[-1.567160113753004,47.210575635334514],[-1.570189535596751,47.20973620205288]],"type":"LineString"},"properties":{"id":"434","nom":"Gresset P1","long":247,"vref":19}},{"type":"Feature","geometry":{"coordinates":[[-1.502203872964944,47.24633466673604],[-1.503740209205149,47.24521453724553],[-1.504821422749321,47.244298372644664]],"type":"LineString"},"properties":{"id":"181","nom":"Ste Luce I3","long":301,"vref":20}},{"type":"Feature","geometry":{"coordinates":[[-1.501960969480459,47.246053841295684],[-1.50349730274346,47.24493371494049],[-1.504425689556144,47.244168131329616]],"type":"LineString"},"properties":{"id":"5181","nom":"Ste Luce P10","long":280,"vref":18}},{"type":"Feature","geometry":{"coordinates":[[-1.491912057716846,47.247665307815396],[-1.495174128594042,47.24692032591426]],"type":"LineString"},"properties":{"id":"183","nom":"Ste Luce I1","long":260,"vref":23}},{"type":"Feature","geometry":{"coordinates":[[-1.441111609624714,47.2664796293113],[-1.439888955010241,47.265565264070176],[-1.439411616054321,47.26520222627137],[-1.435508258876291,47.262448171466126]],"type":"LineString"},"properties":{"id":"2074","nom":"Pont","long":617,"vref":30}},{"type":"Feature","geometry":{"coordinates":[[-1.453819082896356,47.281964694693166],[-1.452833250129298,47.2811695822683],[-1.452426565623821,47.28065156827341],[-1.452096669301795,47.280125872849936],[-1.450393267680846,47.27782622863499],[-1.44962898384905,47.27662555178831],[-1.448338907569258,47.27564228602143],[-1.445138838079679,47.27367540052354],[-1.444916830514792,47.273365920250946],[-1.444913619250697,47.27239924587691],[-1.444922031748907,47.27146830259587],[-1.444881288595356,47.27076389884484],[-1.444200515577098,47.26960482001777],[-1.443246674209557,47.2687208848384],[-1.442488607118016,47.26803275874264],[-1.44183008962594,47.26725160263784],[-1.441463414745961,47.266696131874134]],"type":"LineString"},"properties":{"id":"7075","nom":"Carquefou","long":2000,"vref":18}},{"type":"Feature","geometry":{"coordinates":[[-1.578617166919121,47.22178842310869],[-1.57787470250495,47.22153606534353],[-1.577277312090654,47.22117558824784],[-1.576476646452946,47.22081065932982],[-1.576082348293883,47.22067958219424],[-1.575407705650597,47.22058794437124]],"type":"LineString"},"properties":{"id":"765","nom":"Dervallieres I4","long":281,"vref":21}},{"type":"Feature","geometry":{"coordinates":[[-1.527528782134269,47.25891718351038],[-1.527684316683774,47.25836406589641],[-1.529099189311977,47.256593479246305],[-1.529438090094539,47.25576799682279],[-1.529513720525262,47.254990548496416]],"type":"LineString"},"properties":{"id":"5098","nom":"St Joseph P09","long":468,"vref":30}},{"type":"Feature","geometry":{"coordinates":[[-1.508304392576003,47.236220664174624],[-1.507654725759119,47.238078992108974]],"type":"LineString"},"properties":{"id":"754","nom":"Landreau I1","long":212,"vref":17}},{"type":"Feature","geometry":{"coordinates":[[-1.512036614156163,47.24016879134673],[-1.511922352146926,47.24001267085414],[-1.510737797082057,47.23955279581407],[-1.509531812618429,47.239237049014385],[-1.507663880538051,47.238269575990635]],"type":"LineString"},"properties":{"id":"277","nom":"Haroun Tazieff","long":398,"vref":14}},{"type":"Feature","geometry":{"coordinates":[[-1.512265112643146,47.240080680746786],[-1.512150850155564,47.23992456047619],[-1.510966295077474,47.23946468776887],[-1.509760311251072,47.23914894334834],[-1.507709950508863,47.23808850090513]],"type":"LineString"},"properties":{"id":"5277","nom":"Haroun Tazieff","long":415,"vref":24}},{"type":"Feature","geometry":{"coordinates":[[-1.630315203478549,47.27315302338408],[-1.63458227579145,47.2741268350362]],"type":"LineString"},"properties":{"id":"100124","nom":"Rue St Joseph P","long":212,"vref":25}},{"type":"Feature","geometry":{"coordinates":[[-1.630009605382344,47.272912729685295],[-1.626967592068336,47.27220728131478]],"type":"LineString"},"properties":{"id":"100126","nom":"Rue Ricolais I1","long":151,"vref":29}},{"type":"Feature","geometry":{"coordinates":[[-1.628951819484824,47.23558416105449],[-1.628382891225139,47.237402408473095]],"type":"LineString"},"properties":{"id":"100122","nom":"Paul I4","long":129,"vref":52}},{"type":"Feature","geometry":{"coordinates":[[-1.631466639468165,47.23162719394225],[-1.630867433247163,47.23216790409306],[-1.630687647402209,47.23241968750594],[-1.630435283091603,47.23281637249939],[-1.630233957513097,47.233165896237445],[-1.629584417019896,47.23433573420825],[-1.629123338890488,47.23555480753438]],"type":"LineString"},"properties":{"id":"459","nom":"Paul P4","long":475,"vref":50}},{"type":"Feature","geometry":{"coordinates":[[-1.523655964112189,47.20505452746883],[-1.522788771954095,47.20535392319878],[-1.522212822187046,47.20561879425396],[-1.521768528025648,47.205861712188884],[-1.521049182987566,47.20627996531577],[-1.520215615410021,47.20677323456215],[-1.519627000814159,47.20711487251228],[-1.519181644085666,47.20734336922272],[-1.518790596294945,47.2075060722646],[-1.518433426048932,47.20763462130701]],"type":"LineString"},"properties":{"id":"545","nom":"Pas Enchantes I6","long":490,"vref":21}},{"type":"Feature","geometry":{"coordinates":[[-1.518433426048932,47.20763462130701],[-1.517647444919757,47.20786418858609],[-1.516602763244405,47.208054936399996],[-1.514250847792123,47.20838636213481],[-1.513956776614563,47.20842404919689],[-1.51368577880494,47.20848779252607]],"type":"LineString"},"properties":{"id":"1034","nom":"Pas Enchantes I5","long":373,"vref":21}},{"type":"Feature","geometry":{"coordinates":[[-1.518224383117431,47.20740222573791],[-1.517444298392343,47.20762953077588],[-1.51640709919463,47.20781899484371],[-1.514070150344626,47.208147853077065],[-1.513795244087593,47.2081993451729],[-1.513657975932382,47.208227664403495]],"type":"LineString"},"properties":{"id":"6034","nom":"Pas Enchantes P3","long":358,"vref":21}},{"type":"Feature","geometry":{"coordinates":[[-1.521486176814955,47.2248994978915],[-1.520344756760409,47.22411015702352]],"type":"LineString"},"properties":{"id":"5121","nom":"Doulon I4","long":123,"vref":14}},{"type":"Feature","geometry":{"coordinates":[[-1.516431744296878,47.22071521767108],[-1.516045097301429,47.21957350902525]],"type":"LineString"},"properties":{"id":"5125","nom":"Seattle I2","long":130,"vref":22}},{"type":"Feature","geometry":{"coordinates":[[-1.518718851897641,47.216429834787355],[-1.518415018939491,47.21656382007068],[-1.518068085477962,47.21673020148425],[-1.516175455251756,47.21749307964948],[-1.515936056541879,47.217617680981775],[-1.51574427938196,47.217772677170046],[-1.515604536573154,47.21793522037199]],"type":"LineString"},"properties":{"id":"5127","nom":"Sarrebruck I4","long":292,"vref":20}},{"type":"Feature","geometry":{"coordinates":[[-1.554969364855189,47.213898890343316],[-1.554225765737319,47.213065482166975],[-1.55377624985943,47.21288150743243]],"type":"LineString"},"properties":{"id":"424","nom":"Clisson (Cours)","long":148,"vref":18}},{"type":"Feature","geometry":{"coordinates":[[-1.555274425821907,47.21380397473774],[-1.554603273415565,47.212946452815515],[-1.554017989113702,47.21270721488801]],"type":"LineString"},"properties":{"id":"5424","nom":"Clisson (Cours)","long":159,"vref":16}},{"type":"Feature","geometry":{"coordinates":[[-1.554105238543905,47.20547290811714],[-1.550605973564002,47.20580564469376]],"type":"LineString"},"properties":{"id":"307","nom":"Babin Chevaye P2","long":267,"vref":20}},{"type":"Feature","geometry":{"coordinates":[[-1.547461072907781,47.205868361602],[-1.544150309075706,47.20621208740358]],"type":"LineString"},"properties":{"id":"5550","nom":"Gache I1","long":253,"vref":19}},{"type":"Feature","geometry":{"coordinates":[[-1.547708053945307,47.205349260517416],[-1.54799726080054,47.20578734180086]],"type":"LineString"},"properties":{"id":"5330","nom":"Martyrs P2","long":53,"vref":19}},{"type":"Feature","geometry":{"coordinates":[[-1.548854850639711,47.20692134298859],[-1.548185413608059,47.206043093095204]],"type":"LineString"},"properties":{"id":"5331","nom":"Martyrs P1","long":110,"vref":30}},{"type":"Feature","geometry":{"coordinates":[[-1.547087148919426,47.20522263339784],[-1.547488858993607,47.205875679901006]],"type":"LineString"},"properties":{"id":"330","nom":"Martyrs I3","long":78,"vref":16}},{"type":"Feature","geometry":{"coordinates":[[-1.546201774950216,47.203037050740576],[-1.547524859179127,47.205036588603654]],"type":"LineString"},"properties":{"id":"5203","nom":"Martyrs P3","long":243,"vref":30}},{"type":"Feature","geometry":{"coordinates":[[-1.506594608271497,47.18177089588097],[-1.506142724216286,47.18191834961305],[-1.505936875216797,47.18203457718044],[-1.505764882872484,47.18231811290368],[-1.505690822251907,47.182602343063884],[-1.505639319573403,47.183013742982936],[-1.505547288365471,47.183351875956106],[-1.505399812613992,47.18359658254104],[-1.505210790761056,47.18377166855381]],"type":"LineString"},"properties":{"id":"100065","nom":"Fontenelle","long":163,"vref":30}},{"type":"Feature","geometry":{"coordinates":[[-1.507589222485223,47.26312830955934],[-1.508453997088512,47.26183225231991],[-1.508661497968888,47.261479719752856],[-1.509032254525408,47.26108386278017],[-1.509476297337353,47.26066170719909],[-1.510099960977929,47.26023345947547],[-1.510778805127221,47.259878804578925],[-1.511240834127392,47.259686782686444]],"type":"LineString"},"properties":{"id":"102","nom":"Moulin de la Garde","long":483,"vref":30}},{"type":"Feature","geometry":{"coordinates":[[-1.614577036946128,47.209787221882834],[-1.617241040173465,47.21083440148396],[-1.617459920180526,47.21116385005235]],"type":"LineString"},"properties":{"id":"100128","nom":"Rue d'Aquitaine vers Ouest","long":170,"vref":24}},{"type":"Feature","geometry":{"coordinates":[[-1.554599558608804,47.20646126006672],[-1.551575063120578,47.20676457527354],[-1.548809000496197,47.20683208456116]],"type":"LineString"},"properties":{"id":"5375","nom":"Hoche I","long":441,"vref":16}},{"type":"Feature","geometry":{"coordinates":[[-1.546623014253037,47.207569267202246],[-1.543052265434923,47.20869355424006]],"type":"LineString"},"properties":{"id":"5403","nom":"Doumergue P2","long":297,"vref":24}},{"type":"Feature","geometry":{"coordinates":[[-1.709136512269773,47.21290079735035],[-1.70921342139322,47.212976527070516],[-1.710872458195,47.21350545909248],[-1.711488022044921,47.213694358933],[-1.712504141855292,47.21421282931884],[-1.713207989452763,47.21448736821255]],"type":"LineString"},"properties":{"id":"5570","nom":"Europe I6","long":357,"vref":30}},{"type":"Feature","geometry":{"coordinates":[[-1.713125957094174,47.2145841609839],[-1.713715460111783,47.21482866020801],[-1.714125750613195,47.2149865784903],[-1.715294968177944,47.215286024798615]],"type":"LineString"},"properties":{"id":"571","nom":"Europe P2","long":182,"vref":30}},{"type":"Feature","geometry":{"coordinates":[[-1.606109726853505,47.24488826552131],[-1.608351214923403,47.24224320722251]],"type":"LineString"},"properties":{"id":"576","nom":"Thebaudière P2","long":339,"vref":13}},{"type":"Feature","geometry":{"coordinates":[[-1.576832212254238,47.236934108749274],[-1.579737435741014,47.236242124195925]],"type":"LineString"},"properties":{"id":"152","nom":"Longchamp P3","long":233,"vref":30}},{"type":"Feature","geometry":{"coordinates":[[-1.54371581085575,47.21172553229082],[-1.544777721630515,47.21131313874616]],"type":"LineString"},"properties":{"id":"587","nom":"Rieux P","long":92,"vref":15}},{"type":"Feature","geometry":{"coordinates":[[-1.564536454460011,47.206451325368555],[-1.562861217974516,47.204636203540495]],"type":"LineString"},"properties":{"id":"5139","nom":"Bureau P","long":238,"vref":30}},{"type":"Feature","geometry":{"coordinates":[[-1.606848292134251,47.21410993302726],[-1.604925463834731,47.2157808303782],[-1.604547095272887,47.2163234360084],[-1.604357478041972,47.21665923431094],[-1.603758951063748,47.217814800374214],[-1.603569677898758,47.21820108399233]],"type":"LineString"},"properties":{"id":"100060","nom":"CHA_100060","long":524,"vref":23}},{"type":"Feature","geometry":{"coordinates":[[-1.60356323630517,47.21820314375489],[-1.603031951819692,47.21992777168067],[-1.602921697404242,47.22037133221042]],"type":"LineString"},"properties":{"id":"100057","nom":"CHA_100057","long":247,"vref":23}},{"type":"Feature","geometry":{"coordinates":[[-1.504219465147332,47.2071032144128],[-1.503663352524677,47.20727273925897],[-1.502979373644264,47.20744813755971],[-1.502482461471006,47.20755042812637],[-1.501801989983433,47.207625589804195],[-1.501464222923024,47.207653153991025],[-1.499895801292546,47.20766454425191]],"type":"LineString"},"properties":{"id":"100033","nom":"De Gaulle P1","long":340,"vref":22}},{"type":"Feature","geometry":{"coordinates":[[-1.51071111633758,47.20470425909148],[-1.510314749150468,47.2049162862078],[-1.509938954722203,47.20515275904216],[-1.509767203793256,47.205282088497256],[-1.508886159385369,47.20571047604874]],"type":"LineString"},"properties":{"id":"100037","nom":"Daniel P1","long":180,"vref":30}},{"type":"Feature","geometry":{"coordinates":[[-1.621141346559355,47.22567924675703],[-1.620097461581288,47.226168094333914]],"type":"LineString"},"properties":{"id":"5606","nom":"Berthelot I2","long":95,"vref":19}},{"type":"Feature","geometry":{"coordinates":[[-1.618843650445623,47.22520125406182],[-1.619769745080633,47.22610308916355]],"type":"LineString"},"properties":{"id":"100044","nom":"Faraday","long":122,"vref":30}},{"type":"Feature","geometry":{"coordinates":[[-1.545662043584804,47.21645301187306],[-1.545064077514518,47.216925568477315],[-1.54424866320138,47.21723712595431],[-1.543768854996524,47.217401142906574],[-1.543108926976932,47.217579440522655],[-1.54313551248822,47.217768668929715]],"type":"LineString"},"properties":{"id":"100055","nom":"Baudry I3","long":256,"vref":11}},{"type":"Feature","geometry":{"coordinates":[[-1.542146904306961,47.15910439541872],[-1.541948916177011,47.15747760045579]],"type":"LineString"},"properties":{"id":"5596","nom":"Sorinières P2","long":181,"vref":21}},{"type":"Feature","geometry":{"coordinates":[[-1.541633923126406,47.15914437946795],[-1.541816112048217,47.16105444115495]],"type":"LineString"},"properties":{"id":"595","nom":"Sorinières I3","long":212,"vref":20}},{"type":"Feature","geometry":{"coordinates":[[-1.59132907065146,47.21383958219826],[-1.590371922154695,47.21377726874022],[-1.589848256059959,47.21376106009227],[-1.589084321256024,47.213855191795],[-1.588439572469678,47.21404638443292],[-1.587600702128126,47.21415131350885],[-1.586213834785004,47.21428005133985]],"type":"LineString"},"properties":{"id":"5840","nom":"Renardieres I1","long":395,"vref":30}},{"type":"Feature","geometry":{"coordinates":[[-1.509976906651082,47.18896672256035],[-1.510231233045476,47.187756579529825],[-1.510277861161719,47.18761859757691],[-1.510420723034861,47.187255935229416]],"type":"LineString"},"properties":{"id":"1118","nom":"Maraichers P1","long":202,"vref":30}},{"type":"Feature","geometry":{"coordinates":[[-1.569859189646083,47.250731735368895],[-1.569048938336273,47.25037683907436]],"type":"LineString"},"properties":{"id":"100072","nom":"Chauviniére P1","long":45,"vref":18}},{"type":"Feature","geometry":{"coordinates":[[-1.590451613326926,47.23353527519196],[-1.592442308364095,47.23192683304682],[-1.594190563644669,47.231020050304025]],"type":"LineString"},"properties":{"id":"197","nom":"Massacre I2","long":400,"vref":30}},{"type":"Feature","geometry":{"coordinates":[[-1.561103149007193,47.200230489360194],[-1.561160177552802,47.20160435711748]],"type":"LineString"},"properties":{"id":"100076","nom":"VEIL I1","long":140,"vref":30}},{"type":"Feature","geometry":{"coordinates":[[-1.561174845641643,47.20165247509733],[-1.56116005670199,47.2022734819485]],"type":"LineString"},"properties":{"id":"100077","nom":"VEIL I2","long":70,"vref":30}},{"type":"Feature","geometry":{"coordinates":[[-1.56106038661063,47.202268392240335],[-1.559096801390587,47.202408885596995]],"type":"LineString"},"properties":{"id":"100080","nom":"HALIMI I1","long":200,"vref":30}},{"type":"Feature","geometry":{"coordinates":[[-1.561649790526379,47.202571606167446],[-1.559145915460201,47.202816357808786]],"type":"LineString"},"properties":{"id":"100083","nom":"HALIMI P3","long":200,"vref":21}},{"type":"Feature","geometry":{"coordinates":[[-1.55903785157814,47.20282151654042],[-1.556078565526359,47.20309496099585]],"type":"LineString"},"properties":{"id":"100084","nom":"HALIMI P2","long":200,"vref":21}},{"type":"Feature","geometry":{"coordinates":[[-1.453206097009162,47.28238619238271],[-1.450226274323753,47.28387795544264],[-1.448734286711266,47.28462748516772],[-1.44719896912669,47.28538666902886],[-1.446223579703605,47.285873660623906],[-1.445017797417558,47.28646930744894],[-1.44384612843388,47.28705453721778]],"type":"LineString"},"properties":{"id":"15074","nom":"VM 723","long":877,"vref":21}},{"type":"Feature","geometry":{"coordinates":[[-1.651036411762567,47.21171607594459],[-1.653681515751459,47.21218332737892],[-1.654098699823709,47.21223238788361],[-1.654197700822909,47.212244640230004]],"type":"LineString"},"properties":{"id":"100089","nom":"Blard vers  Est","long":154,"vref":18}},{"type":"Feature","geometry":{"coordinates":[[-1.511838921544025,47.28289996768073],[-1.514083387436503,47.28065927462708]],"type":"LineString"},"properties":{"id":"100092","nom":"Européens I5","long":300,"vref":30}},{"type":"Feature","geometry":{"coordinates":[[-1.51051407542008,47.2845746188401],[-1.511765228218522,47.28298489244145]],"type":"LineString"},"properties":{"id":"100091","nom":"Européens I4","long":230,"vref":30}},{"type":"Feature","geometry":{"coordinates":[[-1.509687755698633,47.286158621701766],[-1.509868883487756,47.28572776885247],[-1.510316777313197,47.28452909464702]],"type":"LineString"},"properties":{"id":"2155","nom":"Bld Européens I3","long":210,"vref":18}},{"type":"Feature","geometry":{"coordinates":[[-1.555937354838183,47.20311494830316],[-1.554294525257795,47.20327790060302]],"type":"LineString"},"properties":{"id":"100101","nom":"HALIMI P4","long":84,"vref":18}},{"type":"Feature","geometry":{"coordinates":[[-1.555654492352919,47.20279062262145],[-1.554208881121083,47.20293859660995]],"type":"LineString"},"properties":{"id":"100102","nom":"HALIMI I4","long":69,"vref":30}},{"type":"Feature","geometry":{"coordinates":[[-1.530681431281359,47.22214998777204],[-1.531739493926547,47.21977423652886],[-1.532121758269476,47.2196778254149]],"type":"LineString"},"properties":{"id":"5233","nom":"Dalby I1","long":306,"vref":20}},{"type":"Feature","geometry":{"coordinates":[[-1.5382457838627,47.2235355530991],[-1.53624537397603,47.22142866363916]],"type":"LineString"},"properties":{"id":"5378","nom":"Coulmier I3","long":278,"vref":17}},{"type":"Feature","geometry":{"coordinates":[[-1.646058740833902,47.21822248801524],[-1.647465071476588,47.21845913226862]],"type":"LineString"},"properties":{"id":"100113","nom":"De Gaulle P4","long":68,"vref":24}},{"type":"Feature","geometry":{"coordinates":[[-1.64940121364355,47.21863840906507],[-1.647598204574724,47.21834556766617],[-1.647598204574724,47.21834556766617],[-1.647598204574724,47.21834556766617],[-1.647598204574724,47.21834556766617]],"type":"LineString"},"properties":{"id":"100114","nom":"De Gaulle I3","long":87,"vref":21}},{"type":"Feature","geometry":{"coordinates":[[-1.529236820658969,47.22508866626201],[-1.530681431281359,47.22214998777204]],"type":"LineString"},"properties":{"id":"5234","nom":"Dalby I2","long":344,"vref":30}},{"type":"Feature","geometry":{"coordinates":[[-1.516770786964519,47.23730209166437],[-1.518790277239498,47.235641414995264]],"type":"LineString"},"properties":{"id":"5115","nom":"Ste Luce P4","long":239,"vref":22}},{"type":"Feature","geometry":{"coordinates":[[-1.52904781285103,47.2025613650369],[-1.528277978631837,47.20290809913013],[-1.527087010098538,47.20348254505689],[-1.526611655547284,47.203714142426314],[-1.526260225182284,47.20387967168432],[-1.52587385426106,47.204022638424384],[-1.524845791772297,47.2043583990182],[-1.524520178629893,47.204462177968786],[-1.523657829284055,47.20476554589929]],"type":"LineString"},"properties":{"id":"5546","nom":"Pas Enchantes P1","long":477,"vref":19}},{"type":"Feature","geometry":{"coordinates":[[-1.563539784805616,47.236320687488636],[-1.563512498981961,47.23430533619765]],"type":"LineString"},"properties":{"id":"497","nom":"Lauriol I4","long":224,"vref":21}},{"type":"Feature","geometry":{"coordinates":[[-1.551553912867712,47.22760386550291],[-1.552131879309153,47.22717781375813],[-1.552609242939874,47.22724322569116],[-1.552727326220522,47.2271381186151],[-1.553000608104688,47.226896727517094],[-1.553042987673898,47.22679211084814],[-1.552982775153295,47.226234871231576]],"type":"LineString"},"properties":{"id":"5053","nom":"Barbusse P2","long":224,"vref":23}},{"type":"Feature","geometry":{"coordinates":[[-1.573604092578667,47.22023949280542],[-1.57004096793155,47.2191499301444]],"type":"LineString"},"properties":{"id":"402","nom":"Bastille","long":295,"vref":22}},{"type":"Feature","geometry":{"coordinates":[[-1.57549405009574,47.22058810922077],[-1.575230374474692,47.21986132669056],[-1.569825613891769,47.218295610386335]],"type":"LineString"},"properties":{"id":"583","nom":"Camus","long":528,"vref":30}},{"type":"Feature","geometry":{"coordinates":[[-1.558483733049385,47.22019427900286],[-1.555691220315465,47.22099029199274]],"type":"LineString"},"properties":{"id":"369","nom":"D'Arc","long":229,"vref":30}},{"type":"Feature","geometry":{"coordinates":[[-1.549644635895068,47.21988076763782],[-1.550985555926524,47.221576303934455]],"type":"LineString"},"properties":{"id":"342","nom":"Sully P1","long":214,"vref":19}},{"type":"Feature","geometry":{"coordinates":[[-1.553056924639634,47.2178391582257],[-1.551733475985509,47.21625862482566]],"type":"LineString"},"properties":{"id":"353","nom":"Strasbourg I2","long":202,"vref":17}},{"type":"Feature","geometry":{"coordinates":[[-1.561568436531043,47.20979496696486],[-1.562371715387592,47.20999170711576],[-1.562722896342449,47.21003141781168],[-1.563062688767669,47.210039524656445],[-1.56343227251047,47.20997851825404],[-1.566310758010017,47.20910405270598]],"type":"LineString"},"properties":{"id":"29","nom":"Fosse I4","long":384,"vref":30}},{"type":"Feature","geometry":{"coordinates":[[-1.574877420673663,47.20660327067104],[-1.573766275498447,47.20681434229713],[-1.573373259525076,47.20680291428382],[-1.573241573035635,47.206720704466235]],"type":"LineString"},"properties":{"id":"65","nom":"Allende I3","long":130,"vref":30}},{"type":"Feature","geometry":{"coordinates":[[-1.556359496100169,47.2115250651931],[-1.555586748077797,47.210582239939455]],"type":"LineString"},"properties":{"id":"318","nom":"Veil I2","long":120,"vref":13}},{"type":"Feature","geometry":{"coordinates":[[-1.562366660858481,47.21775674644489],[-1.562122297740116,47.217604040813555],[-1.560239228009377,47.21730554045159],[-1.559652342506743,47.2169621638907],[-1.559536884173664,47.21689486800115],[-1.559335421627444,47.217039949721766],[-1.559395010204772,47.217192716280046],[-1.559376586594318,47.21731406826557],[-1.559284474656965,47.21750498302112],[-1.559080725416887,47.21768109765599]],"type":"LineString"},"properties":{"id":"415","nom":"Mercoeur","long":342,"vref":18}},{"type":"Feature","geometry":{"coordinates":[[-1.545380697247404,47.21375898612378],[-1.543686155986121,47.21169247932009]],"type":"LineString"},"properties":{"id":"5319","nom":"Bonduelle P1","long":263,"vref":22}},{"type":"Feature","geometry":{"coordinates":[[-1.573241573035635,47.206720704466235],[-1.573961917958288,47.20615555056551],[-1.574450897209767,47.20569833828136],[-1.574862170704869,47.20519319908506],[-1.575328547957241,47.20446845892912]],"type":"LineString"},"properties":{"id":"5757","nom":"Renaud P","long":298,"vref":14}},{"type":"Feature","geometry":{"coordinates":[[-1.543847061435364,47.20029731769427],[-1.542346426482147,47.198100443597475]],"type":"LineString"},"properties":{"id":"134","nom":"Pirmil I","long":269,"vref":22}},{"type":"Feature","geometry":{"coordinates":[[-1.54414485912772,47.200061307833266],[-1.542721825216672,47.19805787920043]],"type":"LineString"},"properties":{"id":"5134","nom":"Pirmil P","long":247,"vref":22}},{"type":"Feature","geometry":{"coordinates":[[-1.542346426482147,47.198100443597475],[-1.542359375166536,47.19771512081268],[-1.544794199827587,47.194798566581966],[-1.545648884483772,47.194476714909825]],"type":"LineString"},"properties":{"id":"59","nom":"Dos d'Ane I1b","long":489,"vref":22}},{"type":"Feature","geometry":{"coordinates":[[-1.565595388254028,47.2287793407379],[-1.562577143775823,47.22914357066645]],"type":"LineString"},"properties":{"id":"394","nom":"Souvestre","long":232,"vref":30}},{"type":"Feature","geometry":{"coordinates":[[-1.552870478576889,47.21808690796265],[-1.55159649760821,47.21822895514569],[-1.550888842398628,47.218661446810465],[-1.550295160275563,47.219307813819825]],"type":"LineString"},"properties":{"id":"348","nom":"Leclerc","long":254,"vref":16}},{"type":"Feature","geometry":{"coordinates":[[-1.526283877218812,47.22866396433456],[-1.524804846450379,47.229788702806324]],"type":"LineString"},"properties":{"id":"57","nom":"Ste Luce I12","long":167,"vref":21}},{"type":"Feature","geometry":{"coordinates":[[-1.570425138425053,47.23818019371798],[-1.573245796268596,47.237510849380875]],"type":"LineString"},"properties":{"id":"5157","nom":"Longchamp I4","long":226,"vref":20}},{"type":"Feature","geometry":{"coordinates":[[-1.567791317801437,47.23597247074915],[-1.565750696578387,47.23346188205908]],"type":"LineString"},"properties":{"id":"5009","nom":"Schuman P1","long":319,"vref":19}},{"type":"Feature","geometry":{"coordinates":[[-1.583951472679488,47.26235299462116],[-1.587513594164917,47.2657185740646]],"type":"LineString"},"properties":{"id":"12","nom":"Rennes I1","long":461,"vref":18}},{"type":"Feature","geometry":{"coordinates":[[-1.560037336224031,47.243706555276205],[-1.557184366671883,47.24350162993291],[-1.556745877272047,47.24338951757356]],"type":"LineString"},"properties":{"id":"267","nom":"Tribunes I4","long":252,"vref":30}},{"type":"Feature","geometry":{"coordinates":[[-1.548501043663475,47.2185655155646],[-1.549191766002171,47.21938010429931]],"type":"LineString"},"properties":{"id":"343","nom":"Henri IV P2","long":104,"vref":7}},{"type":"Feature","geometry":{"coordinates":[[-1.577604540465704,47.24765179491033],[-1.578517098417505,47.24838027576482],[-1.579213569680185,47.24882716272692]],"type":"LineString"},"properties":{"id":"467","nom":"Vincent I3","long":178,"vref":7}},{"type":"Feature","geometry":{"coordinates":[[-1.543138261718802,47.21781543105614],[-1.544092329258128,47.21752224789621],[-1.545226272198603,47.21709917425202],[-1.545996601060442,47.21644481934412]],"type":"LineString"},"properties":{"id":"2133","nom":"Stalingrad P4","long":270,"vref":30}},{"type":"Feature","geometry":{"coordinates":[[-1.528032525336374,47.25900864900125],[-1.528979360730365,47.25914923714775],[-1.528633984890806,47.26032575882895],[-1.528404713856845,47.260508854388185],[-1.528643087011934,47.26116433921801]],"type":"LineString"},"properties":{"id":"97","nom":"St Joseph I04","long":308,"vref":30}},{"type":"Feature","geometry":{"coordinates":[[-1.544137602865002,47.21025433480224],[-1.549238053098919,47.20863267447567],[-1.549671296281364,47.20848907971052]],"type":"LineString"},"properties":{"id":"30","nom":"Morice I3","long":462,"vref":30}},{"type":"Feature","geometry":{"coordinates":[[-1.544207478292836,47.21050788417854],[-1.549914833314784,47.20873573753923]],"type":"LineString"},"properties":{"id":"5030","nom":"Morice P1","long":475,"vref":22}},{"type":"Feature","geometry":{"coordinates":[[-1.515564870221118,47.25316146711703],[-1.512602910574847,47.25487724403843]],"type":"LineString"},"properties":{"id":"166","nom":"Paris I5b","long":294,"vref":25}},{"type":"Feature","geometry":{"coordinates":[[-1.552675950916825,47.217890194700324],[-1.551478950298897,47.2180286109991],[-1.550555205052097,47.218530302566435],[-1.550057946216106,47.21902379547164]],"type":"LineString"},"properties":{"id":"5348","nom":"Leclerc","long":247,"vref":30}},{"type":"Feature","geometry":{"coordinates":[[-1.556745877272047,47.24338951757356],[-1.556665468859286,47.24313839426626],[-1.55681465339671,47.24115011495629]],"type":"LineString"},"properties":{"id":"230","nom":"Petit Port I","long":249,"vref":17}},{"type":"Feature","geometry":{"coordinates":[[-1.583373504121552,47.26234684145846],[-1.587099420952143,47.26583791430503]],"type":"LineString"},"properties":{"id":"5012","nom":"Rennes P6","long":479,"vref":21}},{"type":"Feature","geometry":{"coordinates":[[-1.547433400074875,47.23529703431523],[-1.541441906156993,47.23450711933537]],"type":"LineString"},"properties":{"id":"5038","nom":"Belges I1","long":462,"vref":18}},{"type":"Feature","geometry":{"coordinates":[[-1.550289925533401,47.22430118921418],[-1.548340078394192,47.22554634567355]],"type":"LineString"},"properties":{"id":"75","nom":"Pitre Chevallier P2","long":202,"vref":30}},{"type":"Feature","geometry":{"coordinates":[[-1.530803582593166,47.23188450438339],[-1.528498499053941,47.230257197876206],[-1.526298146427759,47.22867277279521]],"type":"LineString"},"properties":{"id":"36","nom":"Poilus P1","long":493,"vref":21}},{"type":"Feature","geometry":{"coordinates":[[-1.574205825033132,47.2333807037629],[-1.576463541237093,47.23251676670576]],"type":"LineString"},"properties":{"id":"5145","nom":"Americains I1","long":196,"vref":30}},{"type":"Feature","geometry":{"coordinates":[[-1.526797753562548,47.20673227183422],[-1.523919579367131,47.204951796572026]],"type":"LineString"},"properties":{"id":"5543","nom":"Pont Léopold L1","long":294,"vref":30}},{"type":"Feature","geometry":{"coordinates":[[-1.567030380362276,47.220721439274314],[-1.570061347790474,47.22068840363081]],"type":"LineString"},"properties":{"id":"271","nom":"Felibien I3","long":229,"vref":18}},{"type":"Feature","geometry":{"coordinates":[[-1.564949070211524,47.22091563378627],[-1.563130148145011,47.22093798163666]],"type":"LineString"},"properties":{"id":"5770","nom":"Felibien P1","long":137,"vref":30}},{"type":"Feature","geometry":{"coordinates":[[-1.575439176902289,47.22880581098269],[-1.572791654764778,47.22555750334495]],"type":"LineString"},"properties":{"id":"76","nom":"Meusnier Querlon I1","long":413,"vref":30}},{"type":"Feature","geometry":{"coordinates":[[-1.576090869882725,47.230756647037424],[-1.57519548691732,47.229202067815024]],"type":"LineString"},"properties":{"id":"5073","nom":"Boulay Paty P1","long":185,"vref":21}},{"type":"Feature","geometry":{"coordinates":[[-1.572082699162723,47.22953673595363],[-1.570121112398752,47.227755141829675]],"type":"LineString"},"properties":{"id":"5396","nom":"Hauts Paves P3","long":247,"vref":30}},{"type":"Feature","geometry":{"coordinates":[[-1.576978268253087,47.232429125714084],[-1.575461385896336,47.231719085234566]],"type":"LineString"},"properties":{"id":"774","nom":"Jean 23 I1","long":139,"vref":19}},{"type":"Feature","geometry":{"coordinates":[[-1.580365631113622,47.234269495124686],[-1.576980234770222,47.23274584606792]],"type":"LineString"},"properties":{"id":"5071","nom":"Vannes P1","long":307,"vref":20}},{"type":"Feature","geometry":{"coordinates":[[-1.584464975591099,47.24079233562053],[-1.584917303796223,47.23987084484634],[-1.586294735202922,47.23792075852244]],"type":"LineString"},"properties":{"id":"100062","nom":"Grootaers","long":217,"vref":19}},{"type":"Feature","geometry":{"coordinates":[[-1.582944616417376,47.23549542712768],[-1.583638234028542,47.23596714694993],[-1.584741621456488,47.23675822435395],[-1.585970322226578,47.23766679091568]],"type":"LineString"},"properties":{"id":"5711","nom":"Vannes P3","long":332,"vref":18}},{"type":"Feature","geometry":{"coordinates":[[-1.583123434893785,47.235185973808406],[-1.58386926328376,47.23566726773993],[-1.585078131425861,47.23651254037573],[-1.586106594761316,47.23723185862181]],"type":"LineString"},"properties":{"id":"711","nom":"Vannes I8","long":320,"vref":18}},{"type":"Feature","geometry":{"coordinates":[[-1.550503674254707,47.209504223772555],[-1.55175394271853,47.21089324541467]],"type":"LineString"},"properties":{"id":"5325","nom":"Madeleine P2","long":181,"vref":16}},{"type":"Feature","geometry":{"coordinates":[[-1.582869044612584,47.226298748423936],[-1.582358264956819,47.22619125764641],[-1.581398156637418,47.22582249364902],[-1.580437006275653,47.22543931110103],[-1.57976333545582,47.225030875173914],[-1.579054248611576,47.22459371413549],[-1.577137174210696,47.224166616688294]],"type":"LineString"},"properties":{"id":"177","nom":"Pageot P1","long":501,"vref":12}},{"type":"Feature","geometry":{"coordinates":[[-1.551643765798348,47.20358409145473],[-1.549679652934275,47.202620550282695]],"type":"LineString"},"properties":{"id":"5202","nom":"Hugo P2","long":183,"vref":18}},{"type":"Feature","geometry":{"coordinates":[[-1.543838083705755,47.20650017490482],[-1.541723961924523,47.20670446416205]],"type":"LineString"},"properties":{"id":"140","nom":"Gache P2","long":161,"vref":19}},{"type":"Feature","geometry":{"coordinates":[[-1.556359496100169,47.2115250651931],[-1.554647420609069,47.21207509434921]],"type":"LineString"},"properties":{"id":"5359","nom":"Philippot I1","long":143,"vref":20}},{"type":"Feature","geometry":{"coordinates":[[-1.552607404891681,47.21332235879267],[-1.55377624985943,47.21288150743243]],"type":"LineString"},"properties":{"id":"357","nom":"Philippot P1","long":101,"vref":15}},{"type":"Feature","geometry":{"coordinates":[[-1.621607306955436,47.21910028313145],[-1.622141078500722,47.21874038592859],[-1.623107527111657,47.21849667373712],[-1.623693813946397,47.218068921784806],[-1.624844358559732,47.216384504325276]],"type":"LineString"},"properties":{"id":"2126","nom":"Atlantis - bretelle","long":406,"vref":26}},{"type":"Feature","geometry":{"coordinates":[[-1.597161655289697,47.2094387322268],[-1.598235506899522,47.208638460129684],[-1.59888184215736,47.20816131802081],[-1.599677227918672,47.20756969839282],[-1.600485138348013,47.2070044740997],[-1.600732059144197,47.20682061309652],[-1.601333429964636,47.20641206576043]],"type":"LineString"},"properties":{"id":"5220","nom":"Moulin I1","long":461,"vref":16}},{"type":"Feature","geometry":{"coordinates":[[-1.556391217985317,47.244720213040694],[-1.555652512532197,47.246437404182984]],"type":"LineString"},"properties":{"id":"426","nom":"Mollet I3","long":198,"vref":19}},{"type":"Feature","geometry":{"coordinates":[[-1.587174462046044,47.2161449962748],[-1.586213834785004,47.21428005133985]],"type":"LineString"},"properties":{"id":"5046","nom":"Fraternite I3","long":219,"vref":18}},{"type":"Feature","geometry":{"coordinates":[[-1.580909072821059,47.222350313713896],[-1.580352092991502,47.222293916143784],[-1.578617166919121,47.22178842310869]],"type":"LineString"},"properties":{"id":"764","nom":"Dervallieres I3","long":185,"vref":19}},{"type":"Feature","geometry":{"coordinates":[[-1.598870133730442,47.21627864807182],[-1.598008352148925,47.21397185452983],[-1.597622134488859,47.2133535182734]],"type":"LineString"},"properties":{"id":"5447","nom":"Corps de Garde","long":339,"vref":30}},{"type":"Feature","geometry":{"coordinates":[[-1.603452106784329,47.21355161509285],[-1.601145557048785,47.213427170494654],[-1.59784464114395,47.213290199002984]],"type":"LineString"},"properties":{"id":"5449","nom":"Durantiere I1","long":425,"vref":30}},{"type":"Feature","geometry":{"coordinates":[[-1.546021232553388,47.21457218631504],[-1.545380697247404,47.21375898612378]],"type":"LineString"},"properties":{"id":"5131","nom":"Carnot P2","long":102,"vref":18}},{"type":"Feature","geometry":{"coordinates":[[-1.543686155986121,47.21169247932009],[-1.541689849917388,47.20930487917434]],"type":"LineString"},"properties":{"id":"5130","nom":"Briand P1","long":305,"vref":18}},{"type":"Feature","geometry":{"coordinates":[[-1.545066670031562,47.21389751532447],[-1.543447153390793,47.21198841715123]],"type":"LineString"},"properties":{"id":"319","nom":"Bonduelle I1","long":245,"vref":19}},{"type":"Feature","geometry":{"coordinates":[[-1.53162667493304,47.197058575486565],[-1.528576949873304,47.193400838644266]],"type":"LineString"},"properties":{"id":"5577","nom":"Gabory P2","long":467,"vref":20}},{"type":"Feature","geometry":{"coordinates":[[-1.531051003254295,47.19684367107024],[-1.527883682152422,47.19306604235487]],"type":"LineString"},"properties":{"id":"577","nom":"Gabory I1","long":483,"vref":21}},{"type":"Feature","geometry":{"coordinates":[[-1.52606718927211,47.19098998566739],[-1.523105068791321,47.18746642123407]],"type":"LineString"},"properties":{"id":"248","nom":"Vendee I4","long":451,"vref":23}},{"type":"Feature","geometry":{"coordinates":[[-1.511792415733574,47.18564783397327],[-1.511359403974434,47.18603624068616],[-1.51120478150322,47.186164006103674],[-1.510993548108743,47.18638956413498],[-1.510843861343105,47.18656042060776],[-1.510433002787368,47.18724463551773]],"type":"LineString"},"properties":{"id":"100066","nom":"Maraichers P2","long":200,"vref":30}},{"type":"Feature","geometry":{"coordinates":[[-1.51193768710722,47.185509135525734],[-1.511493937417584,47.18525258480304],[-1.510003832594482,47.1842096287217],[-1.508432693380733,47.18302799677017],[-1.507882496629258,47.18255313900672]],"type":"LineString"},"properties":{"id":"6120","nom":"Grand Maison P1","long":450,"vref":13}},{"type":"Feature","geometry":{"coordinates":[[-1.529125392045009,47.19328131302622],[-1.526755872369691,47.1924362586224]],"type":"LineString"},"properties":{"id":"238","nom":"Herses I1","long":202,"vref":22}},{"type":"Feature","geometry":{"coordinates":[[-1.546907967426128,47.19253047126505],[-1.547780196607812,47.191720966184775]],"type":"LineString"},"properties":{"id":"1168","nom":"Liberation I3","long":111,"vref":18}},{"type":"Feature","geometry":{"coordinates":[[-1.55186171842576,47.18924709157048],[-1.551845168855073,47.189915274545136],[-1.552084181965064,47.19037155033919],[-1.552717360833999,47.19075260491246]],"type":"LineString"},"properties":{"id":"1013","nom":"Malraux P1","long":192,"vref":18}},{"type":"Feature","geometry":{"coordinates":[[-1.553960636967748,47.19232138029851],[-1.553854423665355,47.191838953314814],[-1.553711758740743,47.19156310092477],[-1.553552648198214,47.19126922998794],[-1.553204022500997,47.190992077483386],[-1.552717360833999,47.19075260491246]],"type":"LineString"},"properties":{"id":"1179","nom":"Malraux P2","long":207,"vref":30}},{"type":"Feature","geometry":{"coordinates":[[-1.551035671807835,47.18854440588346],[-1.553069000628865,47.18546783455211]],"type":"LineString"},"properties":{"id":"239","nom":"Commune I1","long":375,"vref":18}},{"type":"Feature","geometry":{"coordinates":[[-1.54837782933572,47.207045773777665],[-1.549394955904451,47.208583012755106]],"type":"LineString"},"properties":{"id":"136","nom":"Audibert I","long":187,"vref":21}},{"type":"Feature","geometry":{"coordinates":[[-1.551359620652925,47.203861966945226],[-1.549097453260307,47.20277639375918]],"type":"LineString"},"properties":{"id":"202","nom":"Hugo I3","long":209,"vref":23}},{"type":"Feature","geometry":{"coordinates":[[-1.549097453260307,47.20277639375918],[-1.546662865076498,47.20154593753339]],"type":"LineString"},"properties":{"id":"328","nom":"Hugo I2","long":229,"vref":30}},{"type":"Feature","geometry":{"coordinates":[[-1.539589150276141,47.20664422118434],[-1.538346594112841,47.20512583759777]],"type":"LineString"},"properties":{"id":"7124","nom":"De Gaulle P1","long":193,"vref":24}},{"type":"Feature","geometry":{"coordinates":[[-1.570425138425053,47.23818019371798],[-1.568449841916593,47.236006919877866]],"type":"LineString"},"properties":{"id":"81","nom":"Schuman I4","long":284,"vref":20}},{"type":"Feature","geometry":{"coordinates":[[-1.565511038731908,47.23325020559648],[-1.56343525510074,47.23403553556222]],"type":"LineString"},"properties":{"id":"5041","nom":"Goncourt I","long":179,"vref":17}},{"type":"Feature","geometry":{"coordinates":[[-1.564606272141758,47.21534272291508],[-1.563952364130341,47.21503568860035]],"type":"LineString"},"properties":{"id":"761","nom":"Guist'hau I5","long":60,"vref":30}},{"type":"Feature","geometry":{"coordinates":[[-1.564606272141758,47.21534272291508],[-1.565198255280587,47.21480055133652]],"type":"LineString"},"properties":{"id":"760","nom":"Cassini","long":75,"vref":14}},{"type":"Feature","geometry":{"coordinates":[[-1.554852786627353,47.21991656745278],[-1.553213098668353,47.21800827305856]],"type":"LineString"},"properties":{"id":"352","nom":"Strasbourg I1","long":245,"vref":13}},{"type":"Feature","geometry":{"coordinates":[[-1.554532356911091,47.2200089038358],[-1.552870478576889,47.21808690796265]],"type":"LineString"},"properties":{"id":"5352","nom":"Strasbourg P3","long":247,"vref":16}},{"type":"Feature","geometry":{"coordinates":[[-1.551910797331007,47.2038000278121],[-1.554861665518542,47.20159124809961]],"type":"LineString"},"properties":{"id":"5185","nom":"Roch P2","long":332,"vref":30}},{"type":"Feature","geometry":{"coordinates":[[-1.551643765798348,47.20358409145473],[-1.554140404559884,47.20172911361219]],"type":"LineString"},"properties":{"id":"185","nom":"Roch I1","long":279,"vref":30}},{"type":"Feature","geometry":{"coordinates":[[-1.562611937238735,47.19556305874741],[-1.563123517474242,47.192902058279756]],"type":"LineString"},"properties":{"id":"5792","nom":"Bd Schoelcher","long":298,"vref":30}},{"type":"Feature","geometry":{"coordinates":[[-1.545280045296622,47.194838948770304],[-1.549311977511368,47.19382488778898]],"type":"LineString"},"properties":{"id":"6015","nom":"De Gaulle (R) P1","long":325,"vref":30}},{"type":"Feature","geometry":{"coordinates":[[-1.546207364476702,47.194328908352176],[-1.549274067249722,47.19353208255508]],"type":"LineString"},"properties":{"id":"1015","nom":"De Gaulle (R) I4","long":248,"vref":30}},{"type":"Feature","geometry":{"coordinates":[[-1.582758793416292,47.2264892686315],[-1.582166797466495,47.22636906023727],[-1.581189538534032,47.22599365435198],[-1.580211238095462,47.22560382962518],[-1.579524876227808,47.22518756850353],[-1.578803098766223,47.22474258204315],[-1.577075483591363,47.22435857779226]],"type":"LineString"},"properties":{"id":"5177","nom":"Pageot I2","long":498,"vref":30}},{"type":"Feature","geometry":{"coordinates":[[-1.530361549733812,47.215461925000575],[-1.530746050876634,47.215711113787826],[-1.533100174990347,47.21643281117917]],"type":"LineString"},"properties":{"id":"209","nom":"Berlin P2","long":235,"vref":19}},{"type":"Feature","geometry":{"coordinates":[[-1.553663610776895,47.250591716996595],[-1.55397027410469,47.24976620265064],[-1.554208215404175,47.24918342900124]],"type":"LineString"},"properties":{"id":"10104","nom":"Mollet P3","long":161,"vref":30}},{"type":"Feature","geometry":{"coordinates":[[-1.549311977511368,47.19382488778898],[-1.554104502378485,47.192613701920976]],"type":"LineString"},"properties":{"id":"6001","nom":"De Gaulle (R) P2","long":387,"vref":30}},{"type":"Feature","geometry":{"coordinates":[[-1.579383565133237,47.20682891502028],[-1.577808839914629,47.20649856053523],[-1.577289874128049,47.20640061853398],[-1.576982509243464,47.2063594643589],[-1.57657582659402,47.20634747965488]],"type":"LineString"},"properties":{"id":"86","nom":"Allende I1","long":220,"vref":30}},{"type":"Feature","geometry":{"coordinates":[[-1.582568106721955,47.22233621952338],[-1.58234064013481,47.22235324101029],[-1.582138783246357,47.22236835942855],[-1.581810616961198,47.22237538909083],[-1.581342998745275,47.22236032927653],[-1.581041428726687,47.22233755985447]],"type":"LineString"},"properties":{"id":"68","nom":"Dervallieres I2","long":116,"vref":18}},{"type":"Feature","geometry":{"coordinates":[[-1.572798275563099,47.22077761021158],[-1.573604092578667,47.22023949280542]],"type":"LineString"},"properties":{"id":"241","nom":"Boffrand P1","long":85,"vref":30}},{"type":"Feature","geometry":{"coordinates":[[-1.567014106262,47.220716725728025],[-1.564656787924987,47.220770746322756]],"type":"LineString"},"properties":{"id":"400","nom":"Felibien I1","long":178,"vref":16}},{"type":"Feature","geometry":{"coordinates":[[-1.564656787924987,47.220770746322756],[-1.563031176906968,47.220806154815826]],"type":"LineString"},"properties":{"id":"770","nom":"Felibien I2","long":123,"vref":30}},{"type":"Feature","geometry":{"coordinates":[[-1.542613752966776,47.22729112150261],[-1.540786836651897,47.229128416108225]],"type":"LineString"},"properties":{"id":"784","nom":"Buat P5","long":246,"vref":20}},{"type":"Feature","geometry":{"coordinates":[[-1.561806706849681,47.238837213976545],[-1.563058083965416,47.23750609018773],[-1.563240897070184,47.23731210624923],[-1.563369751315288,47.23712613848829],[-1.563470399882314,47.23682349155994],[-1.563539784805616,47.236320687488636]],"type":"LineString"},"properties":{"id":"496","nom":"Lauriol I3","long":314,"vref":23}},{"type":"Feature","geometry":{"coordinates":[[-1.565750696578387,47.23346188205908],[-1.565703013293687,47.233472783004075],[-1.563512498981961,47.23430533619765]],"type":"LineString"},"properties":{"id":"41","nom":"Goncourt P","long":193,"vref":20}},{"type":"Feature","geometry":{"coordinates":[[-1.569556627181573,47.229276683947994],[-1.570121112398752,47.227755141829675]],"type":"LineString"},"properties":{"id":"397","nom":"Faure I2","long":174,"vref":30}},{"type":"Feature","geometry":{"coordinates":[[-1.568469029769336,47.225978510689515],[-1.567389027836199,47.225293813793996]],"type":"LineString"},"properties":{"id":"755","nom":"Hauts Paves I3","long":111,"vref":30}},{"type":"Feature","geometry":{"coordinates":[[-1.567389027836199,47.225293813793996],[-1.56661456692158,47.22478965820642],[-1.565949606871192,47.224415934172214]],"type":"LineString"},"properties":{"id":"776","nom":"Poitou I1","long":146,"vref":19}},{"type":"Feature","geometry":{"coordinates":[[-1.565949606871192,47.224415934172214],[-1.565226282194203,47.22398949298493],[-1.564616638160417,47.22346013993354],[-1.56431172258271,47.22316296143912],[-1.564182995480448,47.22299705880012],[-1.563975449756563,47.222726508495604],[-1.563723969142345,47.222393468418765],[-1.563082921374959,47.22157830980464]],"type":"LineString"},"properties":{"id":"398","nom":"Poitou I2","long":386,"vref":18}},{"type":"Feature","geometry":{"coordinates":[[-1.563082921374959,47.22157830980464],[-1.563396396813301,47.221328308053906],[-1.563031176906968,47.220806154815826]],"type":"LineString"},"properties":{"id":"777","nom":"Viarme I3","long":100,"vref":16}},{"type":"Feature","geometry":{"coordinates":[[-1.57155780294717,47.22392873327468],[-1.572283864409505,47.22256782806864]],"type":"LineString"},"properties":{"id":"780","nom":"Dumas I1","long":160,"vref":30}},{"type":"Feature","geometry":{"coordinates":[[-1.56223149317632,47.20472149067896],[-1.560748591814455,47.204859369757905]],"type":"LineString"},"properties":{"id":"2130","nom":"Prairie Duc P3","long":113,"vref":30}},{"type":"Feature","geometry":{"coordinates":[[-1.510970591000123,47.24101951914831],[-1.508976096523522,47.2413904486074]],"type":"LineString"},"properties":{"id":"175","nom":"Ste Luce I5","long":156,"vref":18}},{"type":"Feature","geometry":{"coordinates":[[-1.572499113768078,47.22584500050277],[-1.571393530263655,47.22447913520208]],"type":"LineString"},"properties":{"id":"5779","nom":"Meusnier Querlon P1","long":173,"vref":30}},{"type":"Feature","geometry":{"coordinates":[[-1.538222812077342,47.19904612939295],[-1.539177334185409,47.198826222076356],[-1.539954923542659,47.19860916467382],[-1.54031876868217,47.198490638924966],[-1.541605339818686,47.19804800338132]],"type":"LineString"},"properties":{"id":"5215","nom":"Cote St Sébastien I1","long":279,"vref":19}},{"type":"Feature","geometry":{"coordinates":[[-1.575529302419747,47.23175702368543],[-1.574915104544755,47.23143734581605],[-1.574659086550829,47.23127164509066],[-1.574458148994886,47.23111336201096],[-1.57401374561281,47.23077450443326],[-1.573597011951452,47.2303996228648],[-1.572786009511836,47.229625360607784]],"type":"LineString"},"properties":{"id":"72","nom":"Jean 23 I2","long":317,"vref":30}},{"type":"Feature","geometry":{"coordinates":[[-1.548340078394192,47.22554634567355],[-1.545537074422239,47.22737224814069]],"type":"LineString"},"properties":{"id":"370","nom":"Pitre Chevallier P1","long":293,"vref":30}},{"type":"Feature","geometry":{"coordinates":[[-1.514498782188535,47.220814903361855],[-1.511929295148461,47.22132997571094]],"type":"LineString"},"properties":{"id":"128","nom":"Prairie Mauves I9","long":202,"vref":28}},{"type":"Feature","geometry":{"coordinates":[[-1.516111029581722,47.21825983050565],[-1.516134175815694,47.21862329796644],[-1.516495155544497,47.21947178883909]],"type":"LineString"},"properties":{"id":"126","nom":"Seattle P2","long":138,"vref":26}},{"type":"Feature","geometry":{"coordinates":[[-1.517262643909837,47.222052567960105],[-1.516431744296878,47.22071521767108]],"type":"LineString"},"properties":{"id":"123","nom":"Doulon P1","long":161,"vref":22}},{"type":"Feature","geometry":{"coordinates":[[-1.518513143330616,47.22317982917516],[-1.517666868140595,47.222512668047905],[-1.517470525551668,47.22228913222651],[-1.517262643909837,47.222052567960105]],"type":"LineString"},"properties":{"id":"34","nom":"Doulon P2","long":157,"vref":30}},{"type":"Feature","geometry":{"coordinates":[[-1.588700902366813,47.198081278002036],[-1.586219619569438,47.19835153676913],[-1.585259641870266,47.198494633852526],[-1.584200891091549,47.19863282921906]],"type":"LineString"},"properties":{"id":"25","nom":"Cardiff I1","long":346,"vref":21}},{"type":"Feature","geometry":{"coordinates":[[-1.575556674857658,47.20307385586782],[-1.575297015455405,47.20347788545574],[-1.574892109819042,47.20423562327578],[-1.574621068989649,47.20479482027581],[-1.574162741605516,47.205319097871346],[-1.573941934437593,47.20552987385101]],"type":"LineString"},"properties":{"id":"26","nom":"Aiguillon I2","long":300,"vref":20}},{"type":"Feature","geometry":{"coordinates":[[-1.576111482630079,47.25300939204474],[-1.572943060720032,47.25181462540445]],"type":"LineString"},"properties":{"id":"88","nom":"Chauviniere I1","long":274,"vref":30}},{"type":"Feature","geometry":{"coordinates":[[-1.558343957302895,47.203962463477374],[-1.556206872835791,47.20418224611552]],"type":"LineString"},"properties":{"id":"313","nom":"Estuaire I4","long":163,"vref":18}},{"type":"Feature","geometry":{"coordinates":[[-1.552675950916825,47.217890194700324],[-1.551334742525181,47.216336053145916]],"type":"LineString"},"properties":{"id":"5353","nom":"Strasbourg P2","long":200,"vref":14}},{"type":"Feature","geometry":{"coordinates":[[-1.551733475985509,47.21625862482566],[-1.550282877733755,47.21451107661406]],"type":"LineString"},"properties":{"id":"354","nom":"Strasbourg I3","long":223,"vref":31}},{"type":"Feature","geometry":{"coordinates":[[-1.562542863254584,47.21329617738869],[-1.562842116957948,47.21345424745851],[-1.563434796658146,47.214895328300905]],"type":"LineString"},"properties":{"id":"362","nom":"Franklin","long":195,"vref":16}},{"type":"Feature","geometry":{"coordinates":[[-1.556409245233049,47.234728063761104],[-1.556393689142404,47.233119909980026]],"type":"LineString"},"properties":{"id":"5163","nom":"Michelet P2","long":178,"vref":16}},{"type":"Feature","geometry":{"coordinates":[[-1.566943779232341,47.21693005301272],[-1.565686162455774,47.21625755242382]],"type":"LineString"},"properties":{"id":"5769","nom":"Guist'hau P3","long":121,"vref":30}},{"type":"Feature","geometry":{"coordinates":[[-1.556257345388083,47.24342252208367],[-1.556478150913607,47.24100257045285]],"type":"LineString"},"properties":{"id":"5230","nom":"Petit Port P","long":269,"vref":18}},{"type":"Feature","geometry":{"coordinates":[[-1.553577072207762,47.252276565750925],[-1.55384154003032,47.25149581400339],[-1.554707580869482,47.24919443944754]],"type":"LineString"},"properties":{"id":"525","nom":"Mollet I1","long":353,"vref":22}},{"type":"Feature","geometry":{"coordinates":[[-1.555957129272566,47.257261651283486],[-1.556383870075496,47.257606334638744],[-1.55668387658661,47.2580213336274],[-1.556819736376146,47.258367579342014],[-1.556962320202143,47.2589725943761],[-1.557096097929628,47.25964394543388]],"type":"LineString"},"properties":{"id":"5371","nom":"Luther King P3","long":284,"vref":22}},{"type":"Feature","geometry":{"coordinates":[[-1.540349972183344,47.20366542788321],[-1.539684301334357,47.20404897763511],[-1.538616312868647,47.20468957498637],[-1.538150507349488,47.204927091161736]],"type":"LineString"},"properties":{"id":"835","nom":"Monzie P2","long":217,"vref":30}},{"type":"Feature","geometry":{"coordinates":[[-1.559164941382672,47.217964079681565],[-1.558955730169778,47.218044414474186],[-1.558679980044587,47.218105328507285],[-1.558789012508554,47.219769148871784],[-1.559215997474562,47.22012103112446]],"type":"LineString"},"properties":{"id":"368","nom":"Cassegrain","long":276,"vref":22}},{"type":"Feature","geometry":{"coordinates":[[-1.559080725416887,47.21768109765599],[-1.558808914250326,47.21785848053352],[-1.558544052149913,47.217902516294885],[-1.55832370109674,47.21791305910635],[-1.558483733049385,47.22019427900286]],"type":"LineString"},"properties":{"id":"5368","nom":"Cassegrain","long":319,"vref":14}},{"type":"Feature","geometry":{"coordinates":[[-1.563642816842916,47.21866289104992],[-1.562366660858481,47.21775674644489]],"type":"LineString"},"properties":{"id":"406","nom":"Helie","long":139,"vref":15}},{"type":"Feature","geometry":{"coordinates":[[-1.542583315540282,47.212250700991426],[-1.542146520979607,47.21259663208231],[-1.541536236042005,47.212930858275655],[-1.540028555181822,47.21367087051469]],"type":"LineString"},"properties":{"id":"31","nom":"Tbilissi P","long":250,"vref":19}},{"type":"Feature","geometry":{"coordinates":[[-1.566310758010017,47.20910405270598],[-1.564077380994,47.20671761419033]],"type":"LineString"},"properties":{"id":"798","nom":"Anne Bretagne I","long":314,"vref":30}},{"type":"Feature","geometry":{"coordinates":[[-1.567603125179418,47.24719528026837],[-1.570061174156575,47.24684477530383],[-1.570281799807607,47.24681563114263],[-1.571823636062033,47.24697078761301]],"type":"LineString"},"properties":{"id":"266","nom":"Hippodrome","long":325,"vref":30}},{"type":"Feature","geometry":{"coordinates":[[-1.616654634098556,47.24617619072801],[-1.61450635637886,47.2494641906357]],"type":"LineString"},"properties":{"id":"5462","nom":"Paul I5","long":400,"vref":34}},{"type":"Feature","geometry":{"coordinates":[[-1.56691210838362,47.26263784977198],[-1.566142420361575,47.26226869128841],[-1.563725081040536,47.26117207137734],[-1.563378235075321,47.261009414855316]],"type":"LineString"},"properties":{"id":"812","nom":"Einstein P3","long":322,"vref":17}},{"type":"Feature","geometry":{"coordinates":[[-1.563727718031839,47.26087583779757],[-1.563170040564234,47.260690385877005],[-1.561997511295398,47.26053293839006],[-1.561434813904517,47.26042400576469]],"type":"LineString"},"properties":{"id":"5811","nom":"Einstein I3","long":181,"vref":17}},{"type":"Feature","geometry":{"coordinates":[[-1.557096097929628,47.25964394543388],[-1.556166743650921,47.259828030259925],[-1.554428342805325,47.26034999227117],[-1.552814866673633,47.26088112852271]],"type":"LineString"},"properties":{"id":"5096","nom":"Dreyfus I","long":352,"vref":30}},{"type":"Feature","geometry":{"coordinates":[[-1.553059358804835,47.261095764547065],[-1.551386623295713,47.26166705643086],[-1.550234312879941,47.26220427736583],[-1.54940541459415,47.26262430991423],[-1.548587922644964,47.26313888216457]],"type":"LineString"},"properties":{"id":"814","nom":"Becquerel P3","long":409,"vref":23}},{"type":"Feature","geometry":{"coordinates":[[-1.604117395753959,47.24657851001383],[-1.607171936705373,47.24780522401228],[-1.609629551788651,47.248518800514404]],"type":"LineString"},"properties":{"id":"5472","nom":"Vannes P8","long":470,"vref":18}},{"type":"Feature","geometry":{"coordinates":[[-1.546900325917872,47.19255033446428],[-1.545331696585051,47.19400655200848],[-1.545522955014453,47.194368484804734]],"type":"LineString"},"properties":{"id":"280","nom":"Liberation I4","long":243,"vref":19}},{"type":"Feature","geometry":{"coordinates":[[-1.54707746656889,47.19282193616909],[-1.547933919666822,47.1921078943192],[-1.548763901836883,47.19182193396523]],"type":"LineString"},"properties":{"id":"6168","nom":"Liberation P2","long":172,"vref":17}},{"type":"Feature","geometry":{"coordinates":[[-1.53624537397603,47.22142866363916],[-1.535162503796141,47.220194829864134],[-1.534863531397533,47.2194330442979]],"type":"LineString"},"properties":{"id":"5379","nom":"Coulmier I4","long":247,"vref":16}},{"type":"Feature","geometry":{"coordinates":[[-1.536971757178119,47.23242240763085],[-1.535756203374186,47.233669481271605]],"type":"LineString"},"properties":{"id":"5111","nom":"Buat I8","long":166,"vref":17}},{"type":"Feature","geometry":{"coordinates":[[-1.533026519339346,47.236813351978604],[-1.533905694346636,47.23581493211106]],"type":"LineString"},"properties":{"id":"5785","nom":"Verne P2","long":129,"vref":15}},{"type":"Feature","geometry":{"coordinates":[[-1.513907901923022,47.239181787454605],[-1.513478838702211,47.23959853211523],[-1.513053428193241,47.23993982891543],[-1.512427372078349,47.24033528669091],[-1.510970591000123,47.24101951914831]],"type":"LineString"},"properties":{"id":"176","nom":"Ste Luce I6","long":304,"vref":21}},{"type":"Feature","geometry":{"coordinates":[[-1.51512377312944,47.23843539809586],[-1.513907901923022,47.239181787454605]],"type":"LineString"},"properties":{"id":"178","nom":"Ste Luce I7","long":123,"vref":19}},{"type":"Feature","geometry":{"coordinates":[[-1.481762154540343,47.295612444278284],[-1.48426499168076,47.2960630587575],[-1.485865850064825,47.29630721238507]],"type":"LineString"},"properties":{"id":"837","nom":"Cugnot P3","long":319,"vref":30}},{"type":"Feature","geometry":{"coordinates":[[-1.588008490211602,47.206063886801275],[-1.588804143519024,47.20305976180052],[-1.589222287969335,47.201577124765755]],"type":"LineString"},"properties":{"id":"5453","nom":"Liberte I2","long":507,"vref":17}},{"type":"Feature","geometry":{"coordinates":[[-1.477868851699903,47.29525004149355],[-1.476276981071209,47.295151997123355]],"type":"LineString"},"properties":{"id":"5838","nom":"Cugnot I3","long":120,"vref":43}},{"type":"Feature","geometry":{"coordinates":[[-1.539592736780986,47.2134244695411],[-1.536778629184659,47.21297942797394]],"type":"LineString"},"properties":{"id":"5032","nom":"Malakoff I3","long":218,"vref":21}},{"type":"Feature","geometry":{"coordinates":[[-1.536363972116946,47.213045989482985],[-1.535147491573725,47.21301876417055],[-1.53449140943428,47.212888090121396],[-1.534151624578558,47.21285926123721],[-1.533884288234296,47.21288990954915]],"type":"LineString"},"properties":{"id":"5332","nom":"Malakoff I4","long":190,"vref":21}},{"type":"Feature","geometry":{"coordinates":[[-1.53396126726055,47.21324228319185],[-1.537015502278683,47.2132810239552]],"type":"LineString"},"properties":{"id":"332","nom":"Malakoff P1","long":231,"vref":22}},{"type":"Feature","geometry":{"coordinates":[[-1.537903649098725,47.20530273571681],[-1.533993484790529,47.20677970027287]],"type":"LineString"},"properties":{"id":"302","nom":"Rondeau P2","long":338,"vref":30}},{"type":"Feature","geometry":{"coordinates":[[-1.537725693895656,47.205019798000784],[-1.533599213605533,47.206604113491]],"type":"LineString"},"properties":{"id":"5302","nom":"Rondeau I1","long":358,"vref":30}},{"type":"Feature","geometry":{"coordinates":[[-1.535120680083057,47.210409061290875],[-1.535027720993148,47.210170729466405],[-1.534972811772654,47.20972577910732],[-1.535056962267338,47.20934013177763],[-1.535343163430375,47.208858955194074],[-1.535556132775845,47.20849580695168]],"type":"LineString"},"properties":{"id":"207","nom":"Viviani I2","long":221,"vref":19}},{"type":"Feature","geometry":{"coordinates":[[-1.535820081421717,47.208355890576414],[-1.534909895808332,47.20787260880612],[-1.533990984986013,47.206787007265135]],"type":"LineString"},"properties":{"id":"5305","nom":"Freinet P","long":226,"vref":30}},{"type":"Feature","geometry":{"coordinates":[[-1.551553912867712,47.22760386550291],[-1.551073139984509,47.22797091534981],[-1.548866200062463,47.227742990747544]],"type":"LineString"},"properties":{"id":"5180","nom":"Desaix P1","long":223,"vref":30}},{"type":"Feature","geometry":{"coordinates":[[-1.562861217974516,47.204636203540495],[-1.566906388356453,47.20417108921335]],"type":"LineString"},"properties":{"id":"7131","nom":"Prairie Duc P4","long":310,"vref":6}},{"type":"Feature","geometry":{"coordinates":[[-1.570751420124759,47.20376524418398],[-1.571208159022218,47.20352996231745],[-1.572227537469378,47.20200121229675]],"type":"LineString"},"properties":{"id":"7134","nom":"Antilles","long":230,"vref":19}},{"type":"Feature","geometry":{"coordinates":[[-1.571818490068779,47.20193563411587],[-1.573148557430714,47.199914441762274]],"type":"LineString"},"properties":{"id":"2135","nom":"Antilles","long":246,"vref":16}},{"type":"Feature","geometry":{"coordinates":[[-1.528022040171121,47.24238499019701],[-1.529900904263617,47.240709224815376]],"type":"LineString"},"properties":{"id":"5109","nom":"Verne P5","long":234,"vref":15}},{"type":"Feature","geometry":{"coordinates":[[-1.516776206805463,47.25207471952478],[-1.515127056352188,47.25305846119972]],"type":"LineString"},"properties":{"id":"5828","nom":"Paris P3","long":165,"vref":22}},{"type":"Feature","geometry":{"coordinates":[[-1.532330874490797,47.19988905697155],[-1.531661605774076,47.199887797343926],[-1.529295575278861,47.19947295378312],[-1.528789299101701,47.19944350736079]],"type":"LineString"},"properties":{"id":"1085","nom":"St Sebastien I","long":274,"vref":20}},{"type":"Feature","geometry":{"coordinates":[[-1.542808923441546,47.23117259659115],[-1.542377873552186,47.23159984485462],[-1.542223496997183,47.23195690271693],[-1.542246180425608,47.232624783028605],[-1.542230407676472,47.23311750958227],[-1.542102237846931,47.23339732776749],[-1.541322325950282,47.23404887026591],[-1.541157766957125,47.23445373384613]],"type":"LineString"},"properties":{"id":"5286","nom":"Coudray I3","long":400,"vref":14}},{"type":"Feature","geometry":{"coordinates":[[-1.5340532534133,47.242479855450306],[-1.534819769819332,47.24153577538333],[-1.535262476453405,47.24107927813393]],"type":"LineString"},"properties":{"id":"5817","nom":"St Joseph P04","long":180,"vref":16}},{"type":"Feature","geometry":{"coordinates":[[-1.530223393914161,47.25510089609659],[-1.530094786395059,47.25430759391692],[-1.53006467471291,47.25351408474884],[-1.530089086903452,47.25324395531532],[-1.530147548868889,47.25294172891521]],"type":"LineString"},"properties":{"id":"99","nom":"St Joseph I06","long":240,"vref":19}},{"type":"Feature","geometry":{"coordinates":[[-1.524458234427505,47.2665376445661],[-1.52363432029949,47.26707297806296],[-1.52272039920226,47.26756222277739],[-1.521278604203124,47.26824879582047],[-1.520598580621409,47.268558469123064],[-1.520370226110648,47.26874141081481],[-1.520153583798965,47.26900054203235]],"type":"LineString"},"properties":{"id":"100120","nom":"St Joseph P14","long":267,"vref":30}},{"type":"Feature","geometry":{"coordinates":[[-1.554964395423007,47.22009750361017],[-1.555691220315465,47.22099029199274]],"type":"LineString"},"properties":{"id":"221","nom":"Bellamy I7","long":113,"vref":30}},{"type":"Feature","geometry":{"coordinates":[[-1.530528463177725,47.20867806156527],[-1.529163638951189,47.21110228519752]],"type":"LineString"},"properties":{"id":"284","nom":"Bolardière P","long":288,"vref":16}},{"type":"Feature","geometry":{"coordinates":[[-1.532327425516657,47.210919748781414],[-1.530528463177725,47.20867806156527]],"type":"LineString"},"properties":{"id":"5304","nom":"Millerand I1","long":284,"vref":20}},{"type":"Feature","geometry":{"coordinates":[[-1.533691500122125,47.20689612559777],[-1.530483193332166,47.20815642923515]],"type":"LineString"},"properties":{"id":"303","nom":"Rondeau P1","long":280,"vref":30}},{"type":"Feature","geometry":{"coordinates":[[-1.533599213605533,47.206604113491],[-1.53026539877534,47.20786656341054]],"type":"LineString"},"properties":{"id":"5303","nom":"Rondeau I2","long":288,"vref":21}},{"type":"Feature","geometry":{"coordinates":[[-1.61319594884155,47.211294569574584],[-1.609817516721794,47.211029548734764]],"type":"LineString"},"properties":{"id":"262","nom":"St Nazaire I3","long":257,"vref":30}},{"type":"Feature","geometry":{"coordinates":[[-1.529348120658519,47.20271535436626],[-1.528553924122857,47.203102118306575],[-1.527355699428121,47.20368093777324],[-1.526877472053502,47.20391469625935],[-1.526523094636267,47.204081356967016],[-1.526133850690677,47.20422648458327],[-1.52509989269037,47.204564508700344],[-1.523919579367131,47.204951796572026]],"type":"LineString"},"properties":{"id":"546","nom":"Pas Enchantes I7","long":482,"vref":18}},{"type":"Feature","geometry":{"coordinates":[[-1.574357204313849,47.261471416876155],[-1.574402825130647,47.26054118786324],[-1.575599119892978,47.256342178626454]],"type":"LineString"},"properties":{"id":"5529","nom":"La Chapelle I2","long":578,"vref":17}},{"type":"Feature","geometry":{"coordinates":[[-1.576463541237093,47.23251676670576],[-1.575506247945485,47.23208387986874],[-1.575226341932617,47.231943756029764]],"type":"LineString"},"properties":{"id":"5774","nom":"Jean 23 P2","long":113,"vref":20}},{"type":"Feature","geometry":{"coordinates":[[-1.57570354450875,47.21137865442795],[-1.573513471280939,47.210731702067086]],"type":"LineString"},"properties":{"id":"5438","nom":"Launay P2","long":180,"vref":30}},{"type":"Feature","geometry":{"coordinates":[[-1.567732965719973,47.208963002905726],[-1.569255751932332,47.20845736725298]],"type":"LineString"},"properties":{"id":"5433","nom":"Fosse P3","long":128,"vref":30}},{"type":"Feature","geometry":{"coordinates":[[-1.569255751932332,47.20845736725298],[-1.571848598353849,47.20753052620206],[-1.572280938247659,47.20739616171202],[-1.571848598353849,47.20753052620206]],"type":"LineString"},"properties":{"id":"5028","nom":"Fosse P4","long":293,"vref":30}},{"type":"Feature","geometry":{"coordinates":[[-1.549350635131445,47.23511995334472],[-1.547433400074875,47.23529703431523]],"type":"LineString"},"properties":{"id":"5052","nom":"Orieux I4","long":146,"vref":21}},{"type":"Feature","geometry":{"coordinates":[[-1.57665428005127,47.250465980271386],[-1.577124971205694,47.24836665197371]],"type":"LineString"},"properties":{"id":"5533","nom":"Rennes P1","long":236,"vref":21}},{"type":"Feature","geometry":{"coordinates":[[-1.576985764582473,47.25058474723465],[-1.577501186429644,47.24781318008103]],"type":"LineString"},"properties":{"id":"533","nom":"Rennes I6","long":310,"vref":17}},{"type":"Feature","geometry":{"coordinates":[[-1.583219155311618,47.262102373292],[-1.582524107796096,47.26132628911415],[-1.581670135504386,47.26028421739083]],"type":"LineString"},"properties":{"id":"5491","nom":"Rennes P5","long":233,"vref":21}},{"type":"Feature","geometry":{"coordinates":[[-1.565311387963725,47.214696837040925],[-1.565945852885369,47.21456269820339],[-1.566296536196777,47.21451549970043],[-1.567430123288311,47.214492420678106]],"type":"LineString"},"properties":{"id":"440","nom":"Copernic I1","long":163,"vref":15}},{"type":"Feature","geometry":{"coordinates":[[-1.607577510734057,47.214016881080404],[-1.60559684320831,47.21578478222222],[-1.605083269800724,47.21652575485735],[-1.605008359565196,47.2167018810147],[-1.60420970645053,47.21825589088244]],"type":"LineString"},"properties":{"id":"100059","nom":"CHA_100059","long":541,"vref":20}},{"type":"Feature","geometry":{"coordinates":[[-1.48680009723965,47.283189912881774],[-1.486032734859084,47.282806740993244],[-1.485913726148996,47.282711630081955],[-1.485672396517357,47.28247508643154],[-1.485513677373448,47.28222755162957],[-1.4854741866727,47.28207821619668],[-1.485476561906473,47.28175105544239],[-1.485500876832105,47.28126426999041],[-1.485518746435311,47.28094175493863],[-1.485533068626049,47.28065443872245],[-1.485536012854673,47.28046242543827],[-1.485530490803386,47.28038522296136],[-1.485488759101163,47.280183339652325],[-1.485373009797784,47.27981572377676],[-1.485332771657994,47.27974070299164],[-1.485151581139829,47.27934842756557],[-1.48501428470398,47.27901867003703],[-1.484984856621005,47.2789463865283],[-1.484647606243933,47.27819505179191],[-1.484423470790783,47.277880551210934],[-1.484044443984905,47.27749895290991],[-1.483752291527582,47.27716606731153],[-1.483584857006263,47.276902309943594],[-1.483520782677884,47.276684656900805],[-1.483506875451621,47.27649010617588],[-1.483528263100096,47.276343913509415],[-1.483601557817594,47.27599067291981],[-1.48363039311477,47.275863837906556],[-1.483661876606203,47.27558317616032],[-1.483654289378731,47.27551945543216],[-1.483617637195281,47.27524001787731],[-1.483500701139528,47.27445249465106],[-1.483439949380182,47.27404797461343],[-1.483413240484231,47.27386519747556],[-1.483410861706875,47.273577402344365],[-1.483455131155111,47.27336957533806],[-1.483584332947463,47.2730774233546],[-1.483828076027158,47.27275465129929],[-1.484055874956838,47.27246336081889],[-1.484458149053156,47.27196199345177],[-1.485446258710742,47.27072823818611]],"type":"LineString"},"properties":{"id":"510","nom":"Villages","long":1496,"vref":30}},{"type":"Feature","geometry":{"coordinates":[[-1.524840799807295,47.24570885641764],[-1.528247273867817,47.24269215351822]],"type":"LineString"},"properties":{"id":"831","nom":"Verne I2","long":423,"vref":30}},{"type":"Feature","geometry":{"coordinates":[[-1.528247273867817,47.24269215351822],[-1.528385001598602,47.2431931409875],[-1.528429998461913,47.24396242074911],[-1.528322767447792,47.245476635171144],[-1.527850233352254,47.247010314346255],[-1.52781308308965,47.24743977427897],[-1.5281125386111,47.248752561403194],[-1.528161164348832,47.24925756660509],[-1.528801135366784,47.2495786887942],[-1.529600165906283,47.24987796563883]],"type":"LineString"},"properties":{"id":"5549","nom":"Koufra","long":865,"vref":30}},{"type":"Feature","geometry":{"coordinates":[[-1.52844110904113,47.24250198778917],[-1.530352025444044,47.24080863081649]],"type":"LineString"},"properties":{"id":"109","nom":"Verne I3","long":237,"vref":18}},{"type":"Feature","geometry":{"coordinates":[[-1.533906571874676,47.24269321279863],[-1.533696609989088,47.24263938155227],[-1.532715534014996,47.24212646083359],[-1.532413356934044,47.24194983644615],[-1.532226882773451,47.2418436221265],[-1.532042591061151,47.24174662092969],[-1.530352025444044,47.24080863081649]],"type":"LineString"},"properties":{"id":"386","nom":"Marsauderie","long":341,"vref":14}},{"type":"Feature","geometry":{"coordinates":[[-1.530083327448868,47.24050808815464],[-1.529662553611298,47.240304478912606],[-1.527271509948515,47.238624303989695],[-1.525212844168124,47.23741172674173],[-1.523498308510525,47.23632689280377],[-1.521765100500063,47.2354232328158],[-1.521524804393688,47.235368332181096],[-1.520088866531228,47.23549789258204],[-1.519434779006901,47.23556620450659]],"type":"LineString"},"properties":{"id":"5385","nom":"Croissant I","long":1026,"vref":30}},{"type":"Feature","geometry":{"coordinates":[[-1.544026461158517,47.22500752870718],[-1.545073028619223,47.2237330230601]],"type":"LineString"},"properties":{"id":"5783","nom":"Buat I2","long":162,"vref":17}},{"type":"Feature","geometry":{"coordinates":[[-1.542603106469639,47.22685190777253],[-1.54399833190605,47.22503736783868]],"type":"LineString"},"properties":{"id":"5112","nom":"Buat I3","long":227,"vref":16}},{"type":"Feature","geometry":{"coordinates":[[-1.542603106469639,47.22685190777253],[-1.540519867050614,47.225528989077276]],"type":"LineString"},"properties":{"id":"5377","nom":"Coulmier I1","long":215,"vref":19}},{"type":"Feature","geometry":{"coordinates":[[-1.542222661447878,47.22716188590165],[-1.540474725353217,47.22896040270253]],"type":"LineString"},"properties":{"id":"5784","nom":"Buat I4","long":239,"vref":20}},{"type":"Feature","geometry":{"coordinates":[[-1.517065246784382,47.25230031969265],[-1.515564870221118,47.25316146711703]],"type":"LineString"},"properties":{"id":"828","nom":"Paris I5","long":148,"vref":20}},{"type":"Feature","geometry":{"coordinates":[[-1.566896990016069,47.210539146278514],[-1.566632521932321,47.209757684715775]],"type":"LineString"},"properties":{"id":"5560","nom":"Verrerie P1","long":89,"vref":30}},{"type":"Feature","geometry":{"coordinates":[[-1.565818868578366,47.21593833606781],[-1.567205764289036,47.21468819328115]],"type":"LineString"},"properties":{"id":"5567","nom":"Geslin P1","long":174,"vref":19}},{"type":"Feature","geometry":{"coordinates":[[-1.559931048640283,47.22661106414],[-1.558654360300886,47.22509609098183]],"type":"LineString"},"properties":{"id":"5082","nom":"Bellamy P4","long":194,"vref":19}},{"type":"Feature","geometry":{"coordinates":[[-1.529594061787927,47.25276939449589],[-1.528249148993469,47.25196320417482],[-1.526609803026688,47.25108741123814],[-1.5248663276053,47.249671303460374],[-1.521882226249896,47.2482389069037]],"type":"LineString"},"properties":{"id":"5806","nom":"Ranzay I","long":775,"vref":19}},{"type":"Feature","geometry":{"coordinates":[[-1.572053546412521,47.21435773802691],[-1.571549173918418,47.21288480604207]],"type":"LineString"},"properties":{"id":"5584","nom":"Lamoricière P2","long":168,"vref":30}},{"type":"Feature","geometry":{"coordinates":[[-1.574117499149273,47.214064828272925],[-1.571796296340341,47.21270203665532]],"type":"LineString"},"properties":{"id":"585","nom":"Riom I","long":232,"vref":30}},{"type":"Feature","geometry":{"coordinates":[[-1.567342363130833,47.21442250043718],[-1.5671027571851,47.213006623755874]],"type":"LineString"},"properties":{"id":"5558","nom":"Rosière P2","long":158,"vref":17}},{"type":"Feature","geometry":{"coordinates":[[-1.567207727678716,47.21286789155443],[-1.567145849196028,47.212185851504046],[-1.567930462986135,47.21198075367642],[-1.567514912278271,47.2113911832177]],"type":"LineString"},"properties":{"id":"568","nom":"Rosière I2","long":212,"vref":30}},{"type":"Feature","geometry":{"coordinates":[[-1.567289265940578,47.21130802245019],[-1.567078958669857,47.21066712634002]],"type":"LineString"},"properties":{"id":"559","nom":"Verrerie I1","long":73,"vref":30}},{"type":"Feature","geometry":{"coordinates":[[-1.54596096331364,47.18477587811694],[-1.54547687794053,47.183067933401574],[-1.545260649006683,47.182277582466575]],"type":"LineString"},"properties":{"id":"1008","nom":"Briand (R) I2","long":282,"vref":15}},{"type":"Feature","geometry":{"coordinates":[[-1.546356765196351,47.18468204882834],[-1.545688784868977,47.18231680874352]],"type":"LineString"},"properties":{"id":"6008","nom":"Briand (R) P1","long":267,"vref":18}},{"type":"Feature","geometry":{"coordinates":[[-1.543916148941178,47.1776350852083],[-1.543474029919974,47.175021795684295]],"type":"LineString"},"properties":{"id":"1020","nom":"Riviere I3","long":292,"vref":15}},{"type":"Feature","geometry":{"coordinates":[[-1.543455846431246,47.174749993156965],[-1.543039508992854,47.171614735013556]],"type":"LineString"},"properties":{"id":"1021","nom":"Riviere I2","long":349,"vref":20}},{"type":"Feature","geometry":{"coordinates":[[-1.54385182442897,47.174722203983876],[-1.543517793771287,47.17151194163991]],"type":"LineString"},"properties":{"id":"6021","nom":"Riviere P2","long":357,"vref":30}},{"type":"Feature","geometry":{"coordinates":[[-1.597841857973176,47.24360736425447],[-1.604117395753959,47.24657851001383]],"type":"LineString"},"properties":{"id":"5471","nom":"Vannes P7","long":578,"vref":34}},{"type":"Feature","geometry":{"coordinates":[[-1.556643360232729,47.2160505546389],[-1.556245813433912,47.214957817655936],[-1.555487186956255,47.21406404391188]],"type":"LineString"},"properties":{"id":"418","nom":"50 Otages P3","long":239,"vref":10}},{"type":"Feature","geometry":{"coordinates":[[-1.556406621525845,47.21618959973411],[-1.555947077144179,47.2150772869233],[-1.555206507384961,47.21418186968928]],"type":"LineString"},"properties":{"id":"5418","nom":"50 Otages I2","long":242,"vref":16}},{"type":"Feature","geometry":{"coordinates":[[-1.595406686815851,47.221907195976286],[-1.594087216212555,47.221657081181064],[-1.592702954854652,47.22161760311002]],"type":"LineString"},"properties":{"id":"2128","nom":"Ingres I3","long":208,"vref":19}},{"type":"Feature","geometry":{"coordinates":[[-1.499921056950662,47.24672431480518],[-1.498574245883298,47.24685475716351],[-1.497799716545605,47.24685162318578],[-1.497202566472261,47.24680750488495],[-1.495925239153089,47.24674471870302]],"type":"LineString"},"properties":{"id":"113","nom":"Ste Luce I2","long":304,"vref":20}},{"type":"Feature","geometry":{"coordinates":[[-1.491743794105722,47.247304597992425],[-1.495284652756391,47.24647503324469]],"type":"LineString"},"properties":{"id":"5183","nom":"Ste Luce P12","long":283,"vref":24}},{"type":"Feature","geometry":{"coordinates":[[-1.44131373983803,47.26635848213999],[-1.4357024032237,47.26234277172053]],"type":"LineString"},"properties":{"id":"7074","nom":"Pont","long":616,"vref":38}},{"type":"Feature","geometry":{"coordinates":[[-1.441111609624714,47.2664796293113],[-1.439259941712886,47.267711322074085],[-1.438185293863839,47.268227299909036],[-1.43645938206335,47.268880127865245],[-1.435809108920485,47.26930997733435],[-1.434977722525737,47.26990154211443],[-1.433907513930187,47.27039566457222],[-1.432784328761846,47.27136406012849],[-1.431836174206896,47.272170928361824],[-1.430682635433297,47.27294631861379],[-1.429630233228659,47.27367299672005],[-1.428963230683288,47.27414668378095],[-1.427419433267575,47.27521541572486],[-1.425538994885161,47.276133114013305],[-1.423730120652197,47.27694836564939],[-1.42311145113353,47.27729146938138],[-1.422805167479007,47.27763574135737],[-1.422467025650014,47.27832462832307],[-1.422238721615349,47.278613737864724],[-1.421885018175991,47.27893066211979],[-1.420824627568683,47.27974108397648],[-1.420442601647729,47.28006511602412],[-1.419421756110145,47.281934888078844],[-1.419290991250918,47.28210216284102],[-1.41741584707337,47.28348899341469],[-1.415998119236391,47.28454622970388],[-1.415418180709499,47.285054140704005],[-1.41491016241245,47.28539875600915],[-1.414117086179995,47.28580834881634],[-1.413062719101652,47.28629761705405],[-1.412396825587556,47.28661846057149],[-1.411149268604028,47.28748851322866],[-1.409047214507973,47.288261444864254],[-1.408504820644762,47.28850603311308],[-1.407773762226737,47.28902293218476],[-1.407403250358401,47.289210350474875],[-1.406839498686943,47.289258558408285],[-1.40602711151199,47.28922093731685],[-1.405292897374572,47.289238554104934],[-1.404587144322182,47.28935945047181],[-1.404060279363349,47.2895447035687],[-1.403487735654101,47.28987897470764],[-1.40230962893056,47.29057437108598]],"type":"LineString"},"properties":{"id":"7076","nom":"Mauves","long":4088,"vref":32}},{"type":"Feature","geometry":{"coordinates":[[-1.580738366590376,47.22266671332116],[-1.5802795889853,47.222627615290946],[-1.578676552524908,47.22212383194474]],"type":"LineString"},"properties":{"id":"5764","nom":"Dervallieres P3","long":168,"vref":30}},{"type":"Feature","geometry":{"coordinates":[[-1.547868795191752,47.22546007455498],[-1.545058414209676,47.22733058366196]],"type":"LineString"},"properties":{"id":"5370","nom":"Pitre Chevallier I3","long":297,"vref":15}},{"type":"Feature","geometry":{"coordinates":[[-1.528067940161778,47.25891150128339],[-1.528440475145306,47.2583830981894],[-1.529625412856234,47.25691222065209],[-1.529947853776909,47.25640406377774],[-1.530089445744287,47.25605674536246],[-1.530223393914161,47.25510089609659]],"type":"LineString"},"properties":{"id":"98","nom":"St Joseph I05","long":459,"vref":22}},{"type":"Feature","geometry":{"coordinates":[[-1.527528782134269,47.25891718351038],[-1.527621208884749,47.25939905140233],[-1.528289143509369,47.26115349905613]],"type":"LineString"},"properties":{"id":"5097","nom":"St Joseph P10","long":255,"vref":24}},{"type":"Feature","geometry":{"coordinates":[[-1.534578131046981,47.24253033644628],[-1.534838946519303,47.24207272507915],[-1.53509942924082,47.24171521350325],[-1.535640219402796,47.241190414618366]],"type":"LineString"},"properties":{"id":"817","nom":"St Joseph I10","long":170,"vref":30}},{"type":"Feature","geometry":{"coordinates":[[-1.51397022424506,47.280320840346256],[-1.515182652547079,47.27711576737173]],"type":"LineString"},"properties":{"id":"7154","nom":"Borel","long":367,"vref":26}},{"type":"Feature","geometry":{"coordinates":[[-1.51368577880494,47.20848779252607],[-1.513264034710784,47.20860300485623],[-1.512731054313959,47.20881376581426],[-1.512056207227317,47.20909426877312],[-1.511485674385587,47.20930937338015],[-1.510968098722841,47.20946079612401],[-1.509759254628401,47.209643547280976]],"type":"LineString"},"properties":{"id":"1133","nom":"Pas Enchantes I4","long":326,"vref":22}},{"type":"Feature","geometry":{"coordinates":[[-1.520298785288848,47.22408177178753],[-1.519068360628146,47.22321284989838],[-1.518824892426485,47.22302907083728]],"type":"LineString"},"properties":{"id":"5122","nom":"Doulon I5","long":161,"vref":17}},{"type":"Feature","geometry":{"coordinates":[[-1.516045097301429,47.21957350902525],[-1.514249267381793,47.220168019937674]],"type":"LineString"},"properties":{"id":"5124","nom":"Prairie Mauves P1","long":151,"vref":16}},{"type":"Feature","geometry":{"coordinates":[[-1.547684353963247,47.20610745144679],[-1.544229259607649,47.20644469391343]],"type":"LineString"},"properties":{"id":"550","nom":"Gache P3","long":264,"vref":18}},{"type":"Feature","geometry":{"coordinates":[[-1.543782033498043,47.2062492552421],[-1.541500704986502,47.206465362821596]],"type":"LineString"},"properties":{"id":"5140","nom":"Gache I2","long":174,"vref":18}},{"type":"Feature","geometry":{"coordinates":[[-1.550831498022683,47.21332862341616],[-1.548420159685271,47.214594525146886],[-1.546918446196646,47.21539530759766]],"type":"LineString"},"properties":{"id":"147","nom":"Baco P","long":375,"vref":11}},{"type":"Feature","geometry":{"coordinates":[[-1.550831498022683,47.21332862341616],[-1.551732266690589,47.21282460540303],[-1.552707211829338,47.212507940363295]],"type":"LineString"},"properties":{"id":"317","nom":"Maison Rouge P","long":170,"vref":20}},{"type":"Feature","geometry":{"coordinates":[[-1.574466877703063,47.233677283364976],[-1.576980234770222,47.23274584606792]],"type":"LineString"},"properties":{"id":"145","nom":"Americains P3","long":216,"vref":30}},{"type":"Feature","geometry":{"coordinates":[[-1.505365451096828,47.183849508537996],[-1.505496537955109,47.183740702608944],[-1.505610148111061,47.18358117743255],[-1.505742027646026,47.183371344405586],[-1.505816766848054,47.18309520364073],[-1.505856851002075,47.18284746495467],[-1.50592541334291,47.18249762112603],[-1.506028474376365,47.18227538370233],[-1.50619341985319,47.18208139523356],[-1.506736909946652,47.18189069587401]],"type":"LineString"},"properties":{"id":"100064","nom":"Fontenelle","long":160,"vref":19}},{"type":"Feature","geometry":{"coordinates":[[-1.513427239590253,47.266471225521904],[-1.507432576866068,47.26337962194198]],"type":"LineString"},"properties":{"id":"504","nom":"Bele","long":569,"vref":30}},{"type":"Feature","geometry":{"coordinates":[[-1.548356548731701,47.207023790161294],[-1.546623014253037,47.207569267202246]],"type":"LineString"},"properties":{"id":"5308","nom":"Doumergue P1","long":144,"vref":14}},{"type":"Feature","geometry":{"coordinates":[[-1.548465610866692,47.207212040611225],[-1.546655856680087,47.207771438352005]],"type":"LineString"},"properties":{"id":"308","nom":"Doumergue I3","long":150,"vref":30}},{"type":"Feature","geometry":{"coordinates":[[-1.553409680555014,47.22852255816526],[-1.552010349035716,47.22767308150574]],"type":"LineString"},"properties":{"id":"2127","nom":"Motte rouge I","long":141,"vref":17}},{"type":"Feature","geometry":{"coordinates":[[-1.556736736962535,47.23075670037071],[-1.556611649430361,47.23057828451621],[-1.556152076540041,47.23027908533277],[-1.555938795751783,47.230137698625434],[-1.555488821522116,47.22984539595719],[-1.554624678493966,47.22929466056685],[-1.553409680555014,47.22852255816526],[-1.553408319178842,47.228524667838485]],"type":"LineString"},"properties":{"id":"390","nom":"Courbet I","long":355,"vref":17}},{"type":"Feature","geometry":{"coordinates":[[-1.708965435931474,47.21290164384092],[-1.709140836356182,47.21307814504829],[-1.710799875589051,47.21360707809794],[-1.711415440350978,47.21379597831999],[-1.712431561386782,47.21431444932931],[-1.713125957094174,47.2145841609839]],"type":"LineString"},"properties":{"id":"570","nom":"Europe P1","long":370,"vref":30}},{"type":"Feature","geometry":{"coordinates":[[-1.713207989452763,47.21448736821255],[-1.713797491779417,47.21473186702461],[-1.714207781781152,47.21488978501972],[-1.715376997691295,47.21518923050538]],"type":"LineString"},"properties":{"id":"5571","nom":"Europe I5","long":182,"vref":30}},{"type":"Feature","geometry":{"coordinates":[[-1.715294968177944,47.215286024798615],[-1.716886050554547,47.215675882924565]],"type":"LineString"},"properties":{"id":"572","nom":"Europe P3","long":128,"vref":30}},{"type":"Feature","geometry":{"coordinates":[[-1.71538160733967,47.21519010039511],[-1.716817935990832,47.21555650542671]],"type":"LineString"},"properties":{"id":"5572","nom":"Europe I4","long":116,"vref":30}},{"type":"Feature","geometry":{"coordinates":[[-1.605748880957558,47.24474169182009],[-1.607990380721371,47.24209664040856]],"type":"LineString"},"properties":{"id":"5576","nom":"Thebaudière I1","long":339,"vref":21}},{"type":"Feature","geometry":{"coordinates":[[-1.545717307413036,47.21630836315397],[-1.544923873328581,47.21687967244292],[-1.54407514900054,47.2172042593429],[-1.543630757051373,47.217348850307225],[-1.542968418837669,47.21752994701451],[-1.542935731852879,47.217800856435765]],"type":"LineString"},"properties":{"id":"100054","nom":"Baudry P1","long":282,"vref":10}},{"type":"Feature","geometry":{"coordinates":[[-1.573245796268596,47.237510849380875],[-1.576696172684503,47.23671068136502]],"type":"LineString"},"properties":{"id":"5146","nom":"Longchamp I3","long":275,"vref":14}},{"type":"Feature","geometry":{"coordinates":[[-1.60583551455389,47.198010065686454],[-1.601248273629945,47.19801217158776],[-1.599891956889803,47.197994546912405],[-1.599111932795462,47.197969602525504],[-1.597329207494007,47.1979180150309],[-1.596848960342025,47.19789313730862],[-1.59460356740824,47.19760242424475]],"type":"LineString"},"properties":{"id":"4","nom":"Juin I1","long":854,"vref":45}},{"type":"Feature","geometry":{"coordinates":[[-1.504488632858977,47.20726767711068],[-1.506403969231143,47.20672241336249],[-1.507756204580028,47.206279303269376],[-1.509094059423204,47.205806979148875]],"type":"LineString"},"properties":{"id":"100034","nom":"Daniel I1","long":387,"vref":30}},{"type":"Feature","geometry":{"coordinates":[[-1.50887722865189,47.20571443092825],[-1.507548832536982,47.206157528459116],[-1.506450097044123,47.20651502035256],[-1.50545075921878,47.206795591148406],[-1.504460191614385,47.20707040114106]],"type":"LineString"},"properties":{"id":"100035","nom":"Daniel P2","long":366,"vref":30}},{"type":"Feature","geometry":{"coordinates":[[-1.510757478912933,47.204909853555684],[-1.511079228019939,47.20514890051213],[-1.51143307859279,47.2052974226295],[-1.5118900282611,47.20541306888843],[-1.512227292814327,47.205458534524176],[-1.512738343421922,47.20543049428149],[-1.513366508689784,47.20537894825208]],"type":"LineString"},"properties":{"id":"100038","nom":"Baugerie I5","long":218,"vref":21}},{"type":"Feature","geometry":{"coordinates":[[-1.513292744603424,47.20520959109221],[-1.512572032833687,47.20526203982905],[-1.512179608161581,47.20528455309618],[-1.511834582303806,47.20524119340461],[-1.511402427771303,47.20510564386098],[-1.511135512640506,47.20496816124354],[-1.51092357579954,47.20480779519063]],"type":"LineString"},"properties":{"id":"100039","nom":"Baugerie P1","long":197,"vref":35}},{"type":"Feature","geometry":{"coordinates":[[-1.513656251850837,47.208230693426906],[-1.513534855998812,47.20779357187465],[-1.513624982295004,47.20766922344469],[-1.514464609937445,47.20726766426133],[-1.514581667228412,47.20707012480948],[-1.514027641187681,47.20619269167689],[-1.513548494193386,47.205513425779095],[-1.513469231045427,47.205373139045555]],"type":"LineString"},"properties":{"id":"100040","nom":"Loire","long":371,"vref":21}},{"type":"Feature","geometry":{"coordinates":[[-1.513230702651677,47.20540047537572],[-1.513637555853576,47.20597525385424],[-1.513899841821113,47.20637261463174],[-1.514285805749239,47.20702936302059],[-1.514218783241898,47.20716092674211],[-1.513485950155642,47.20754208837747],[-1.513289485111609,47.207723786179905],[-1.513440550107806,47.20827787967761],[-1.513440550107806,47.20827787967761]],"type":"LineString"},"properties":{"id":"100041","nom":"Loire","long":370,"vref":30}},{"type":"Feature","geometry":{"coordinates":[[-1.516683366212483,47.20492677078539],[-1.514989246451215,47.20507628004717],[-1.51440179150114,47.205118616391466],[-1.513304209431272,47.20520482367976]],"type":"LineString"},"properties":{"id":"5594","nom":"Baugerie P2","long":257,"vref":10}},{"type":"Feature","geometry":{"coordinates":[[-1.621347317681873,47.22739104396512],[-1.620102797601158,47.226173667933836]],"type":"LineString"},"properties":{"id":"100043","nom":"Francklin","long":166,"vref":30}},{"type":"Feature","geometry":{"coordinates":[[-1.619768734885458,47.226106736709426],[-1.618985254307844,47.22647887932139],[-1.618985254307844,47.22647887932139],[-1.618985254307844,47.22647887932139]],"type":"LineString"},"properties":{"id":"100045","nom":"Berthelot P2","long":72,"vref":22}},{"type":"Feature","geometry":{"coordinates":[[-1.614520877704142,47.223468105763],[-1.612486692058298,47.222933231722784]],"type":"LineString"},"properties":{"id":"100048","nom":"Gautier I4","long":165,"vref":20}},{"type":"Feature","geometry":{"coordinates":[[-1.61227160339756,47.22335753306823],[-1.614229918584164,47.223871988180115]],"type":"LineString"},"properties":{"id":"100049","nom":"Gautier P3","long":158,"vref":21}},{"type":"Feature","geometry":{"coordinates":[[-1.612481029424393,47.22292894829365],[-1.609655587643587,47.22228937492095]],"type":"LineString"},"properties":{"id":"100050","nom":"Gautier I3","long":227,"vref":22}},{"type":"Feature","geometry":{"coordinates":[[-1.542931622400743,47.21779921417529],[-1.544809939024261,47.22007097418432]],"type":"LineString"},"properties":{"id":"100052","nom":"Baudry P2","long":291,"vref":8}},{"type":"Feature","geometry":{"coordinates":[[-1.543274222387112,47.21177548444405],[-1.541289456847836,47.20942154087257]],"type":"LineString"},"properties":{"id":"130","nom":"Briand I2","long":301,"vref":22}},{"type":"Feature","geometry":{"coordinates":[[-1.541948916177011,47.15747760045579],[-1.542906452590571,47.15743501607441],[-1.543955748971978,47.157468785370234],[-1.545086154566426,47.15759887088717],[-1.545840780525304,47.15776225728811]],"type":"LineString"},"properties":{"id":"5597","nom":"Alfred Nobel","long":299,"vref":22}},{"type":"Feature","geometry":{"coordinates":[[-1.538936047570687,47.156545129377264],[-1.540109305656963,47.156891546442964],[-1.541008164818665,47.157146071100684],[-1.541592632737505,47.15713257349765]],"type":"LineString"},"properties":{"id":"5598","nom":"Sorinières P3","long":215,"vref":19}},{"type":"Feature","geometry":{"coordinates":[[-1.541633923126406,47.15914437946795],[-1.541397999118783,47.15751576649207]],"type":"LineString"},"properties":{"id":"596","nom":"Sorinières I","long":181,"vref":24}},{"type":"Feature","geometry":{"coordinates":[[-1.542155350621115,47.159115354952625],[-1.542318526210606,47.16107933675401]],"type":"LineString"},"properties":{"id":"5595","nom":"Sorinières P1","long":218,"vref":25}},{"type":"Feature","geometry":{"coordinates":[[-1.576714082405611,47.23670697780927],[-1.579373400168699,47.23607081531023]],"type":"LineString"},"properties":{"id":"5152","nom":"Longchamp I2","long":213,"vref":16}},{"type":"Feature","geometry":{"coordinates":[[-1.51090828241323,47.25960685287318],[-1.5097294655329,47.260269522267265],[-1.509190821687602,47.260669210813425],[-1.508336940577827,47.26162129518369],[-1.507095726862924,47.26349827644062],[-1.507096254974312,47.26350456795038]],"type":"LineString"},"properties":{"id":"100074","nom":"Moulin de la Garde","long":330,"vref":30}},{"type":"Feature","geometry":{"coordinates":[[-1.511260751914631,47.25970313994634],[-1.514490976408198,47.26086498769391]],"type":"LineString"},"properties":{"id":"100075","nom":"Millot I1","long":172,"vref":30}},{"type":"Feature","geometry":{"coordinates":[[-1.548379703475721,47.2629184277706],[-1.547529971665224,47.263646127365135],[-1.547087546807907,47.264099936510135],[-1.54686061538741,47.264376660840725],[-1.546676566918483,47.264643586188974],[-1.546326842729649,47.26523803362208],[-1.546200198369973,47.265494589879445],[-1.546071924217371,47.26579449369643],[-1.545957765278548,47.26610466446647],[-1.545861378410829,47.26642135178799],[-1.545769802949922,47.26687311207512],[-1.545746579239618,47.26705256880462],[-1.545721843597518,47.26738628333063],[-1.545715453353431,47.26757680233438],[-1.545713663911901,47.26771213436246]],"type":"LineString"},"properties":{"id":"5815","nom":"Becquerel I2","long":583,"vref":21}},{"type":"Feature","geometry":{"coordinates":[[-1.545714500969782,47.26772202072636],[-1.545698328607093,47.268266407621425],[-1.545722482287507,47.26848909294211],[-1.545797848576969,47.2690506289156],[-1.545946881973132,47.26990324373058],[-1.545968540857572,47.270221611736716],[-1.546007308683949,47.27061685858043],[-1.546094295052373,47.27106522020581],[-1.546145595572684,47.27131118744486],[-1.546459963074107,47.27241070540594],[-1.546727906408348,47.27336866659629],[-1.546953402852755,47.2742633669985],[-1.547287612752525,47.27536210423194]],"type":"LineString"},"properties":{"id":"5816","nom":"Becquerel I3","long":859,"vref":30}},{"type":"Feature","geometry":{"coordinates":[[-1.609650246635452,47.22229234333686],[-1.607911291964353,47.22185965258448]],"type":"LineString"},"properties":{"id":"603","nom":"Gautier I2","long":140,"vref":22}},{"type":"Feature","geometry":{"coordinates":[[-1.538398961300311,47.19930436224753],[-1.539282857504587,47.19911262632089],[-1.54004851751705,47.19889803349832],[-1.542346426482147,47.198100443597475]],"type":"LineString"},"properties":{"id":"215","nom":"Cote St Sébastien P4","long":328,"vref":24}},{"type":"Feature","geometry":{"coordinates":[[-1.561974724929243,47.20176974124239],[-1.561880314946617,47.202528252137846]],"type":"LineString"},"properties":{"id":"100082","nom":"VEIL P2","long":90,"vref":30}},{"type":"Feature","geometry":{"coordinates":[[-1.556540417989486,47.202596132036895],[-1.555663263053437,47.2016919150204],[-1.554979224590824,47.20161423363121]],"type":"LineString"},"properties":{"id":"100079","nom":"HALIMI I3","long":170,"vref":30}},{"type":"Feature","geometry":{"coordinates":[[-1.651027272562541,47.21142695393364],[-1.649151615704672,47.21096481399512]],"type":"LineString"},"properties":{"id":"100088","nom":"HDV vers Est","long":94,"vref":17}},{"type":"Feature","geometry":{"coordinates":[[-1.547093050920979,47.23560252614648],[-1.546662170621599,47.2360649119424],[-1.545884434677254,47.236731182249756],[-1.544758964974027,47.23777900940676],[-1.543697024102376,47.238827036350436],[-1.54351432448151,47.23903078649216]],"type":"LineString"},"properties":{"id":"100096","nom":"Lemoine","long":465,"vref":30}},{"type":"Feature","geometry":{"coordinates":[[-1.510023436319164,47.28449181555226],[-1.509626525514267,47.285776873097745],[-1.509217672784608,47.28611559200515]],"type":"LineString"},"properties":{"id":"100094","nom":"Européens P3","long":210,"vref":18}},{"type":"Feature","geometry":{"coordinates":[[-1.50896131543202,47.2862977913787],[-1.508730467089559,47.28643661735871],[-1.508666994249226,47.28662754441134],[-1.507015653345737,47.28747805414581],[-1.505697482283542,47.28805138753763],[-1.504519750602307,47.288719337662556],[-1.503419773208594,47.28941401045018],[-1.502306138522687,47.290151582230024],[-1.5015891992,47.290768239064526],[-1.501013383807505,47.29121890772769]],"type":"LineString"},"properties":{"id":"100095","nom":"Européens P4","long":840,"vref":23}},{"type":"Feature","geometry":{"coordinates":[[-1.501364937770127,47.29141265098251],[-1.502343588758231,47.29045580706244],[-1.503890980918269,47.289359636120984],[-1.505415432168653,47.28846451315907],[-1.506576087034223,47.28790902943966],[-1.50771396165744,47.28747705189557],[-1.508578731521953,47.28704396237761]],"type":"LineString"},"properties":{"id":"100090","nom":"Européens I2","long":850,"vref":23}},{"type":"Feature","geometry":{"coordinates":[[-1.528531752798774,47.22646197159428],[-1.529236820658969,47.22508866626201]],"type":"LineString"},"properties":{"id":"5056","nom":"Dalby I3","long":161,"vref":19}},{"type":"Feature","geometry":{"coordinates":[[-1.655300946259928,47.21989294346872],[-1.654512276666891,47.219651399587306]],"type":"LineString"},"properties":{"id":"100116","nom":"De Gaulle I1","long":41,"vref":30}},{"type":"Feature","geometry":{"coordinates":[[-1.605478936994063,47.198451542109716],[-1.6013311092394,47.19835606068099],[-1.599974783765356,47.198338436981686],[-1.599194754625205,47.1983134931576],[-1.597412017800041,47.19826190694858],[-1.596931767526715,47.198237029573704],[-1.594686359729576,47.19794631815185]],"type":"LineString"},"properties":{"id":"5004","nom":"Juin P3","long":821,"vref":50}}]}