{"type":"FeatureCollection","source":"Nantes Métropole — Quartiers des communes de Nantes Métropole (Licence ODbL)","date":"2026-09-25","features":[{"type":"Feature","geometry":{"type":"Polygon","coordinates":[[[-1.63514,47.18941],[-1.63439,47.18938],[-1.63311,47.18946],[-1.63078,47.18934],[-1.62955,47.1892],[-1.62909,47.18927],[-1.62817,47.18916],[-1.62749,47.18898],[-1.62642,47.18857],[-1.62552,47.18848],[-1.62492,47.18819],[-1.62445,47.1881],[-1.62353,47.18771],[-1.6228,47.18756],[-1.6223,47.18767],[-1.62149,47.18769],[-1.62127,47.18762],[-1.62046,47.18698],[-1.61854,47.18691],[-1.61629,47.18633],[-1.61371,47.18556],[-1.61397,47.1833],[-1.6132,47.1827],[-1.61206,47.18142],[-1.61009,47.18067],[-1.60757,47.1801],[-1.61191,47.17474],[-1.61393,47.17269],[-1.61522,47.17154],[-1.62077,47.16784],[-1.62509,47.16509],[-1.62655,47.16436],[-1.62727,47.16413],[-1.62733,47.16521],[-1.62586,47.16549],[-1.62539,47.16651],[-1.62749,47.1673],[-1.62801,47.16759],[-1.62878,47.16838],[-1.62922,47.16873],[-1.63073,47.1687],[-1.63131,47.16881],[-1.63243,47.16965],[-1.63321,47.16988],[-1.63412,47.17202],[-1.63598,47.17375],[-1.63874,47.17661],[-1.63777,47.17693],[-1.63648,47.17777],[-1.6365,47.17877],[-1.6329,47.18166],[-1.63365,47.18691],[-1.63564,47.1894],[-1.63514,47.18941]]]},"properties":{"id":"440020-2001","nom":"Bourg et Croix-Jeannette","commune":"Bouguenais","surface":371,"etiquette":[-1.62405,47.17805]}},{"type":"Feature","geometry":{"type":"Polygon","coordinates":[[[-1.57858,47.19138],[-1.57837,47.19147],[-1.57823,47.19169],[-1.57778,47.19192],[-1.57761,47.19193],[-1.57718,47.19181],[-1.57653,47.19133],[-1.5762,47.1914],[-1.57605,47.1913],[-1.57558,47.19127],[-1.57566,47.19095],[-1.57547,47.19094],[-1.57566,47.1906],[-1.57583,47.19032],[-1.57613,47.1903],[-1.57623,47.19015],[-1.57612,47.19002],[-1.57602,47.19001],[-1.57606,47.18966],[-1.57598,47.18943],[-1.57561,47.18882],[-1.57536,47.18856],[-1.57537,47.18831],[-1.5752,47.18804],[-1.57486,47.18777],[-1.57487,47.18758],[-1.5747,47.18756],[-1.57456,47.18746],[-1.57447,47.18749],[-1.57418,47.18742],[-1.5743,47.18716],[-1.57432,47.18672],[-1.57431,47.18646],[-1.57412,47.18636],[-1.57427,47.18608],[-1.57414,47.1858],[-1.57414,47.18545],[-1.57427,47.18533],[-1.5742,47.18516],[-1.57431,47.18495],[-1.57422,47.18484],[-1.57429,47.18459],[-1.57438,47.18436],[-1.57449,47.18429],[-1.57453,47.18394],[-1.57472,47.18378],[-1.57465,47.18368],[-1.57474,47.18345],[-1.57468,47.1828],[-1.57439,47.18254],[-1.57452,47.18249],[-1.57415,47.18226],[-1.57559,47.18216],[-1.58549,47.17713],[-1.58714,47.17614],[-1.58888,47.17484],[-1.59059,47.17213],[-1.59185,47.17263],[-1.59799,47.17627],[-1.60134,47.1781],[-1.60473,47.17939],[-1.61009,47.18067],[-1.61206,47.18142],[-1.6132,47.1827],[-1.61397,47.1833],[-1.61371,47.18556],[-1.61073,47.18481],[-1.60924,47.18455],[-1.60779,47.18438],[-1.60654,47.18452],[-1.60408,47.18507],[-1.60271,47.18553],[-1.60149,47.18613],[-1.59936,47.18812],[-1.59816,47.18895],[-1.59577,47.19027],[-1.59639,47.18835],[-1.59517,47.18868],[-1.59459,47.18906],[-1.5942,47.18908],[-1.59372,47.18888],[-1.59225,47.18926],[-1.59031,47.18988],[-1.5888,47.18992],[-1.58781,47.18982],[-1.58704,47.18928],[-1.58684,47.1892],[-1.58681,47.18924],[-1.58645,47.18916],[-1.58542,47.18918],[-1.58439,47.18939],[-1.58378,47.18959],[-1.58309,47.18993],[-1.58151,47.19101],[-1.58078,47.19166],[-1.58003,47.19252],[-1.57967,47.19281],[-1.57945,47.19262],[-1.57917,47.19248],[-1.57869,47.19189],[-1.57852,47.19153],[-1.57858,47.19138]]]},"properties":{"id":"440020-2002","nom":"Couëts","commune":"Bouguenais","surface":337,"etiquette":[-1.5913,47.18304]}},{"type":"Feature","geometry":{"type":"Polygon","coordinates":[[[-1.56326,47.16308],[-1.55892,47.1619],[-1.55899,47.16184],[-1.56009,47.16204],[-1.56026,47.16187],[-1.55778,47.15838],[-1.55698,47.15785],[-1.55806,47.15582],[-1.55883,47.15391],[-1.55967,47.15496],[-1.56195,47.1539],[-1.56372,47.15275],[-1.56414,47.15304],[-1.56736,47.15254],[-1.56906,47.15224],[-1.57192,47.15138],[-1.5721,47.15137],[-1.57217,47.15143],[-1.57323,47.1511],[-1.57772,47.15205],[-1.58064,47.15247],[-1.58124,47.15271],[-1.58224,47.15269],[-1.58333,47.15294],[-1.58385,47.15316],[-1.58411,47.15335],[-1.58449,47.15382],[-1.58474,47.15445],[-1.58565,47.15529],[-1.58629,47.15563],[-1.58787,47.15606],[-1.5912,47.15609],[-1.59188,47.15616],[-1.59287,47.15652],[-1.59361,47.15719],[-1.59508,47.15649],[-1.59782,47.15493],[-1.59989,47.15408],[-1.59981,47.15399],[-1.60405,47.15234],[-1.60586,47.15182],[-1.60846,47.15058],[-1.61359,47.14962],[-1.61424,47.14976],[-1.61626,47.14925],[-1.61768,47.14897],[-1.61894,47.15048],[-1.61322,47.15362],[-1.61393,47.15498],[-1.61839,47.15685],[-1.62223,47.15707],[-1.62414,47.16096],[-1.62592,47.16315],[-1.62734,47.1641],[-1.62655,47.16436],[-1.62509,47.16509],[-1.62077,47.16784],[-1.61522,47.17154],[-1.61393,47.17269],[-1.61191,47.17474],[-1.60757,47.1801],[-1.60473,47.17939],[-1.60134,47.1781],[-1.59799,47.17627],[-1.59185,47.17263],[-1.58828,47.17117],[-1.58544,47.17041],[-1.58244,47.16991],[-1.57931,47.16927],[-1.57373,47.16699],[-1.56755,47.16437],[-1.56326,47.16308]]]},"properties":{"id":"440020-2007","nom":"Villages Centre Sud Est","commune":"Bouguenais","surface":954,"etiquette":[-1.5945,47.16272]}},{"type":"Feature","geometry":{"type":"Polygon","coordinates":[[[-1.56848,47.17535],[-1.56833,47.17533],[-1.56819,47.17542],[-1.56811,47.1754],[-1.56722,47.17487],[-1.56698,47.17461],[-1.5667,47.17384],[-1.56657,47.17367],[-1.56575,47.1732],[-1.56568,47.17304],[-1.5654,47.17282],[-1.5651,47.17238],[-1.56429,47.17197],[-1.56426,47.17182],[-1.56329,47.17149],[-1.56249,47.17114],[-1.56233,47.1708],[-1.56259,47.16973],[-1.56203,47.16953],[-1.56066,47.16855],[-1.56013,47.16834],[-1.56013,47.16745],[-1.5603,47.16599],[-1.56022,47.1656],[-1.5589,47.16307],[-1.5588,47.16238],[-1.55892,47.1619],[-1.56326,47.16308],[-1.56755,47.16437],[-1.57373,47.16699],[-1.57931,47.16927],[-1.58244,47.16991],[-1.58544,47.17041],[-1.58828,47.17117],[-1.59059,47.17213],[-1.58888,47.17484],[-1.58714,47.17614],[-1.58549,47.17713],[-1.57559,47.18216],[-1.57415,47.18226],[-1.57397,47.18209],[-1.5737,47.18128],[-1.57402,47.18071],[-1.57421,47.18009],[-1.57411,47.17935],[-1.5737,47.17878],[-1.57254,47.17789],[-1.57113,47.17698],[-1.57038,47.17664],[-1.57017,47.17644],[-1.56975,47.17621],[-1.56934,47.17608],[-1.56906,47.17583],[-1.56858,47.17554],[-1.56848,47.17535]]]},"properties":{"id":"440020-2006","nom":"Villages Est","commune":"Bouguenais","surface":237,"etiquette":[-1.5741,47.17207]}},{"type":"Feature","geometry":{"type":"Polygon","coordinates":[[[-1.646,47.1905],[-1.64569,47.19051],[-1.6457,47.1908],[-1.6418,47.19116],[-1.64173,47.19086],[-1.64122,47.19056],[-1.64013,47.19019],[-1.63616,47.1894],[-1.63564,47.1894],[-1.63365,47.18691],[-1.6329,47.18166],[-1.6365,47.17877],[-1.63648,47.17777],[-1.63777,47.17693],[-1.64114,47.17589],[-1.64442,47.17654],[-1.64575,47.17692],[-1.64858,47.17818],[-1.65295,47.17843],[-1.65939,47.17662],[-1.66589,47.17414],[-1.66804,47.17236],[-1.67229,47.17257],[-1.67468,47.16867],[-1.67927,47.17262],[-1.67885,47.17316],[-1.67848,47.17348],[-1.67772,47.17451],[-1.67563,47.17682],[-1.66971,47.18443],[-1.6687,47.18589],[-1.66838,47.18622],[-1.66709,47.18723],[-1.66684,47.18756],[-1.66674,47.18847],[-1.66829,47.18865],[-1.66837,47.18881],[-1.66889,47.18926],[-1.66909,47.18981],[-1.66906,47.19021],[-1.66883,47.19093],[-1.66732,47.19335],[-1.65086,47.19073],[-1.6482,47.19051],[-1.646,47.1905]]]},"properties":{"id":"440020-2009","nom":"Villages Nord Ouest","commune":"Bouguenais","surface":492,"etiquette":[-1.65544,47.18277]}},{"type":"Feature","geometry":{"type":"Polygon","coordinates":[[[-1.64442,47.17654],[-1.64114,47.17589],[-1.63874,47.17661],[-1.63598,47.17375],[-1.63412,47.17202],[-1.63321,47.16988],[-1.63243,47.16965],[-1.63131,47.16881],[-1.63073,47.1687],[-1.62922,47.16873],[-1.62878,47.16838],[-1.62801,47.16759],[-1.62749,47.1673],[-1.62539,47.16651],[-1.62586,47.16549],[-1.62733,47.16521],[-1.62727,47.16413],[-1.62734,47.1641],[-1.62592,47.16315],[-1.62414,47.16096],[-1.62223,47.15707],[-1.61839,47.15685],[-1.61393,47.15498],[-1.61322,47.15362],[-1.61894,47.15048],[-1.62409,47.14976],[-1.62412,47.14968],[-1.62435,47.14965],[-1.62426,47.14973],[-1.63066,47.14884],[-1.63198,47.14873],[-1.63236,47.14915],[-1.63409,47.15043],[-1.63592,47.1514],[-1.636,47.15135],[-1.63642,47.15154],[-1.63777,47.15084],[-1.63973,47.14998],[-1.64189,47.14982],[-1.64349,47.15057],[-1.6449,47.15139],[-1.64574,47.15159],[-1.64763,47.15222],[-1.64972,47.15322],[-1.65378,47.15545],[-1.65638,47.15705],[-1.65697,47.15762],[-1.65687,47.15766],[-1.65829,47.16013],[-1.65801,47.16128],[-1.65709,47.16326],[-1.65694,47.16374],[-1.65668,47.16419],[-1.65628,47.16464],[-1.65685,47.16512],[-1.65694,47.1658],[-1.65742,47.1673],[-1.65754,47.16749],[-1.6581,47.16787],[-1.65885,47.16815],[-1.65914,47.16834],[-1.66087,47.16835],[-1.66255,47.16847],[-1.66366,47.17051],[-1.66747,47.1721],[-1.66745,47.17232],[-1.66804,47.17236],[-1.66589,47.17414],[-1.65939,47.17662],[-1.65295,47.17843],[-1.64858,47.17818],[-1.64575,47.17692],[-1.64442,47.17654]]]},"properties":{"id":"440020-2008","nom":"Villages Sud Ouest","commune":"Bouguenais","surface":727,"etiquette":[-1.6415,47.16308]}},{"type":"Feature","geometry":{"type":"Polygon","coordinates":[[[-1.51866,47.14646],[-1.51822,47.14617],[-1.51661,47.14569],[-1.51597,47.14542],[-1.5183,47.14321],[-1.52042,47.14098],[-1.52113,47.1404],[-1.52163,47.13989],[-1.52316,47.13879],[-1.52728,47.13617],[-1.52787,47.13585],[-1.53141,47.13431],[-1.53197,47.14243],[-1.53288,47.14856],[-1.53213,47.14866],[-1.53188,47.14888],[-1.52825,47.14602],[-1.52814,47.1462],[-1.52802,47.1469],[-1.52809,47.14784],[-1.52756,47.14853],[-1.52658,47.15018],[-1.52394,47.1494],[-1.52317,47.14909],[-1.52198,47.14848],[-1.51866,47.14646]]]},"properties":{"id":"440198-19802","nom":"Centre","commune":"Les Sorinières","surface":123,"etiquette":[-1.52598,47.14302]}},{"type":"Feature","geometry":{"type":"Polygon","coordinates":[[[-1.51107,47.15881],[-1.50927,47.15709],[-1.50942,47.15676],[-1.50823,47.15574],[-1.50728,47.15525],[-1.50574,47.15478],[-1.50505,47.15432],[-1.50358,47.15391],[-1.50345,47.15381],[-1.50462,47.1529],[-1.50523,47.15229],[-1.50707,47.15074],[-1.50858,47.14957],[-1.50973,47.14877],[-1.5129,47.14703],[-1.51605,47.14547],[-1.51822,47.14617],[-1.52125,47.14804],[-1.52317,47.14909],[-1.52394,47.1494],[-1.52652,47.15016],[-1.52598,47.15068],[-1.52446,47.1516],[-1.52409,47.15214],[-1.52348,47.15329],[-1.52368,47.15413],[-1.52293,47.15669],[-1.52202,47.15853],[-1.52067,47.1601],[-1.51711,47.15881],[-1.5134,47.15785],[-1.51283,47.16099],[-1.51146,47.15918],[-1.51107,47.15881]]]},"properties":{"id":"440198-19806","nom":"Est","commune":"Les Sorinières","surface":160,"etiquette":[-1.51557,47.15291]}},{"type":"Feature","geometry":{"type":"Polygon","coordinates":[[[-1.51634,47.16547],[-1.51637,47.16557],[-1.51594,47.16588],[-1.51562,47.16571],[-1.51448,47.1649],[-1.51386,47.16432],[-1.51333,47.16366],[-1.51318,47.16309],[-1.51344,47.16301],[-1.51368,47.16317],[-1.5139,47.16278],[-1.51377,47.16227],[-1.51283,47.16099],[-1.5134,47.15785],[-1.51711,47.15881],[-1.52067,47.1601],[-1.52202,47.15853],[-1.52293,47.15669],[-1.52368,47.15413],[-1.52348,47.15329],[-1.52409,47.15214],[-1.52446,47.1516],[-1.52598,47.15068],[-1.52631,47.15042],[-1.52645,47.1502],[-1.52751,47.15045],[-1.52868,47.15057],[-1.53111,47.15105],[-1.53122,47.15119],[-1.53143,47.15197],[-1.53141,47.15283],[-1.5311,47.15364],[-1.53011,47.15439],[-1.53093,47.15482],[-1.53101,47.15489],[-1.53101,47.15501],[-1.53113,47.15505],[-1.53106,47.15523],[-1.53115,47.15606],[-1.53099,47.1563],[-1.53013,47.15678],[-1.53027,47.15693],[-1.52998,47.15711],[-1.52994,47.15722],[-1.53008,47.15746],[-1.52954,47.15781],[-1.52933,47.15811],[-1.5288,47.15847],[-1.52884,47.15859],[-1.52876,47.15874],[-1.52845,47.15895],[-1.5284,47.15914],[-1.52853,47.15957],[-1.52845,47.1599],[-1.52819,47.16034],[-1.5278,47.16069],[-1.52704,47.16099],[-1.5267,47.16121],[-1.52616,47.1613],[-1.52594,47.16139],[-1.52562,47.16127],[-1.52528,47.16099],[-1.52518,47.16099],[-1.52498,47.1613],[-1.52478,47.16128],[-1.52444,47.1615],[-1.52375,47.1621],[-1.52331,47.16229],[-1.52297,47.16229],[-1.52262,47.16292],[-1.52297,47.16306],[-1.52296,47.16322],[-1.52264,47.16344],[-1.52247,47.16375],[-1.52189,47.16363],[-1.52183,47.1639],[-1.52162,47.16411],[-1.5216,47.1643],[-1.52146,47.16441],[-1.52146,47.16451],[-1.52112,47.1647],[-1.52122,47.16476],[-1.52116,47.16489],[-1.52084,47.16464],[-1.51943,47.16471],[-1.51865,47.16454],[-1.51813,47.16449],[-1.51733,47.16463],[-1.51718,47.1647],[-1.51756,47.16534],[-1.51772,47.1659],[-1.51754,47.16632],[-1.51666,47.16581],[-1.51657,47.16549],[-1.51634,47.16547]]]},"properties":{"id":"440198-19801","nom":"Nord","commune":"Les Sorinières","surface":109,"etiquette":[-1.52279,47.15843]}},{"type":"Feature","geometry":{"type":"Polygon","coordinates":[[[-1.5303,47.15692],[-1.53013,47.15678],[-1.53099,47.1563],[-1.53115,47.15606],[-1.53106,47.15523],[-1.53113,47.15505],[-1.53101,47.15501],[-1.53101,47.15489],[-1.53093,47.15482],[-1.53011,47.15439],[-1.5311,47.15364],[-1.53141,47.15283],[-1.53143,47.15197],[-1.53118,47.15113],[-1.53098,47.15101],[-1.52868,47.15057],[-1.52751,47.15045],[-1.52649,47.15021],[-1.52658,47.15018],[-1.52756,47.14853],[-1.52809,47.14784],[-1.52802,47.1469],[-1.52814,47.1462],[-1.52825,47.14602],[-1.53188,47.14888],[-1.53213,47.14866],[-1.53288,47.14856],[-1.53197,47.14234],[-1.53323,47.14258],[-1.53368,47.14257],[-1.53639,47.14192],[-1.53904,47.14167],[-1.54226,47.1417],[-1.54618,47.1416],[-1.54665,47.14197],[-1.54729,47.14185],[-1.54861,47.14353],[-1.54974,47.14466],[-1.55018,47.14498],[-1.55049,47.14511],[-1.55025,47.14547],[-1.55001,47.14552],[-1.54978,47.14566],[-1.5498,47.14593],[-1.54948,47.14614],[-1.54922,47.14695],[-1.54923,47.14739],[-1.54912,47.1476],[-1.54868,47.14798],[-1.54842,47.14808],[-1.54812,47.14844],[-1.54771,47.14869],[-1.54719,47.14881],[-1.54592,47.14889],[-1.54485,47.14921],[-1.54434,47.14951],[-1.53967,47.15158],[-1.5352,47.15245],[-1.53515,47.15238],[-1.5346,47.15273],[-1.53424,47.15314],[-1.53411,47.15319],[-1.53388,47.15352],[-1.53324,47.15404],[-1.53365,47.15448],[-1.53285,47.15499],[-1.53191,47.15583],[-1.53211,47.15593],[-1.53177,47.15638],[-1.53061,47.15715],[-1.5303,47.15692]]]},"properties":{"id":"440198-19803","nom":"Ouest","commune":"Les Sorinières","surface":148,"etiquette":[-1.53859,47.14717]}},{"type":"Feature","geometry":{"type":"Polygon","coordinates":[[[-1.49996,47.14901],[-1.49991,47.14884],[-1.4993,47.1495],[-1.49886,47.14973],[-1.49827,47.14979],[-1.49753,47.14961],[-1.49705,47.14936],[-1.49633,47.14857],[-1.4951,47.1479],[-1.49379,47.1473],[-1.49219,47.14569],[-1.49165,47.14556],[-1.48966,47.14563],[-1.48973,47.14466],[-1.49058,47.14097],[-1.49021,47.13983],[-1.48948,47.13665],[-1.48895,47.13587],[-1.48907,47.13583],[-1.48855,47.1351],[-1.49147,47.13277],[-1.49347,47.1321],[-1.4941,47.13266],[-1.49495,47.13236],[-1.49597,47.13245],[-1.49631,47.13232],[-1.49649,47.13244],[-1.49644,47.1326],[-1.49652,47.13264],[-1.49721,47.13272],[-1.49732,47.1327],[-1.49755,47.13243],[-1.49797,47.13239],[-1.49854,47.13254],[-1.49871,47.13251],[-1.49903,47.13233],[-1.49927,47.13233],[-1.49944,47.13226],[-1.50282,47.13245],[-1.50441,47.1324],[-1.50557,47.13223],[-1.5069,47.13213],[-1.50837,47.13179],[-1.50849,47.13172],[-1.50862,47.13125],[-1.50891,47.13074],[-1.50866,47.13069],[-1.50883,47.13046],[-1.50886,47.13016],[-1.50879,47.13002],[-1.50907,47.12985],[-1.50896,47.12916],[-1.50898,47.12824],[-1.50868,47.1279],[-1.50882,47.12776],[-1.50887,47.12735],[-1.50922,47.12706],[-1.51047,47.12643],[-1.51202,47.12606],[-1.51238,47.12587],[-1.51268,47.12561],[-1.51281,47.12527],[-1.51396,47.1252],[-1.51429,47.12537],[-1.51447,47.12559],[-1.51518,47.12559],[-1.51548,47.12544],[-1.51556,47.1252],[-1.51578,47.12511],[-1.51634,47.12546],[-1.51689,47.12571],[-1.5171,47.12566],[-1.51742,47.1258],[-1.51804,47.12591],[-1.51932,47.12564],[-1.51954,47.12535],[-1.51955,47.12514],[-1.51992,47.12478],[-1.5198,47.12474],[-1.51978,47.12464],[-1.51998,47.12452],[-1.51998,47.12438],[-1.52144,47.12345],[-1.52148,47.12309],[-1.52155,47.12301],[-1.52169,47.123],[-1.5216,47.12277],[-1.52141,47.12259],[-1.52119,47.12251],[-1.52116,47.12239],[-1.52146,47.12217],[-1.52168,47.12182],[-1.52187,47.12171],[-1.52204,47.12176],[-1.52216,47.12167],[-1.52241,47.12168],[-1.52262,47.12154],[-1.52291,47.12156],[-1.52297,47.12129],[-1.52319,47.12116],[-1.52311,47.12105],[-1.5233,47.12091],[-1.52317,47.12071],[-1.52347,47.12053],[-1.5236,47.12039],[-1.52362,47.12024],[-1.52384,47.1201],[-1.52388,47.11994],[-1.52406,47.11981],[-1.52424,47.11983],[-1.52445,47.11966],[-1.52461,47.11965],[-1.52535,47.11906],[-1.52557,47.11901],[-1.52671,47.11897],[-1.52716,47.11909],[-1.52761,47.11933],[-1.52794,47.11926],[-1.52836,47.11925],[-1.5281,47.11792],[-1.52856,47.11743],[-1.52883,47.11728],[-1.52906,47.11733],[-1.52912,47.11745],[-1.52906,47.11799],[-1.52921,47.11856],[-1.52984,47.11909],[-1.52998,47.11946],[-1.53036,47.11995],[-1.53228,47.1213],[-1.53186,47.12154],[-1.53257,47.12209],[-1.53299,47.1227],[-1.53366,47.12283],[-1.53481,47.12318],[-1.5368,47.12435],[-1.53825,47.12492],[-1.53895,47.12486],[-1.53942,47.12523],[-1.54002,47.12524],[-1.54047,47.12537],[-1.54159,47.12527],[-1.54152,47.12553],[-1.5414,47.12565],[-1.54107,47.12566],[-1.54085,47.12699],[-1.54059,47.12723],[-1.54035,47.12782],[-1.54,47.12814],[-1.54001,47.12831],[-1.54025,47.12853],[-1.54034,47.12873],[-1.54009,47.12934],[-1.54,47.13022],[-1.53986,47.13048],[-1.53986,47.13078],[-1.5396,47.13169],[-1.53968,47.13242],[-1.5396,47.13282],[-1.53938,47.13343],[-1.5392,47.13362],[-1.53899,47.13409],[-1.54045,47.13489],[-1.54187,47.13588],[-1.54206,47.1361],[-1.54273,47.13736],[-1.54308,47.13819],[-1.54334,47.13856],[-1.54499,47.14059],[-1.54618,47.1416],[-1.54226,47.1417],[-1.53904,47.14167],[-1.53639,47.14192],[-1.53368,47.14257],[-1.53323,47.14258],[-1.53197,47.14234],[-1.53141,47.13431],[-1.52787,47.13585],[-1.52316,47.13879],[-1.52163,47.13989],[-1.52113,47.1404],[-1.52042,47.14098],[-1.5183,47.14321],[-1.51597,47.14542],[-1.51605,47.14547],[-1.5129,47.14703],[-1.50973,47.14877],[-1.50858,47.14957],[-1.50707,47.15074],[-1.50523,47.15229],[-1.50462,47.1529],[-1.50345,47.15381],[-1.5029,47.15323],[-1.50217,47.15203],[-1.50069,47.15035],[-1.49996,47.14901]]]},"properties":{"id":"440198-19804","nom":"Sud","commune":"Les Sorinières","surface":780,"etiquette":[-1.51596,47.13577]}},{"type":"Feature","geometry":{"type":"Polygon","coordinates":[[[-1.59625,47.20958],[-1.59228,47.20998],[-1.59131,47.20995],[-1.59034,47.20985],[-1.58936,47.2096],[-1.58718,47.20881],[-1.58611,47.20851],[-1.57743,47.20659],[-1.57697,47.20653],[-1.57617,47.20654],[-1.57354,47.20699],[-1.5726,47.207],[-1.57244,47.20712],[-1.57102,47.20608],[-1.57217,47.20514],[-1.57263,47.20465],[-1.57827,47.1973],[-1.58049,47.19685],[-1.58288,47.19624],[-1.59383,47.19291],[-1.59463,47.19273],[-1.5963,47.1925],[-1.5959,47.19166],[-1.59532,47.19162],[-1.59577,47.19027],[-1.59816,47.18895],[-1.59936,47.18812],[-1.60149,47.18613],[-1.60271,47.18553],[-1.60408,47.18507],[-1.60654,47.18452],[-1.60779,47.18438],[-1.60924,47.18455],[-1.61073,47.18481],[-1.61286,47.18533],[-1.61629,47.18633],[-1.61854,47.18691],[-1.62046,47.18698],[-1.62127,47.18762],[-1.62149,47.18769],[-1.6223,47.18767],[-1.6228,47.18756],[-1.62353,47.18771],[-1.62445,47.1881],[-1.62492,47.18819],[-1.62552,47.18848],[-1.62642,47.18857],[-1.62749,47.18898],[-1.62817,47.18916],[-1.62909,47.18927],[-1.62955,47.1892],[-1.63078,47.18934],[-1.63311,47.18946],[-1.63439,47.18938],[-1.63616,47.1894],[-1.64013,47.19019],[-1.64122,47.19056],[-1.64173,47.19086],[-1.6418,47.19116],[-1.64067,47.19127],[-1.63634,47.19259],[-1.62191,47.19331],[-1.61899,47.19328],[-1.61913,47.19465],[-1.61848,47.19611],[-1.61791,47.19673],[-1.61814,47.1974],[-1.61793,47.19775],[-1.61785,47.19836],[-1.61826,47.19864],[-1.61799,47.19922],[-1.61783,47.19985],[-1.61704,47.19982],[-1.61693,47.19999],[-1.61686,47.20031],[-1.61693,47.20151],[-1.61676,47.20247],[-1.6164,47.20292],[-1.61496,47.20438],[-1.61475,47.20498],[-1.60939,47.21118],[-1.60895,47.21109],[-1.60878,47.21098],[-1.60889,47.21079],[-1.60789,47.21059],[-1.59975,47.20972],[-1.59802,47.20959],[-1.59625,47.20958]]]},"properties":{"id":"440109-2","nom":"Bellevue - Chantenay - Sainte-Anne","commune":"Nantes","surface":730,"etiquette":[-1.6024,47.19815]}},{"type":"Feature","geometry":{"type":"Polygon","coordinates":[[[-1.5744,47.24548],[-1.57378,47.24526],[-1.57292,47.24511],[-1.57098,47.24521],[-1.5708,47.24497],[-1.57053,47.24484],[-1.57016,47.24481],[-1.56988,47.24466],[-1.56954,47.24432],[-1.56886,47.24391],[-1.5684,47.24373],[-1.568,47.24373],[-1.56772,47.24361],[-1.56702,47.24356],[-1.56679,47.24364],[-1.56579,47.24365],[-1.56538,47.24374],[-1.56474,47.24364],[-1.56422,47.2438],[-1.56367,47.24371],[-1.56245,47.24383],[-1.56216,47.24375],[-1.56101,47.24289],[-1.56041,47.24268],[-1.55979,47.24255],[-1.55752,47.24233],[-1.5571,47.24215],[-1.55655,47.24212],[-1.55667,47.24101],[-1.55701,47.24099],[-1.5604,47.23986],[-1.56094,47.23955],[-1.56158,47.23891],[-1.56327,47.23713],[-1.56338,47.23682],[-1.56335,47.23419],[-1.56596,47.23321],[-1.57104,47.23031],[-1.57252,47.22954],[-1.58091,47.22793],[-1.58159,47.22769],[-1.58215,47.22739],[-1.58258,47.22706],[-1.58296,47.22662],[-1.58483,47.2233],[-1.58502,47.22337],[-1.58606,47.22413],[-1.58638,47.22443],[-1.58688,47.22529],[-1.58708,47.22545],[-1.58803,47.22577],[-1.58831,47.22575],[-1.58929,47.22592],[-1.58996,47.2262],[-1.59003,47.22641],[-1.58999,47.22699],[-1.5902,47.2273],[-1.59061,47.22734],[-1.59081,47.22743],[-1.59103,47.22741],[-1.59277,47.22688],[-1.59334,47.22685],[-1.59448,47.22667],[-1.59476,47.22671],[-1.59557,47.22704],[-1.59566,47.22727],[-1.59562,47.22839],[-1.59592,47.22868],[-1.59644,47.2288],[-1.59671,47.22894],[-1.59696,47.22941],[-1.59444,47.23058],[-1.59235,47.23164],[-1.59198,47.23125],[-1.59065,47.23199],[-1.59026,47.2318],[-1.58994,47.23205],[-1.59,47.23209],[-1.58929,47.23278],[-1.58799,47.23194],[-1.58555,47.234],[-1.58476,47.23477],[-1.58393,47.23577],[-1.58604,47.23726],[-1.5863,47.23753],[-1.58944,47.23914],[-1.58812,47.24078],[-1.58766,47.24116],[-1.58667,47.24172],[-1.58599,47.24259],[-1.5855,47.24281],[-1.58436,47.24304],[-1.58384,47.24328],[-1.58337,47.2434],[-1.58298,47.24361],[-1.58277,47.24363],[-1.58273,47.24375],[-1.58262,47.24372],[-1.58242,47.24381],[-1.58197,47.24404],[-1.58178,47.24422],[-1.58113,47.24439],[-1.58052,47.24466],[-1.5796,47.2452],[-1.57933,47.24519],[-1.57896,47.2454],[-1.57839,47.24592],[-1.5779,47.24625],[-1.57778,47.24666],[-1.57794,47.24695],[-1.57738,47.24701],[-1.57741,47.24716],[-1.57722,47.24715],[-1.57612,47.24662],[-1.57541,47.24595],[-1.57489,47.24562],[-1.5744,47.24548]]]},"properties":{"id":"440109-7","nom":"Breil - Barberie","commune":"Nantes","surface":357,"etiquette":[-1.57704,47.23611]}},{"type":"Feature","geometry":{"type":"Polygon","coordinates":[[[-1.55052,47.22092],[-1.5468,47.21641],[-1.54693,47.21597],[-1.54661,47.21558],[-1.54581,47.21588],[-1.54416,47.21546],[-1.53871,47.21124],[-1.5489,47.2079],[-1.55009,47.20768],[-1.56115,47.20896],[-1.56203,47.20917],[-1.56325,47.20914],[-1.56608,47.20833],[-1.56676,47.20909],[-1.56799,47.20872],[-1.5681,47.20891],[-1.57028,47.20954],[-1.57021,47.20965],[-1.57027,47.20977],[-1.57043,47.20984],[-1.57061,47.20982],[-1.57158,47.21251],[-1.57175,47.2126],[-1.57178,47.21274],[-1.5717,47.21283],[-1.57225,47.21442],[-1.57286,47.21448],[-1.5728,47.21468],[-1.57215,47.21534],[-1.57068,47.21553],[-1.56952,47.21611],[-1.56733,47.21686],[-1.56562,47.2179],[-1.56331,47.21853],[-1.56314,47.21832],[-1.56238,47.21783],[-1.55926,47.22001],[-1.55907,47.22008],[-1.55892,47.21995],[-1.55864,47.21999],[-1.55849,47.2203],[-1.55649,47.22083],[-1.55623,47.22067],[-1.5557,47.22104],[-1.55528,47.22056],[-1.55519,47.2206],[-1.55492,47.22054],[-1.55458,47.22072],[-1.55433,47.22063],[-1.55298,47.22134],[-1.55275,47.22171],[-1.55287,47.22273],[-1.5525,47.22283],[-1.55253,47.22293],[-1.55219,47.22295],[-1.55052,47.22092]]]},"properties":{"id":"440109-1","nom":"Centre-ville","commune":"Nantes","surface":245,"etiquette":[-1.55633,47.21376]}},{"type":"Feature","geometry":{"type":"Polygon","coordinates":[[[-1.5946,47.22667],[-1.59277,47.22688],[-1.59092,47.22743],[-1.5902,47.2273],[-1.58999,47.22699],[-1.59003,47.22641],[-1.58996,47.2262],[-1.58929,47.22592],[-1.58831,47.22575],[-1.58803,47.22577],[-1.58708,47.22545],[-1.58688,47.22529],[-1.58638,47.22443],[-1.58606,47.22413],[-1.58502,47.22337],[-1.58464,47.22327],[-1.58433,47.22289],[-1.58376,47.22267],[-1.58228,47.22258],[-1.58198,47.22233],[-1.58208,47.22214],[-1.58201,47.222],[-1.5821,47.22185],[-1.58193,47.22168],[-1.58153,47.22169],[-1.58024,47.22146],[-1.57992,47.22165],[-1.57948,47.22156],[-1.57901,47.22161],[-1.5786,47.22114],[-1.5789,47.22069],[-1.57883,47.22049],[-1.57868,47.22039],[-1.57808,47.22006],[-1.57758,47.21989],[-1.5769,47.21955],[-1.57655,47.21945],[-1.57631,47.21945],[-1.57636,47.21929],[-1.57624,47.21912],[-1.57604,47.21905],[-1.57593,47.21912],[-1.5758,47.21902],[-1.57565,47.21914],[-1.57542,47.21893],[-1.57526,47.219],[-1.57507,47.21891],[-1.57496,47.21897],[-1.57499,47.21908],[-1.5749,47.21908],[-1.57465,47.21888],[-1.5747,47.21862],[-1.57449,47.21857],[-1.57447,47.21839],[-1.57404,47.21824],[-1.5736,47.2179],[-1.57352,47.21762],[-1.5737,47.21738],[-1.57378,47.21697],[-1.57436,47.21668],[-1.5745,47.21615],[-1.57357,47.21553],[-1.57343,47.2153],[-1.57315,47.21525],[-1.57303,47.21517],[-1.57299,47.21503],[-1.57308,47.21484],[-1.57289,47.21455],[-1.57294,47.21447],[-1.57225,47.21442],[-1.5717,47.21283],[-1.57178,47.21269],[-1.57172,47.21256],[-1.57158,47.21251],[-1.57061,47.20982],[-1.57043,47.20984],[-1.57027,47.20977],[-1.57021,47.20965],[-1.57028,47.20954],[-1.5681,47.20891],[-1.56799,47.20872],[-1.56676,47.20909],[-1.56606,47.20834],[-1.5693,47.20712],[-1.57102,47.20608],[-1.57244,47.20712],[-1.5726,47.207],[-1.57354,47.20699],[-1.57617,47.20654],[-1.57697,47.20653],[-1.57743,47.20659],[-1.58611,47.20851],[-1.58718,47.20881],[-1.58936,47.2096],[-1.59034,47.20985],[-1.59131,47.20995],[-1.59228,47.20998],[-1.59625,47.20958],[-1.59802,47.20959],[-1.59975,47.20972],[-1.60789,47.21059],[-1.60889,47.21079],[-1.60878,47.21098],[-1.60895,47.21109],[-1.60939,47.21118],[-1.60942,47.21145],[-1.60761,47.21391],[-1.60722,47.21432],[-1.60583,47.21548],[-1.60538,47.21595],[-1.60502,47.21647],[-1.60411,47.21822],[-1.60344,47.22042],[-1.60396,47.22075],[-1.60408,47.22096],[-1.6041,47.22123],[-1.60385,47.22155],[-1.60362,47.2217],[-1.60325,47.2218],[-1.60278,47.2218],[-1.60263,47.22297],[-1.60301,47.22439],[-1.60294,47.22479],[-1.60266,47.22522],[-1.60143,47.22621],[-1.59938,47.22766],[-1.59799,47.22884],[-1.59696,47.22941],[-1.59671,47.22894],[-1.59644,47.2288],[-1.59592,47.22868],[-1.59562,47.22839],[-1.59566,47.22727],[-1.59557,47.22704],[-1.5946,47.22667]]]},"properties":{"id":"440109-3","nom":"Dervallières - Zola","commune":"Nantes","surface":441,"etiquette":[-1.58934,47.21624]}},{"type":"Feature","geometry":{"type":"Polygon","coordinates":[[[-1.49407,47.26031],[-1.49424,47.25866],[-1.49472,47.25846],[-1.49496,47.25796],[-1.49625,47.25688],[-1.49653,47.25691],[-1.49666,47.25608],[-1.49697,47.25557],[-1.49691,47.25492],[-1.49711,47.25485],[-1.49714,47.2546],[-1.49693,47.25421],[-1.49695,47.25404],[-1.49685,47.25397],[-1.4968,47.25353],[-1.49666,47.25346],[-1.49669,47.25326],[-1.49661,47.25318],[-1.49667,47.25312],[-1.49655,47.25307],[-1.49659,47.25292],[-1.49646,47.25278],[-1.49633,47.25223],[-1.49611,47.25217],[-1.49606,47.25191],[-1.49592,47.25174],[-1.49601,47.25151],[-1.4956,47.25089],[-1.49527,47.25062],[-1.4937,47.25047],[-1.49349,47.25051],[-1.49238,47.24863],[-1.49279,47.2484],[-1.49178,47.24747],[-1.49159,47.24734],[-1.49139,47.24732],[-1.49052,47.24631],[-1.49015,47.24604],[-1.48972,47.24587],[-1.4886,47.24502],[-1.48805,47.24486],[-1.48763,47.24464],[-1.48711,47.2445],[-1.48689,47.24437],[-1.48679,47.24421],[-1.48642,47.24418],[-1.48652,47.24297],[-1.48622,47.24202],[-1.48666,47.24104],[-1.4872,47.24064],[-1.48667,47.2386],[-1.48727,47.2376],[-1.48729,47.23732],[-1.48676,47.23688],[-1.48643,47.23629],[-1.48602,47.2361],[-1.48596,47.23583],[-1.48602,47.23551],[-1.48583,47.23496],[-1.48584,47.2343],[-1.48464,47.23311],[-1.48339,47.23206],[-1.47884,47.22782],[-1.48097,47.22635],[-1.48191,47.22579],[-1.4831,47.22519],[-1.48438,47.22468],[-1.4891,47.22325],[-1.49179,47.22263],[-1.49566,47.22136],[-1.49867,47.22023],[-1.50058,47.21976],[-1.50351,47.21885],[-1.50615,47.21838],[-1.50797,47.21791],[-1.51158,47.21678],[-1.51491,47.21645],[-1.51564,47.21808],[-1.51558,47.21827],[-1.51573,47.21865],[-1.51669,47.2207],[-1.51713,47.22141],[-1.51757,47.22193],[-1.51863,47.22297],[-1.52259,47.22587],[-1.52284,47.22588],[-1.52298,47.22596],[-1.52299,47.22617],[-1.52324,47.2263],[-1.53046,47.23149],[-1.5308,47.23174],[-1.53084,47.23184],[-1.53097,47.23185],[-1.53254,47.23299],[-1.53325,47.23337],[-1.53326,47.23346],[-1.53452,47.23371],[-1.53584,47.2339],[-1.53589,47.23383],[-1.53602,47.23385],[-1.53587,47.23389],[-1.53243,47.23796],[-1.53062,47.2404],[-1.51695,47.25235],[-1.51274,47.25481],[-1.51174,47.25528],[-1.51007,47.25619],[-1.50579,47.25788],[-1.50509,47.25819],[-1.50521,47.25832],[-1.50444,47.25864],[-1.50208,47.25949],[-1.50207,47.25943],[-1.50198,47.25944],[-1.50073,47.25996],[-1.50043,47.26004],[-1.49528,47.2624],[-1.49459,47.26173],[-1.49428,47.2613],[-1.49407,47.26031]]]},"properties":{"id":"440109-10","nom":"Doulon - Bottière","commune":"Nantes","surface":1169,"etiquette":[-1.50656,47.23706]}},{"type":"Feature","geometry":{"type":"Polygon","coordinates":[[[-1.55002,47.24301],[-1.5496,47.24294],[-1.5492,47.24267],[-1.54678,47.24229],[-1.54765,47.24038],[-1.54986,47.23799],[-1.54987,47.23701],[-1.54876,47.2355],[-1.54825,47.23353],[-1.54817,47.23305],[-1.54822,47.2326],[-1.5485,47.23199],[-1.54906,47.23138],[-1.55237,47.22849],[-1.5522,47.22798],[-1.55231,47.22791],[-1.55287,47.22809],[-1.55389,47.22733],[-1.55352,47.22555],[-1.55326,47.22542],[-1.55324,47.22534],[-1.55342,47.22515],[-1.55293,47.22289],[-1.55253,47.22293],[-1.5525,47.22283],[-1.55287,47.22273],[-1.55275,47.22171],[-1.55298,47.22134],[-1.55433,47.22063],[-1.55458,47.22072],[-1.55492,47.22054],[-1.55519,47.2206],[-1.55528,47.22056],[-1.5557,47.22104],[-1.55623,47.22067],[-1.55649,47.22083],[-1.55849,47.2203],[-1.55858,47.22005],[-1.55868,47.21998],[-1.55892,47.21995],[-1.55907,47.22008],[-1.55916,47.22005],[-1.56238,47.21783],[-1.56314,47.21832],[-1.56331,47.21853],[-1.56559,47.2179],[-1.56733,47.21686],[-1.56952,47.21611],[-1.57068,47.21553],[-1.57212,47.21536],[-1.5728,47.21468],[-1.57286,47.21448],[-1.57294,47.21447],[-1.57289,47.21455],[-1.57308,47.21484],[-1.57299,47.21503],[-1.57303,47.21517],[-1.57315,47.21525],[-1.57343,47.2153],[-1.57357,47.21553],[-1.5745,47.21615],[-1.57436,47.21668],[-1.57378,47.21697],[-1.5737,47.21738],[-1.57352,47.21762],[-1.5736,47.2179],[-1.57404,47.21824],[-1.57447,47.21839],[-1.57449,47.21857],[-1.5747,47.21862],[-1.57465,47.21888],[-1.5749,47.21908],[-1.57499,47.21908],[-1.57496,47.21897],[-1.57507,47.21891],[-1.57526,47.219],[-1.57542,47.21893],[-1.57565,47.21914],[-1.5758,47.21902],[-1.57593,47.21912],[-1.57604,47.21905],[-1.57624,47.21912],[-1.57636,47.21929],[-1.57631,47.21945],[-1.57655,47.21945],[-1.5769,47.21955],[-1.57758,47.21989],[-1.57808,47.22006],[-1.57868,47.22039],[-1.57883,47.22049],[-1.5789,47.22069],[-1.5786,47.22114],[-1.57901,47.22161],[-1.57948,47.22156],[-1.57992,47.22165],[-1.58024,47.22146],[-1.58153,47.22169],[-1.58193,47.22168],[-1.5821,47.22185],[-1.58201,47.222],[-1.58208,47.22214],[-1.58198,47.22233],[-1.58228,47.22258],[-1.58399,47.22272],[-1.58444,47.22297],[-1.58464,47.22327],[-1.58483,47.2233],[-1.58296,47.22662],[-1.58258,47.22706],[-1.58215,47.22739],[-1.58159,47.22769],[-1.58091,47.22793],[-1.57252,47.22954],[-1.57227,47.22963],[-1.56596,47.23321],[-1.56335,47.23419],[-1.56338,47.23682],[-1.56313,47.23733],[-1.56094,47.23955],[-1.56068,47.23972],[-1.55701,47.24099],[-1.55667,47.24101],[-1.55655,47.24212],[-1.55576,47.24219],[-1.55502,47.24242],[-1.55455,47.24242],[-1.55393,47.24262],[-1.55309,47.24277],[-1.55141,47.24294],[-1.55068,47.24294],[-1.55002,47.24301]]]},"properties":{"id":"440109-4","nom":"Hauts-Pavés - Saint-Félix","commune":"Nantes","surface":426,"etiquette":[-1.56354,47.22819]}},{"type":"Feature","geometry":{"type":"Polygon","coordinates":[[[-1.51851,47.21055],[-1.52094,47.20852],[-1.52263,47.20722],[-1.52395,47.20639],[-1.53042,47.2035],[-1.53493,47.20168],[-1.53411,47.20072],[-1.53427,47.20064],[-1.53411,47.20046],[-1.53426,47.2004],[-1.53441,47.20057],[-1.53451,47.20053],[-1.53536,47.20153],[-1.54295,47.19919],[-1.54352,47.2001],[-1.54386,47.20001],[-1.54404,47.20022],[-1.54421,47.20018],[-1.54401,47.19997],[-1.54415,47.19993],[-1.54352,47.19902],[-1.54631,47.19835],[-1.54844,47.19809],[-1.55512,47.19803],[-1.57157,47.19806],[-1.57413,47.19794],[-1.57827,47.1973],[-1.57263,47.20465],[-1.57217,47.20514],[-1.5712,47.20597],[-1.5693,47.20712],[-1.5657,47.20847],[-1.56325,47.20914],[-1.56203,47.20917],[-1.56115,47.20896],[-1.55009,47.20768],[-1.5489,47.2079],[-1.53871,47.21124],[-1.53496,47.21184],[-1.53297,47.21197],[-1.52986,47.21232],[-1.52673,47.21281],[-1.52039,47.21456],[-1.51866,47.21511],[-1.51491,47.21645],[-1.51158,47.21678],[-1.51438,47.21352],[-1.51566,47.21253],[-1.51851,47.21055]]]},"properties":{"id":"440109-6","nom":"Île de Nantes","commune":"Nantes","surface":461,"etiquette":[-1.54676,47.20522]}},{"type":"Feature","geometry":{"type":"Polygon","coordinates":[[[-1.53602,47.23385],[-1.53589,47.23383],[-1.53584,47.2339],[-1.53452,47.23371],[-1.53326,47.23346],[-1.53325,47.23337],[-1.53254,47.23299],[-1.53097,47.23185],[-1.53084,47.23184],[-1.5308,47.23174],[-1.53046,47.23149],[-1.52324,47.2263],[-1.52299,47.22617],[-1.52298,47.22596],[-1.52284,47.22588],[-1.52259,47.22587],[-1.51863,47.22297],[-1.51757,47.22193],[-1.51713,47.22141],[-1.51669,47.2207],[-1.51573,47.21865],[-1.51558,47.21827],[-1.51564,47.21808],[-1.51491,47.21645],[-1.51866,47.21511],[-1.52039,47.21456],[-1.52673,47.21281],[-1.52986,47.21232],[-1.53297,47.21197],[-1.53496,47.21184],[-1.53871,47.21124],[-1.54416,47.21546],[-1.54581,47.21588],[-1.54661,47.21558],[-1.54693,47.21597],[-1.5468,47.21641],[-1.55219,47.22295],[-1.55293,47.22289],[-1.55342,47.22515],[-1.55324,47.22534],[-1.55326,47.22542],[-1.55352,47.22555],[-1.55389,47.22733],[-1.55287,47.22809],[-1.55231,47.22791],[-1.5522,47.22798],[-1.55237,47.22849],[-1.54906,47.23138],[-1.5485,47.23199],[-1.54822,47.2326],[-1.54817,47.23305],[-1.54864,47.23503],[-1.54785,47.23528],[-1.54769,47.2354],[-1.54717,47.23546],[-1.54697,47.23536],[-1.53602,47.23385]]]},"properties":{"id":"440109-5","nom":"Malakoff - Saint-Donatien","commune":"Nantes","surface":502,"etiquette":[-1.53563,47.22282]}},{"type":"Feature","geometry":{"type":"Polygon","coordinates":[[[-1.52078,47.29583],[-1.52018,47.29585],[-1.51972,47.29577],[-1.51893,47.29529],[-1.51744,47.29487],[-1.51577,47.2942],[-1.51429,47.29413],[-1.51313,47.29442],[-1.51239,47.29453],[-1.50971,47.29561],[-1.50875,47.29412],[-1.50847,47.29356],[-1.50827,47.29198],[-1.50833,47.29121],[-1.50816,47.28857],[-1.50803,47.28856],[-1.508,47.28825],[-1.50823,47.28777],[-1.50807,47.28771],[-1.50825,47.28722],[-1.50824,47.28703],[-1.50843,47.28711],[-1.5085,47.28707],[-1.50875,47.28618],[-1.50904,47.28568],[-1.50968,47.28504],[-1.51034,47.28454],[-1.51017,47.2844],[-1.51026,47.28433],[-1.51061,47.28311],[-1.51002,47.28164],[-1.50861,47.27966],[-1.50895,47.27911],[-1.50959,47.27679],[-1.50963,47.27497],[-1.50509,47.27432],[-1.5043,47.27406],[-1.49944,47.27214],[-1.50142,47.26969],[-1.50301,47.26667],[-1.5066,47.2642],[-1.50696,47.26388],[-1.50819,47.26202],[-1.50604,47.26152],[-1.50673,47.26026],[-1.50604,47.25944],[-1.50621,47.25937],[-1.50616,47.25926],[-1.50632,47.2592],[-1.50596,47.25878],[-1.50563,47.25797],[-1.51007,47.25619],[-1.51174,47.25528],[-1.51274,47.25481],[-1.51717,47.25219],[-1.52094,47.24881],[-1.52121,47.24866],[-1.53062,47.2404],[-1.53243,47.23796],[-1.5359,47.23386],[-1.5469,47.23534],[-1.54717,47.23546],[-1.54769,47.2354],[-1.54785,47.23528],[-1.54864,47.23503],[-1.54876,47.2355],[-1.54987,47.23701],[-1.54986,47.23799],[-1.54765,47.24038],[-1.54678,47.24229],[-1.54596,47.2437],[-1.54466,47.24691],[-1.54174,47.249],[-1.5401,47.25111],[-1.53979,47.2518],[-1.53948,47.25295],[-1.5391,47.25569],[-1.53842,47.25651],[-1.53729,47.25752],[-1.53673,47.25827],[-1.53635,47.25863],[-1.53608,47.25942],[-1.53647,47.26059],[-1.53678,47.26105],[-1.5373,47.26222],[-1.53776,47.26494],[-1.53776,47.26552],[-1.53752,47.26688],[-1.53726,47.26769],[-1.53693,47.26824],[-1.53661,47.26858],[-1.53213,47.27225],[-1.53044,47.27376],[-1.52968,47.27465],[-1.52783,47.27712],[-1.52688,47.27895],[-1.52657,47.2807],[-1.52656,47.28165],[-1.52676,47.28296],[-1.52732,47.28475],[-1.52781,47.28586],[-1.53242,47.29109],[-1.53331,47.29248],[-1.53332,47.29344],[-1.53311,47.29429],[-1.53269,47.29495],[-1.5324,47.29499],[-1.52804,47.29467],[-1.52614,47.29442],[-1.52562,47.29442],[-1.52469,47.29469],[-1.52407,47.29501],[-1.52315,47.29561],[-1.52255,47.29577],[-1.52078,47.29583]]]},"properties":{"id":"440109-9","nom":"Nantes Erdre","commune":"Nantes","surface":1194,"etiquette":[-1.52395,47.26541]}},{"type":"Feature","geometry":{"type":"Polygon","coordinates":[[[-1.58661,47.27408],[-1.58527,47.27336],[-1.58484,47.27333],[-1.58462,47.27269],[-1.58417,47.27273],[-1.58396,47.27284],[-1.58398,47.27295],[-1.58296,47.27315],[-1.58209,47.27307],[-1.58019,47.2726],[-1.57923,47.2725],[-1.57873,47.27231],[-1.57806,47.27216],[-1.57782,47.27218],[-1.57722,47.27197],[-1.57628,47.27203],[-1.57549,47.27195],[-1.5747,47.27206],[-1.57417,47.27205],[-1.57297,47.272],[-1.57181,47.27183],[-1.5706,47.27183],[-1.56922,47.27193],[-1.56853,47.27179],[-1.56809,47.27157],[-1.56782,47.27152],[-1.56772,47.27156],[-1.56763,47.27176],[-1.56704,47.27147],[-1.567,47.27139],[-1.56711,47.27135],[-1.56705,47.27126],[-1.5666,47.27123],[-1.56657,47.27096],[-1.56638,47.27092],[-1.5661,47.2707],[-1.56589,47.27073],[-1.56593,47.27063],[-1.5654,47.27039],[-1.56514,47.27015],[-1.56486,47.27004],[-1.56445,47.26955],[-1.56428,47.2695],[-1.56402,47.26948],[-1.56313,47.26977],[-1.56245,47.26988],[-1.5621,47.26981],[-1.56117,47.26984],[-1.55974,47.27016],[-1.55902,47.27043],[-1.55891,47.26999],[-1.55853,47.26971],[-1.5585,47.26948],[-1.55837,47.26937],[-1.55829,47.269],[-1.55836,47.26872],[-1.55827,47.26848],[-1.55812,47.26834],[-1.5583,47.26815],[-1.55812,47.26802],[-1.55816,47.26793],[-1.55848,47.26753],[-1.55866,47.26748],[-1.55875,47.26736],[-1.55872,47.26713],[-1.5584,47.26713],[-1.55832,47.26698],[-1.55836,47.26691],[-1.55874,47.26676],[-1.55898,47.26618],[-1.55892,47.26608],[-1.55839,47.26581],[-1.55862,47.26565],[-1.55856,47.26528],[-1.55847,47.26514],[-1.55807,47.26516],[-1.55756,47.26498],[-1.55756,47.26484],[-1.55735,47.2647],[-1.55698,47.26473],[-1.5567,47.2645],[-1.55615,47.26449],[-1.55582,47.26433],[-1.55527,47.26428],[-1.55516,47.26418],[-1.55508,47.26397],[-1.55525,47.26368],[-1.55501,47.26345],[-1.55473,47.26288],[-1.555,47.26248],[-1.55486,47.26189],[-1.55512,47.26169],[-1.55508,47.26158],[-1.55486,47.26122],[-1.55452,47.26107],[-1.55452,47.26083],[-1.5544,47.26064],[-1.55449,47.26045],[-1.5542,47.26019],[-1.55413,47.25991],[-1.55399,47.25986],[-1.55387,47.25972],[-1.55365,47.25906],[-1.55342,47.25899],[-1.55335,47.25883],[-1.55318,47.25873],[-1.55321,47.25855],[-1.55279,47.25851],[-1.55229,47.25811],[-1.5521,47.25787],[-1.55182,47.2578],[-1.55131,47.25752],[-1.55109,47.25751],[-1.55081,47.25764],[-1.55064,47.25759],[-1.5506,47.25747],[-1.55094,47.25704],[-1.55076,47.25667],[-1.5503,47.25654],[-1.54968,47.25653],[-1.54943,47.25629],[-1.54924,47.25621],[-1.54877,47.25621],[-1.54828,47.25633],[-1.54749,47.25626],[-1.54695,47.25641],[-1.54522,47.25628],[-1.54436,47.25604],[-1.54302,47.25529],[-1.54197,47.25499],[-1.54158,47.25492],[-1.54074,47.25503],[-1.54022,47.25503],[-1.5392,47.2549],[-1.53948,47.25295],[-1.53979,47.2518],[-1.5401,47.25111],[-1.54174,47.249],[-1.54466,47.24691],[-1.54596,47.2437],[-1.54678,47.24229],[-1.5492,47.24267],[-1.5496,47.24294],[-1.55002,47.24301],[-1.55068,47.24294],[-1.55141,47.24294],[-1.55309,47.24277],[-1.55393,47.24262],[-1.55455,47.24242],[-1.55502,47.24242],[-1.55576,47.24219],[-1.55628,47.24211],[-1.55671,47.24212],[-1.5571,47.24215],[-1.55752,47.24233],[-1.55979,47.24255],[-1.56041,47.24268],[-1.56101,47.24289],[-1.56216,47.24375],[-1.56245,47.24383],[-1.56367,47.24371],[-1.56422,47.2438],[-1.56474,47.24364],[-1.56538,47.24374],[-1.56579,47.24365],[-1.56679,47.24364],[-1.56702,47.24356],[-1.56772,47.24361],[-1.568,47.24373],[-1.5684,47.24373],[-1.56886,47.24391],[-1.56954,47.24432],[-1.56988,47.24466],[-1.57016,47.24481],[-1.57053,47.24484],[-1.5708,47.24497],[-1.57098,47.24521],[-1.57306,47.24513],[-1.57378,47.24526],[-1.57489,47.24562],[-1.57574,47.24621],[-1.57612,47.24662],[-1.57722,47.24715],[-1.57732,47.24715],[-1.5773,47.24771],[-1.57615,47.25286],[-1.57624,47.25384],[-1.57645,47.25436],[-1.58941,47.26921],[-1.58962,47.26912],[-1.5934,47.27344],[-1.59326,47.27345],[-1.59312,47.27359],[-1.5916,47.27419],[-1.58975,47.27475],[-1.58893,47.27476],[-1.58731,47.27443],[-1.58661,47.27408]]]},"properties":{"id":"440109-8","nom":"Nantes Nord","commune":"Nantes","surface":759,"etiquette":[-1.56547,47.2575]}},{"type":"Feature","geometry":{"type":"Polygon","coordinates":[[[-1.5277,47.20121],[-1.52662,47.20028],[-1.52845,47.19953],[-1.52853,47.19891],[-1.52868,47.19869],[-1.53062,47.19773],[-1.53085,47.19753],[-1.53106,47.19699],[-1.5301,47.19672],[-1.52783,47.19624],[-1.52752,47.19622],[-1.52463,47.19652],[-1.52552,47.19464],[-1.5254,47.1936],[-1.52554,47.19196],[-1.51995,47.19009],[-1.51873,47.18978],[-1.51792,47.18966],[-1.51283,47.18933],[-1.51302,47.18857],[-1.51272,47.18817],[-1.51269,47.18778],[-1.51233,47.18775],[-1.51241,47.18753],[-1.5122,47.18743],[-1.51204,47.18745],[-1.51195,47.18762],[-1.51154,47.18756],[-1.51124,47.18763],[-1.51162,47.18706],[-1.51236,47.18741],[-1.51286,47.18697],[-1.51405,47.1877],[-1.51598,47.18664],[-1.51668,47.18618],[-1.51686,47.18598],[-1.51654,47.18575],[-1.51701,47.18542],[-1.51707,47.18551],[-1.51717,47.18544],[-1.51754,47.18478],[-1.51753,47.18449],[-1.51716,47.1838],[-1.51725,47.18352],[-1.51704,47.18344],[-1.51799,47.18183],[-1.51756,47.18163],[-1.51799,47.18096],[-1.51813,47.18059],[-1.52218,47.18111],[-1.52769,47.18205],[-1.52961,47.18255],[-1.53128,47.18309],[-1.53211,47.18354],[-1.5326,47.18389],[-1.53464,47.18597],[-1.53506,47.18654],[-1.53566,47.18838],[-1.53624,47.18946],[-1.53688,47.19019],[-1.53864,47.19159],[-1.5393,47.19203],[-1.54209,47.19353],[-1.54435,47.19513],[-1.54469,47.19469],[-1.54701,47.19413],[-1.5482,47.1954],[-1.54841,47.19543],[-1.54862,47.19631],[-1.54882,47.19681],[-1.54814,47.19743],[-1.54844,47.19809],[-1.54631,47.19835],[-1.54352,47.19902],[-1.54415,47.19993],[-1.54401,47.19997],[-1.54421,47.20018],[-1.54404,47.20022],[-1.54386,47.20001],[-1.54352,47.2001],[-1.54295,47.19919],[-1.53536,47.20153],[-1.53451,47.20053],[-1.53441,47.20057],[-1.53426,47.2004],[-1.53411,47.20046],[-1.53427,47.20064],[-1.53411,47.20072],[-1.53493,47.20168],[-1.53015,47.20362],[-1.52921,47.2026],[-1.52863,47.20217],[-1.5277,47.20121]]]},"properties":{"id":"440109-11","nom":"Nantes Sud","commune":"Nantes","surface":294,"etiquette":[-1.53048,47.19163]}},{"type":"Feature","geometry":{"type":"Polygon","coordinates":[[[-1.59632,47.27692],[-1.59329,47.27348],[-1.5934,47.27344],[-1.58962,47.26912],[-1.58941,47.26921],[-1.58148,47.26012],[-1.5816,47.26008],[-1.58221,47.26022],[-1.58258,47.26012],[-1.5832,47.2593],[-1.58428,47.25945],[-1.58423,47.26032],[-1.58576,47.2605],[-1.58612,47.25991],[-1.58716,47.26033],[-1.58749,47.26009],[-1.5886,47.26042],[-1.5886,47.26047],[-1.59045,47.26073],[-1.59117,47.26005],[-1.59139,47.25994],[-1.59212,47.2593],[-1.59231,47.26006],[-1.59247,47.26012],[-1.5926,47.25996],[-1.59271,47.25994],[-1.59309,47.26022],[-1.59321,47.26018],[-1.59317,47.26011],[-1.59344,47.26001],[-1.5935,47.25981],[-1.59377,47.25989],[-1.59386,47.25979],[-1.59418,47.25974],[-1.59411,47.25962],[-1.59397,47.25958],[-1.59402,47.25954],[-1.59425,47.25956],[-1.5946,47.25945],[-1.59481,47.25962],[-1.59517,47.25973],[-1.59527,47.25971],[-1.59531,47.25958],[-1.5955,47.25951],[-1.59575,47.25952],[-1.59585,47.25973],[-1.59611,47.2597],[-1.59615,47.25959],[-1.59648,47.25965],[-1.59652,47.25995],[-1.59679,47.26001],[-1.59668,47.26014],[-1.59678,47.2603],[-1.59699,47.26023],[-1.59723,47.26032],[-1.59704,47.26059],[-1.59708,47.26065],[-1.59728,47.26069],[-1.59713,47.26083],[-1.5973,47.26096],[-1.59721,47.26106],[-1.59734,47.26123],[-1.5976,47.26124],[-1.59784,47.26153],[-1.59739,47.26177],[-1.59755,47.26208],[-1.59773,47.26214],[-1.59804,47.2621],[-1.59814,47.26219],[-1.59812,47.26232],[-1.59786,47.26254],[-1.59771,47.26281],[-1.59652,47.26372],[-1.5966,47.26393],[-1.59857,47.26397],[-1.60021,47.2638],[-1.60226,47.26377],[-1.60217,47.2636],[-1.60518,47.26345],[-1.60639,47.2632],[-1.60734,47.2636],[-1.60865,47.26396],[-1.61006,47.26419],[-1.61067,47.26409],[-1.61087,47.26397],[-1.61096,47.26408],[-1.61117,47.26405],[-1.61136,47.26394],[-1.6114,47.26369],[-1.61163,47.26365],[-1.61201,47.26344],[-1.61229,47.26344],[-1.61168,47.26906],[-1.61115,47.26898],[-1.61064,47.26898],[-1.6104,47.26904],[-1.6103,47.26932],[-1.60593,47.27402],[-1.60559,47.27691],[-1.60339,47.27659],[-1.6023,47.27651],[-1.60149,47.27655],[-1.60052,47.27682],[-1.60006,47.27702],[-1.59722,47.27794],[-1.59632,47.27692]]]},"properties":{"id":"440114-11403","nom":"Bois-Raguenet/Petit-Moulin/Conraie","commune":"Orvault","surface":252,"etiquette":[-1.59803,47.26785]}},{"type":"Feature","geometry":{"type":"Polygon","coordinates":[[[-1.58512,47.25106],[-1.58431,47.25092],[-1.58403,47.25081],[-1.58302,47.25088],[-1.58259,47.2508],[-1.58238,47.2509],[-1.58209,47.25084],[-1.58182,47.25058],[-1.58153,47.25072],[-1.5807,47.25071],[-1.58048,47.25045],[-1.5803,47.25007],[-1.57985,47.24969],[-1.57963,47.24955],[-1.57895,47.24939],[-1.57894,47.24921],[-1.5782,47.24856],[-1.57843,47.24838],[-1.57764,47.24777],[-1.57744,47.24765],[-1.57731,47.24764],[-1.57732,47.24715],[-1.57741,47.24716],[-1.57738,47.24701],[-1.57794,47.24695],[-1.57778,47.24666],[-1.5779,47.24625],[-1.57839,47.24592],[-1.57896,47.2454],[-1.5793,47.2452],[-1.5796,47.2452],[-1.58091,47.24448],[-1.58178,47.24422],[-1.58197,47.24404],[-1.58242,47.24381],[-1.58262,47.24372],[-1.58273,47.24375],[-1.58277,47.24363],[-1.58298,47.24361],[-1.58337,47.2434],[-1.58384,47.24328],[-1.58436,47.24304],[-1.5855,47.24281],[-1.58599,47.24259],[-1.58667,47.24172],[-1.58766,47.24116],[-1.58812,47.24078],[-1.58939,47.23921],[-1.59778,47.2434],[-1.59811,47.24487],[-1.59635,47.244],[-1.59545,47.24324],[-1.59441,47.24506],[-1.59529,47.24565],[-1.59434,47.24633],[-1.59393,47.24653],[-1.59365,47.24631],[-1.59269,47.24695],[-1.59155,47.24651],[-1.59166,47.24638],[-1.58984,47.24571],[-1.58852,47.24734],[-1.58683,47.24974],[-1.58678,47.24992],[-1.58666,47.24995],[-1.58666,47.25004],[-1.5865,47.25008],[-1.586,47.25092],[-1.58547,47.25155],[-1.58512,47.25106]]]},"properties":{"id":"440114-11407","nom":"Bois-St-Louis/Plaisance/Ferrière/Val d'Or","commune":"Orvault","surface":94,"etiquette":[-1.58686,47.24547]}},{"type":"Feature","geometry":{"type":"Polygon","coordinates":[[[-1.63957,47.30807],[-1.63364,47.30606],[-1.63163,47.30503],[-1.6295,47.30378],[-1.62718,47.30287],[-1.62491,47.30186],[-1.62163,47.3001],[-1.61917,47.299],[-1.61755,47.29802],[-1.61363,47.29643],[-1.61277,47.29592],[-1.61175,47.295],[-1.61028,47.29321],[-1.60905,47.29206],[-1.60895,47.2921],[-1.60768,47.29025],[-1.6051,47.28753],[-1.60464,47.28695],[-1.60438,47.28653],[-1.60417,47.28596],[-1.60344,47.28325],[-1.60295,47.28244],[-1.60245,47.28204],[-1.59878,47.27966],[-1.59846,47.27938],[-1.59722,47.27794],[-1.60006,47.27702],[-1.60052,47.27682],[-1.60149,47.27655],[-1.6023,47.27651],[-1.60339,47.27659],[-1.60559,47.27691],[-1.60593,47.27402],[-1.6103,47.26932],[-1.6104,47.26904],[-1.61064,47.26898],[-1.61115,47.26898],[-1.61168,47.26906],[-1.61229,47.26344],[-1.61201,47.26344],[-1.61163,47.26365],[-1.6114,47.26369],[-1.61136,47.26394],[-1.61117,47.26405],[-1.61096,47.26408],[-1.61087,47.26397],[-1.61067,47.26409],[-1.61006,47.26419],[-1.60865,47.26396],[-1.60734,47.2636],[-1.60681,47.26338],[-1.61602,47.26086],[-1.61973,47.25998],[-1.62269,47.25951],[-1.62404,47.25916],[-1.62378,47.26065],[-1.62359,47.26074],[-1.62355,47.26088],[-1.62371,47.26103],[-1.62363,47.26118],[-1.62453,47.26122],[-1.62474,47.26142],[-1.62474,47.26157],[-1.62425,47.26224],[-1.6231,47.26296],[-1.62243,47.26364],[-1.62173,47.2641],[-1.62149,47.26505],[-1.62135,47.26608],[-1.62172,47.26673],[-1.62218,47.26706],[-1.62271,47.26719],[-1.62295,47.26736],[-1.62301,47.2676],[-1.62334,47.26752],[-1.62349,47.26754],[-1.62363,47.26744],[-1.62378,47.26745],[-1.6238,47.2676],[-1.62387,47.26761],[-1.62391,47.2675],[-1.6243,47.26762],[-1.62436,47.26751],[-1.62454,47.26741],[-1.62484,47.26742],[-1.62505,47.26736],[-1.62542,47.26754],[-1.62561,47.2674],[-1.62574,47.26748],[-1.62602,47.26743],[-1.62635,47.2675],[-1.62687,47.26746],[-1.62718,47.26749],[-1.62715,47.26756],[-1.62757,47.26751],[-1.62774,47.26758],[-1.62826,47.26754],[-1.62888,47.26762],[-1.63007,47.26735],[-1.63026,47.26735],[-1.63049,47.26743],[-1.63055,47.26761],[-1.63065,47.26766],[-1.63065,47.26775],[-1.63048,47.26792],[-1.63061,47.26804],[-1.63061,47.26818],[-1.6309,47.26848],[-1.63122,47.26864],[-1.63184,47.26876],[-1.6321,47.26859],[-1.63276,47.26849],[-1.63297,47.26839],[-1.63309,47.26829],[-1.63299,47.26818],[-1.63305,47.26806],[-1.63357,47.26797],[-1.63349,47.26793],[-1.63355,47.26786],[-1.63378,47.26779],[-1.63405,47.26799],[-1.63427,47.26801],[-1.63447,47.26779],[-1.63487,47.26775],[-1.63485,47.26758],[-1.63499,47.26736],[-1.63518,47.26724],[-1.63534,47.2672],[-1.63556,47.26733],[-1.6365,47.26685],[-1.63675,47.26688],[-1.63683,47.26682],[-1.63709,47.26684],[-1.63781,47.26672],[-1.63823,47.26686],[-1.63872,47.26684],[-1.63896,47.26677],[-1.63972,47.26677],[-1.64008,47.26695],[-1.64015,47.26715],[-1.64003,47.2673],[-1.63992,47.26774],[-1.63964,47.26798],[-1.63959,47.26867],[-1.6399,47.26873],[-1.63998,47.26889],[-1.64039,47.26905],[-1.64053,47.26905],[-1.64058,47.26888],[-1.64082,47.26893],[-1.64096,47.26913],[-1.64112,47.2691],[-1.64126,47.26929],[-1.64156,47.26936],[-1.6417,47.26955],[-1.64192,47.26966],[-1.6422,47.26996],[-1.64282,47.27014],[-1.64308,47.27009],[-1.64369,47.27019],[-1.64424,47.2701],[-1.64447,47.27017],[-1.64455,47.27029],[-1.64471,47.27016],[-1.64493,47.27027],[-1.64529,47.27017],[-1.64529,47.26981],[-1.64542,47.26976],[-1.6457,47.26989],[-1.64597,47.2699],[-1.64629,47.27009],[-1.64643,47.27001],[-1.64685,47.26998],[-1.64702,47.26989],[-1.64713,47.26996],[-1.64835,47.26978],[-1.64843,47.26969],[-1.64821,47.26942],[-1.6485,47.26925],[-1.64859,47.26908],[-1.64909,47.26908],[-1.64982,47.26868],[-1.65032,47.26869],[-1.65075,47.26844],[-1.65099,47.26846],[-1.65123,47.26839],[-1.65144,47.26828],[-1.65137,47.26818],[-1.65146,47.26808],[-1.65193,47.26796],[-1.65192,47.26783],[-1.65201,47.26774],[-1.6521,47.26774],[-1.65239,47.26791],[-1.6527,47.26765],[-1.65287,47.26764],[-1.6531,47.26776],[-1.65305,47.268],[-1.65271,47.26816],[-1.65239,47.26855],[-1.65259,47.26887],[-1.65258,47.27001],[-1.65277,47.27047],[-1.65284,47.27097],[-1.65297,47.27118],[-1.65318,47.27143],[-1.65391,47.27199],[-1.65425,47.27266],[-1.65458,47.27307],[-1.65506,47.27345],[-1.65547,47.27391],[-1.656,47.27431],[-1.65638,47.27472],[-1.65696,47.27489],[-1.65806,47.27556],[-1.65847,47.2759],[-1.66015,47.27931],[-1.66093,47.27941],[-1.66077,47.28325],[-1.66083,47.28441],[-1.66072,47.28542],[-1.66037,47.28689],[-1.66001,47.28742],[-1.65939,47.28803],[-1.65816,47.28843],[-1.65684,47.28969],[-1.6576,47.29091],[-1.66268,47.29765],[-1.66273,47.29903],[-1.66253,47.2993],[-1.66216,47.30094],[-1.66179,47.30124],[-1.65599,47.30682],[-1.65526,47.30743],[-1.65355,47.30672],[-1.65144,47.30598],[-1.65111,47.30591],[-1.65065,47.30594],[-1.65009,47.30612],[-1.64907,47.30737],[-1.64622,47.30753],[-1.64522,47.30772],[-1.64497,47.30792],[-1.64392,47.30787],[-1.64415,47.30875],[-1.64299,47.30966],[-1.64229,47.30917],[-1.64156,47.30879],[-1.63957,47.30807]]]},"properties":{"id":"440114-11401","nom":"Bourg/Secteur rural","commune":"Orvault","surface":1640,"etiquette":[-1.63322,47.28534]}},{"type":"Feature","geometry":{"type":"Polygon","coordinates":[[[-1.64447,47.27017],[-1.64422,47.2701],[-1.64369,47.27019],[-1.64308,47.27009],[-1.64282,47.27014],[-1.6422,47.26996],[-1.64192,47.26966],[-1.6417,47.26955],[-1.64156,47.26936],[-1.64126,47.26929],[-1.64112,47.2691],[-1.64096,47.26913],[-1.64082,47.26893],[-1.64058,47.26888],[-1.64053,47.26905],[-1.64039,47.26905],[-1.63998,47.26889],[-1.6399,47.26873],[-1.63959,47.26867],[-1.63964,47.26798],[-1.63992,47.26774],[-1.64003,47.2673],[-1.64015,47.26715],[-1.64008,47.26695],[-1.63972,47.26677],[-1.63896,47.26677],[-1.63872,47.26684],[-1.63823,47.26686],[-1.63781,47.26672],[-1.63709,47.26684],[-1.63683,47.26682],[-1.63675,47.26688],[-1.6365,47.26685],[-1.63556,47.26733],[-1.63534,47.2672],[-1.63518,47.26724],[-1.63499,47.26736],[-1.63485,47.26758],[-1.63487,47.26775],[-1.63447,47.26779],[-1.63427,47.26801],[-1.63405,47.26799],[-1.63378,47.26779],[-1.63355,47.26786],[-1.63349,47.26793],[-1.63357,47.26797],[-1.63305,47.26806],[-1.63299,47.26818],[-1.63309,47.26829],[-1.63297,47.26839],[-1.63276,47.26849],[-1.6321,47.26859],[-1.63184,47.26876],[-1.63122,47.26864],[-1.6309,47.26848],[-1.63061,47.26818],[-1.63061,47.26804],[-1.63048,47.26792],[-1.63065,47.26775],[-1.63065,47.26766],[-1.63055,47.26761],[-1.63049,47.26743],[-1.63026,47.26735],[-1.63007,47.26735],[-1.62888,47.26762],[-1.62826,47.26754],[-1.62774,47.26758],[-1.62757,47.26751],[-1.62715,47.26756],[-1.62718,47.26749],[-1.62687,47.26746],[-1.62635,47.2675],[-1.62602,47.26743],[-1.62574,47.26748],[-1.62561,47.2674],[-1.62542,47.26754],[-1.62505,47.26736],[-1.62484,47.26742],[-1.62454,47.26741],[-1.62436,47.26751],[-1.6243,47.26762],[-1.62391,47.2675],[-1.62387,47.26761],[-1.6238,47.2676],[-1.62378,47.26745],[-1.62363,47.26744],[-1.62349,47.26754],[-1.62334,47.26752],[-1.62301,47.2676],[-1.62295,47.26736],[-1.62271,47.26719],[-1.62218,47.26706],[-1.62172,47.26673],[-1.62135,47.26608],[-1.62149,47.26505],[-1.62173,47.2641],[-1.62243,47.26364],[-1.6231,47.26296],[-1.62425,47.26224],[-1.62474,47.26157],[-1.62474,47.26142],[-1.62453,47.26122],[-1.62363,47.26118],[-1.62371,47.26103],[-1.62355,47.26088],[-1.62359,47.26074],[-1.62378,47.26065],[-1.62404,47.25916],[-1.62641,47.25862],[-1.6294,47.25803],[-1.63859,47.25675],[-1.64548,47.25799],[-1.65402,47.25939],[-1.65338,47.26014],[-1.65303,47.26035],[-1.65243,47.26194],[-1.65218,47.26351],[-1.65261,47.26587],[-1.65302,47.2667],[-1.65353,47.26743],[-1.65333,47.26738],[-1.65334,47.26753],[-1.65312,47.26774],[-1.65287,47.26764],[-1.6527,47.26765],[-1.65239,47.26791],[-1.6521,47.26774],[-1.65201,47.26774],[-1.65192,47.26783],[-1.65193,47.26796],[-1.6514,47.26812],[-1.65144,47.26828],[-1.65131,47.26836],[-1.65099,47.26846],[-1.65075,47.26844],[-1.65032,47.26869],[-1.64982,47.26868],[-1.64909,47.26908],[-1.64859,47.26908],[-1.6485,47.26925],[-1.64821,47.26942],[-1.64843,47.26969],[-1.64835,47.26978],[-1.64713,47.26996],[-1.64702,47.26989],[-1.64685,47.26998],[-1.64643,47.27001],[-1.64629,47.27009],[-1.64597,47.2699],[-1.6457,47.26989],[-1.64542,47.26976],[-1.64529,47.2698],[-1.64529,47.27016],[-1.64518,47.27022],[-1.64492,47.27027],[-1.64471,47.27016],[-1.64455,47.27029],[-1.64447,47.27017]]]},"properties":{"id":"440114-11402","nom":"Bugallière/Madoire/Bois-Jouan","commune":"Orvault","surface":260,"etiquette":[-1.63833,47.26323]}},{"type":"Feature","geometry":{"type":"Polygon","coordinates":[[[-1.59739,47.26393],[-1.5966,47.26393],[-1.59652,47.26372],[-1.59771,47.26281],[-1.59819,47.26217],[-1.59809,47.26206],[-1.59762,47.26206],[-1.59751,47.26184],[-1.59752,47.26173],[-1.59791,47.26155],[-1.59765,47.2612],[-1.59742,47.2612],[-1.59731,47.26108],[-1.59741,47.26093],[-1.59721,47.26078],[-1.59742,47.2607],[-1.5974,47.26063],[-1.59713,47.26061],[-1.59713,47.26054],[-1.59733,47.26031],[-1.59702,47.26019],[-1.59681,47.26024],[-1.59675,47.26014],[-1.59689,47.26001],[-1.59686,47.25996],[-1.59655,47.2599],[-1.59652,47.25959],[-1.59608,47.25955],[-1.59604,47.25967],[-1.5959,47.2597],[-1.59581,47.25948],[-1.59568,47.25946],[-1.59531,47.25953],[-1.59528,47.25967],[-1.59521,47.25968],[-1.59486,47.25957],[-1.59462,47.25941],[-1.59443,47.25943],[-1.59453,47.25931],[-1.59449,47.25923],[-1.59475,47.25905],[-1.5955,47.25874],[-1.59566,47.25861],[-1.59578,47.25862],[-1.59581,47.25855],[-1.59593,47.25853],[-1.59619,47.25827],[-1.59654,47.25805],[-1.59674,47.25802],[-1.59681,47.25789],[-1.59762,47.25745],[-1.59782,47.25707],[-1.59778,47.25683],[-1.59792,47.2565],[-1.59798,47.25642],[-1.59813,47.25641],[-1.59817,47.25618],[-1.59836,47.25597],[-1.59976,47.25471],[-1.60051,47.25421],[-1.60062,47.25421],[-1.60014,47.25285],[-1.60036,47.25233],[-1.60077,47.25221],[-1.60105,47.25187],[-1.6016,47.25146],[-1.60299,47.25088],[-1.60412,47.24951],[-1.60123,47.24842],[-1.60269,47.24736],[-1.6041,47.24653],[-1.60415,47.24642],[-1.607,47.24756],[-1.60974,47.24837],[-1.62181,47.25169],[-1.62912,47.2546],[-1.63134,47.25536],[-1.63859,47.25675],[-1.6294,47.25803],[-1.62641,47.25862],[-1.62269,47.25951],[-1.61973,47.25998],[-1.61602,47.26086],[-1.60681,47.26338],[-1.60639,47.2632],[-1.60518,47.26345],[-1.60217,47.2636],[-1.60226,47.26377],[-1.60021,47.2638],[-1.59857,47.26397],[-1.59739,47.26393]]]},"properties":{"id":"440114-11404","nom":"Cholière/Bigeottière/Salentine","commune":"Orvault","surface":301,"etiquette":[-1.61184,47.25603]}},{"type":"Feature","geometry":{"type":"Polygon","coordinates":[[[-1.5927,47.25987],[-1.5926,47.25986],[-1.59241,47.26006],[-1.5922,47.2593],[-1.59238,47.2592],[-1.59258,47.2592],[-1.59279,47.25899],[-1.59303,47.25892],[-1.59318,47.25877],[-1.59305,47.25847],[-1.59323,47.25837],[-1.59317,47.2582],[-1.59299,47.25813],[-1.59252,47.25818],[-1.59246,47.25802],[-1.5921,47.25786],[-1.5923,47.25764],[-1.59226,47.25759],[-1.59184,47.2575],[-1.59157,47.25754],[-1.59153,47.25748],[-1.59165,47.25734],[-1.59148,47.25719],[-1.59119,47.25711],[-1.59107,47.25713],[-1.59095,47.25723],[-1.59076,47.25722],[-1.59077,47.25704],[-1.5904,47.25668],[-1.58928,47.25631],[-1.58918,47.25642],[-1.58901,47.25648],[-1.58891,47.25665],[-1.58879,47.25655],[-1.58887,47.2562],[-1.5886,47.25613],[-1.58835,47.25626],[-1.58803,47.256],[-1.58776,47.25593],[-1.58764,47.2558],[-1.58712,47.25574],[-1.58708,47.25543],[-1.58745,47.25518],[-1.58886,47.25518],[-1.58903,47.25511],[-1.58908,47.25496],[-1.58929,47.25495],[-1.58934,47.25502],[-1.58925,47.25517],[-1.58929,47.25526],[-1.58949,47.25528],[-1.58966,47.25517],[-1.58977,47.25521],[-1.5899,47.25516],[-1.59007,47.25477],[-1.59002,47.25461],[-1.5901,47.25448],[-1.59054,47.25444],[-1.59068,47.25429],[-1.59065,47.25419],[-1.59031,47.2539],[-1.59023,47.25391],[-1.59014,47.25408],[-1.59,47.25408],[-1.59014,47.25378],[-1.59026,47.25382],[-1.59046,47.25377],[-1.59044,47.25363],[-1.58994,47.25333],[-1.58966,47.25342],[-1.58958,47.25357],[-1.58912,47.25293],[-1.58901,47.25289],[-1.5888,47.25293],[-1.58847,47.25277],[-1.58839,47.25277],[-1.58847,47.25283],[-1.58786,47.25284],[-1.5875,47.25277],[-1.58708,47.25302],[-1.58697,47.253],[-1.58685,47.25278],[-1.58616,47.25315],[-1.58587,47.25309],[-1.58584,47.25302],[-1.58598,47.25278],[-1.5857,47.2527],[-1.58558,47.25259],[-1.58553,47.25219],[-1.58604,47.25205],[-1.58605,47.25196],[-1.58531,47.2515],[-1.58525,47.2513],[-1.58504,47.25108],[-1.58465,47.25105],[-1.58399,47.25086],[-1.58292,47.25093],[-1.58258,47.25084],[-1.58244,47.25094],[-1.5823,47.25094],[-1.58205,47.25087],[-1.58181,47.25065],[-1.58157,47.25079],[-1.58103,47.25074],[-1.58073,47.25077],[-1.58048,47.25055],[-1.58035,47.25022],[-1.57975,47.24968],[-1.57959,47.24958],[-1.57892,47.24942],[-1.57891,47.24923],[-1.57826,47.24871],[-1.57817,47.2485],[-1.57831,47.24837],[-1.57835,47.24841],[-1.5782,47.24856],[-1.57894,47.24921],[-1.57899,47.24942],[-1.57963,47.24955],[-1.58009,47.24989],[-1.5803,47.25007],[-1.58048,47.25045],[-1.5807,47.25071],[-1.58153,47.25072],[-1.58182,47.25058],[-1.58209,47.25084],[-1.58238,47.2509],[-1.58259,47.2508],[-1.58302,47.25088],[-1.58403,47.25081],[-1.58431,47.25092],[-1.58512,47.25106],[-1.58547,47.25155],[-1.586,47.25092],[-1.5865,47.25008],[-1.58666,47.25004],[-1.58666,47.24995],[-1.58678,47.24992],[-1.58683,47.24974],[-1.58852,47.24734],[-1.58984,47.24571],[-1.59166,47.24638],[-1.59155,47.24651],[-1.59269,47.24695],[-1.59365,47.24631],[-1.59393,47.24653],[-1.59434,47.24633],[-1.59529,47.24565],[-1.59441,47.24506],[-1.59545,47.24324],[-1.59635,47.244],[-1.59811,47.24487],[-1.59778,47.2434],[-1.60104,47.24499],[-1.60415,47.24642],[-1.6041,47.24653],[-1.60269,47.24736],[-1.60123,47.24842],[-1.60412,47.24951],[-1.60299,47.25088],[-1.6016,47.25146],[-1.60105,47.25187],[-1.60077,47.25221],[-1.60036,47.25233],[-1.60014,47.25285],[-1.60062,47.25421],[-1.60051,47.25421],[-1.59976,47.25471],[-1.59836,47.25597],[-1.59817,47.25618],[-1.59813,47.25641],[-1.59798,47.25642],[-1.59792,47.2565],[-1.59778,47.25683],[-1.59782,47.25707],[-1.59762,47.25745],[-1.59681,47.25789],[-1.59674,47.25802],[-1.59654,47.25805],[-1.59578,47.25862],[-1.59566,47.25861],[-1.59541,47.25879],[-1.59475,47.25905],[-1.5945,47.25922],[-1.59453,47.25931],[-1.59443,47.25943],[-1.59424,47.25951],[-1.5939,47.25953],[-1.59411,47.25971],[-1.59381,47.25975],[-1.59373,47.25982],[-1.5935,47.25975],[-1.59337,47.25982],[-1.59336,47.25998],[-1.59309,47.26009],[-1.59308,47.26018],[-1.59283,47.25992],[-1.5927,47.25987]]]},"properties":{"id":"440114-11406","nom":"Petit-Chantilly/Bignon/Morlière","commune":"Orvault","surface":142,"etiquette":[-1.59489,47.25104]}},{"type":"Feature","geometry":{"type":"Polygon","coordinates":[[[-1.59045,47.26073],[-1.5886,47.26047],[-1.5886,47.26042],[-1.58749,47.26009],[-1.58716,47.26033],[-1.58612,47.25991],[-1.58576,47.2605],[-1.58423,47.26032],[-1.58428,47.25945],[-1.5832,47.2593],[-1.58258,47.26012],[-1.58221,47.26022],[-1.5816,47.26008],[-1.58148,47.26012],[-1.57645,47.25436],[-1.57624,47.25384],[-1.57619,47.25259],[-1.57731,47.24764],[-1.57744,47.24765],[-1.57764,47.24777],[-1.57843,47.24838],[-1.5783,47.24838],[-1.57817,47.24857],[-1.57826,47.24871],[-1.57891,47.24923],[-1.57892,47.24942],[-1.57959,47.24958],[-1.57975,47.24968],[-1.58035,47.25022],[-1.58048,47.25055],[-1.5807,47.25076],[-1.58157,47.25079],[-1.58181,47.25065],[-1.58205,47.25087],[-1.5823,47.25094],[-1.58244,47.25094],[-1.58258,47.25084],[-1.58292,47.25093],[-1.58399,47.25086],[-1.58465,47.25105],[-1.58504,47.25108],[-1.58525,47.2513],[-1.58531,47.2515],[-1.58605,47.25196],[-1.58604,47.25205],[-1.58553,47.25219],[-1.58558,47.25259],[-1.5857,47.2527],[-1.58598,47.25278],[-1.58584,47.25302],[-1.58587,47.25309],[-1.58616,47.25315],[-1.58685,47.25278],[-1.58697,47.253],[-1.58708,47.25302],[-1.5875,47.25277],[-1.58786,47.25284],[-1.58847,47.25283],[-1.58883,47.25298],[-1.58905,47.25295],[-1.5896,47.25363],[-1.58968,47.25345],[-1.58997,47.25337],[-1.59014,47.25353],[-1.59041,47.25365],[-1.59041,47.25376],[-1.59014,47.25375],[-1.59003,47.25382],[-1.58996,47.2541],[-1.5901,47.25414],[-1.59019,47.25409],[-1.59027,47.25392],[-1.5906,47.2542],[-1.59062,47.25428],[-1.59048,47.25443],[-1.59002,47.25447],[-1.58993,47.25462],[-1.59,47.25478],[-1.58981,47.25515],[-1.58965,47.25512],[-1.58948,47.25524],[-1.58934,47.25522],[-1.5894,47.25497],[-1.58932,47.2549],[-1.58906,47.25491],[-1.58896,47.25509],[-1.58884,47.25514],[-1.58753,47.25512],[-1.58733,47.25516],[-1.58706,47.25536],[-1.58699,47.25552],[-1.58705,47.25577],[-1.58715,47.25582],[-1.58756,47.25582],[-1.58778,47.25601],[-1.58801,47.25604],[-1.58837,47.25634],[-1.58846,47.25634],[-1.5886,47.25617],[-1.58877,47.25621],[-1.58873,47.25658],[-1.5888,47.25666],[-1.589,47.25668],[-1.58906,47.25649],[-1.58922,47.25645],[-1.58928,47.25634],[-1.58964,47.25652],[-1.5903,47.2567],[-1.59068,47.25705],[-1.59068,47.25724],[-1.59095,47.25728],[-1.59119,47.25716],[-1.59147,47.25725],[-1.59157,47.25734],[-1.59148,47.2575],[-1.59156,47.25757],[-1.59177,47.25754],[-1.59224,47.25763],[-1.59204,47.25777],[-1.59202,47.25786],[-1.59242,47.25806],[-1.5925,47.25823],[-1.59297,47.2582],[-1.59313,47.25828],[-1.59316,47.25835],[-1.59298,47.25845],[-1.5931,47.25873],[-1.59296,47.2589],[-1.59274,47.25895],[-1.59249,47.25918],[-1.59225,47.25918],[-1.59139,47.25994],[-1.59117,47.26005],[-1.59045,47.26073]]]},"properties":{"id":"440114-11405","nom":"Praudière/Mulonnière/Pont-du-Cens","commune":"Orvault","surface":95,"etiquette":[-1.58355,47.25529]}},{"type":"Feature","geometry":{"type":"Polygon","coordinates":[[[-1.53221,47.18361],[-1.53118,47.18305],[-1.52819,47.18215],[-1.52267,47.18118],[-1.51812,47.18059],[-1.51821,47.18032],[-1.51866,47.18018],[-1.51893,47.17996],[-1.51884,47.17985],[-1.51842,47.17979],[-1.51836,47.17969],[-1.51849,47.17963],[-1.51868,47.17968],[-1.51885,47.17961],[-1.5187,47.17946],[-1.51869,47.17929],[-1.51911,47.17937],[-1.51931,47.17951],[-1.51943,47.1794],[-1.51968,47.17934],[-1.51977,47.17912],[-1.51961,47.17902],[-1.5198,47.1783],[-1.51992,47.17823],[-1.52015,47.17822],[-1.52027,47.17806],[-1.52047,47.17797],[-1.52068,47.17813],[-1.52066,47.17788],[-1.52108,47.17777],[-1.52131,47.17756],[-1.52181,47.17736],[-1.52163,47.17716],[-1.52174,47.17702],[-1.52395,47.17791],[-1.52466,47.17686],[-1.52627,47.17599],[-1.52788,47.175],[-1.52817,47.17474],[-1.52867,47.17414],[-1.52936,47.17283],[-1.52967,47.17269],[-1.53005,47.17266],[-1.5308,47.17228],[-1.5343,47.17231],[-1.53464,47.17254],[-1.53706,47.17361],[-1.53772,47.17397],[-1.5429,47.17153],[-1.54328,47.17144],[-1.54387,47.17654],[-1.54426,47.17827],[-1.54272,47.17838],[-1.54254,47.17844],[-1.54003,47.17986],[-1.5399,47.17988],[-1.53951,47.1798],[-1.53936,47.17983],[-1.53793,47.18034],[-1.53621,47.1802],[-1.53664,47.18052],[-1.53941,47.18346],[-1.53753,47.18335],[-1.5367,47.18383],[-1.53541,47.18443],[-1.53543,47.18449],[-1.53393,47.18519],[-1.53269,47.18397],[-1.53221,47.18361]]]},"properties":{"id":"440143-14306","nom":"Blordière","commune":"Rezé","surface":155,"etiquette":[-1.53291,47.17798]}},{"type":"Feature","geometry":{"type":"Polygon","coordinates":[[[-1.55528,47.18931],[-1.55512,47.18918],[-1.55487,47.18918],[-1.55546,47.18832],[-1.55555,47.18772],[-1.55612,47.18628],[-1.55395,47.18582],[-1.55347,47.18548],[-1.55398,47.18501],[-1.55523,47.18358],[-1.55612,47.18168],[-1.55643,47.18132],[-1.55854,47.17967],[-1.56129,47.17766],[-1.56404,47.17641],[-1.56577,47.17571],[-1.56818,47.17548],[-1.56831,47.17534],[-1.56843,47.17532],[-1.56856,47.17541],[-1.56858,47.17554],[-1.56906,47.17583],[-1.56934,47.17608],[-1.56975,47.17621],[-1.57017,47.17644],[-1.57038,47.17664],[-1.57113,47.17698],[-1.57254,47.17789],[-1.57372,47.1788],[-1.57411,47.17935],[-1.57421,47.18013],[-1.5737,47.18133],[-1.57397,47.18209],[-1.5742,47.18231],[-1.57452,47.18249],[-1.57439,47.18254],[-1.57458,47.18271],[-1.56948,47.18517],[-1.56694,47.1865],[-1.56324,47.18823],[-1.56186,47.18878],[-1.56132,47.1888],[-1.56013,47.189],[-1.55568,47.18921],[-1.55568,47.1893],[-1.55528,47.18931]]]},"properties":{"id":"440143-14303","nom":"Château de Rezé","commune":"Rezé","surface":149,"etiquette":[-1.56416,47.18241]}},{"type":"Feature","geometry":{"type":"Polygon","coordinates":[[[-1.57465,47.18752],[-1.57487,47.18758],[-1.57487,47.18779],[-1.5752,47.18804],[-1.57535,47.18828],[-1.57536,47.18856],[-1.57561,47.18882],[-1.57603,47.18954],[-1.57602,47.19001],[-1.57623,47.19013],[-1.57613,47.1903],[-1.57583,47.19032],[-1.57566,47.1906],[-1.57547,47.19094],[-1.57566,47.19095],[-1.57558,47.19127],[-1.57605,47.1913],[-1.5762,47.1914],[-1.57653,47.19133],[-1.57659,47.19138],[-1.5742,47.19218],[-1.57224,47.19266],[-1.5702,47.19295],[-1.56762,47.19304],[-1.56648,47.19299],[-1.56254,47.19256],[-1.56111,47.19251],[-1.55852,47.19229],[-1.557,47.19226],[-1.55525,47.19236],[-1.55513,47.1922],[-1.5549,47.19218],[-1.55481,47.19223],[-1.55431,47.19154],[-1.55539,47.19128],[-1.55509,47.18984],[-1.55489,47.18946],[-1.55542,47.18942],[-1.55528,47.18931],[-1.55568,47.1893],[-1.55568,47.18921],[-1.56013,47.189],[-1.56132,47.1888],[-1.56186,47.18878],[-1.56324,47.18823],[-1.56694,47.1865],[-1.56948,47.18517],[-1.57458,47.18271],[-1.57469,47.18283],[-1.57474,47.18345],[-1.57465,47.18368],[-1.57472,47.18377],[-1.57453,47.18394],[-1.57449,47.18429],[-1.57438,47.18436],[-1.57423,47.18483],[-1.57431,47.18495],[-1.5742,47.18516],[-1.57425,47.18539],[-1.57414,47.18544],[-1.57414,47.1858],[-1.57427,47.18615],[-1.57417,47.18618],[-1.57412,47.18636],[-1.57432,47.1865],[-1.57432,47.18707],[-1.57418,47.18743],[-1.57447,47.18749],[-1.57456,47.18746],[-1.57465,47.18752]]]},"properties":{"id":"440143-14302","nom":"Hôtel de Ville","commune":"Rezé","surface":97,"etiquette":[-1.56725,47.18945]}},{"type":"Feature","geometry":{"type":"Polygon","coordinates":[[[-1.55176,47.18335],[-1.55092,47.1834],[-1.54904,47.18155],[-1.5487,47.18099],[-1.54766,47.18024],[-1.54586,47.17928],[-1.54506,47.1787],[-1.54455,47.17841],[-1.54439,47.1784],[-1.54431,47.17825],[-1.54426,47.17827],[-1.54387,47.17654],[-1.54338,47.1723],[-1.54538,47.1716],[-1.54626,47.17266],[-1.54805,47.17109],[-1.54946,47.17039],[-1.55117,47.16927],[-1.55102,47.16908],[-1.55103,47.16892],[-1.55009,47.16782],[-1.55047,47.16776],[-1.55087,47.16749],[-1.55133,47.16742],[-1.55219,47.16781],[-1.55243,47.16807],[-1.55324,47.16797],[-1.55343,47.16751],[-1.55455,47.1676],[-1.55516,47.16742],[-1.55654,47.16745],[-1.55711,47.16725],[-1.55717,47.16634],[-1.55743,47.16632],[-1.55837,47.16683],[-1.55916,47.16705],[-1.56018,47.16717],[-1.56013,47.16834],[-1.56066,47.16855],[-1.56203,47.16953],[-1.56259,47.16974],[-1.56233,47.1708],[-1.56247,47.17112],[-1.56329,47.17149],[-1.56426,47.17182],[-1.56429,47.17197],[-1.5651,47.17238],[-1.5654,47.17282],[-1.56568,47.17304],[-1.56575,47.1732],[-1.56657,47.17367],[-1.5667,47.17384],[-1.56698,47.17461],[-1.56722,47.17486],[-1.56819,47.17542],[-1.56818,47.17548],[-1.56577,47.17571],[-1.56404,47.17641],[-1.56129,47.17766],[-1.55854,47.17967],[-1.55643,47.18132],[-1.55612,47.18168],[-1.55523,47.18358],[-1.55488,47.18403],[-1.55347,47.18549],[-1.55328,47.18529],[-1.55295,47.18406],[-1.55176,47.18335]]]},"properties":{"id":"440143-14305","nom":"La Houssais","commune":"Rezé","surface":203,"etiquette":[-1.55442,47.17497]}},{"type":"Feature","geometry":{"type":"Polygon","coordinates":[[[-1.54338,47.19443],[-1.54209,47.19353],[-1.53901,47.19185],[-1.53688,47.19019],[-1.53629,47.18954],[-1.53585,47.18881],[-1.53498,47.18641],[-1.53393,47.18519],[-1.53543,47.18449],[-1.53541,47.18443],[-1.5367,47.18383],[-1.53753,47.18335],[-1.53942,47.18344],[-1.53664,47.18052],[-1.53621,47.1802],[-1.53793,47.18034],[-1.53936,47.17983],[-1.53951,47.1798],[-1.5399,47.17988],[-1.54003,47.17986],[-1.54254,47.17844],[-1.54272,47.17838],[-1.54431,47.17825],[-1.54439,47.1784],[-1.54455,47.17841],[-1.54506,47.1787],[-1.54557,47.17911],[-1.54766,47.18024],[-1.5487,47.18099],[-1.54904,47.18155],[-1.55092,47.1834],[-1.55176,47.18335],[-1.55295,47.18406],[-1.55328,47.18529],[-1.55358,47.1856],[-1.55395,47.18582],[-1.55612,47.18628],[-1.55555,47.18772],[-1.55546,47.18832],[-1.55487,47.18918],[-1.55512,47.18918],[-1.55542,47.18942],[-1.55489,47.18946],[-1.55509,47.18984],[-1.55539,47.19128],[-1.55431,47.19154],[-1.55481,47.19223],[-1.55511,47.1922],[-1.55524,47.19234],[-1.55397,47.19244],[-1.55345,47.19262],[-1.55131,47.1931],[-1.54706,47.19419],[-1.54701,47.19413],[-1.54469,47.19469],[-1.54435,47.19513],[-1.54338,47.19443]]]},"properties":{"id":"440143-14304","nom":"Pont Rousseau","commune":"Rezé","surface":193,"etiquette":[-1.5451,47.18695]}},{"type":"Feature","geometry":{"type":"Polygon","coordinates":[[[-1.52231,47.17477],[-1.52239,47.17468],[-1.52284,47.17472],[-1.52298,47.17457],[-1.52288,47.17423],[-1.5234,47.17352],[-1.52349,47.17305],[-1.52285,47.17261],[-1.52281,47.17225],[-1.52268,47.17206],[-1.52195,47.17145],[-1.52157,47.17128],[-1.52132,47.17055],[-1.52049,47.16999],[-1.51994,47.16936],[-1.51979,47.16903],[-1.51993,47.16893],[-1.51987,47.16831],[-1.51968,47.1677],[-1.5197,47.16744],[-1.51939,47.1672],[-1.51937,47.16681],[-1.51923,47.16662],[-1.52114,47.16492],[-1.52122,47.16478],[-1.52112,47.1647],[-1.52146,47.16451],[-1.52146,47.16441],[-1.5216,47.1643],[-1.52162,47.16411],[-1.52183,47.1639],[-1.52189,47.16363],[-1.52247,47.16375],[-1.52264,47.16344],[-1.52296,47.16322],[-1.52297,47.16306],[-1.52262,47.16292],[-1.52293,47.16233],[-1.52301,47.16227],[-1.52315,47.16233],[-1.52331,47.16229],[-1.52375,47.1621],[-1.52444,47.1615],[-1.52478,47.16128],[-1.52498,47.1613],[-1.5252,47.16098],[-1.52572,47.16132],[-1.52594,47.16139],[-1.52616,47.1613],[-1.52666,47.16123],[-1.52704,47.16099],[-1.52783,47.16067],[-1.52819,47.16034],[-1.52846,47.15987],[-1.52853,47.15954],[-1.5284,47.15914],[-1.52845,47.15895],[-1.52876,47.15874],[-1.52884,47.15859],[-1.5288,47.15847],[-1.52933,47.15811],[-1.52954,47.15781],[-1.53008,47.15746],[-1.52994,47.15723],[-1.52996,47.15713],[-1.5303,47.15692],[-1.53061,47.15715],[-1.53177,47.15638],[-1.53211,47.15593],[-1.53191,47.15583],[-1.53285,47.15499],[-1.53365,47.15448],[-1.53324,47.15404],[-1.53388,47.15352],[-1.53411,47.15319],[-1.53424,47.15314],[-1.5346,47.15273],[-1.53515,47.15238],[-1.5352,47.15245],[-1.53967,47.15158],[-1.54434,47.14951],[-1.54485,47.14921],[-1.54592,47.14889],[-1.54719,47.14881],[-1.54767,47.1487],[-1.5485,47.15012],[-1.54931,47.15124],[-1.55046,47.15097],[-1.55152,47.15193],[-1.55173,47.15245],[-1.55139,47.15251],[-1.55162,47.15298],[-1.55209,47.15292],[-1.55232,47.15349],[-1.55214,47.15353],[-1.55248,47.15378],[-1.55363,47.15428],[-1.55373,47.15419],[-1.55509,47.15476],[-1.55806,47.15582],[-1.55698,47.15785],[-1.55778,47.15838],[-1.56026,47.16187],[-1.56009,47.16204],[-1.55899,47.16184],[-1.55887,47.16193],[-1.5588,47.16238],[-1.5589,47.16307],[-1.56023,47.16566],[-1.5603,47.16599],[-1.56018,47.16717],[-1.55916,47.16705],[-1.55837,47.16683],[-1.55743,47.16632],[-1.55717,47.16634],[-1.55711,47.16725],[-1.55654,47.16745],[-1.55516,47.16742],[-1.55455,47.1676],[-1.55343,47.16751],[-1.55324,47.16797],[-1.55243,47.16807],[-1.55219,47.16781],[-1.55133,47.16742],[-1.55087,47.16749],[-1.55047,47.16776],[-1.55009,47.16782],[-1.55103,47.16892],[-1.55102,47.16908],[-1.55117,47.16927],[-1.54946,47.17039],[-1.54805,47.17109],[-1.54626,47.17266],[-1.54538,47.1716],[-1.54338,47.1723],[-1.54328,47.17144],[-1.5429,47.17153],[-1.53772,47.17397],[-1.53706,47.17361],[-1.53464,47.17254],[-1.5343,47.17231],[-1.5308,47.17228],[-1.53005,47.17266],[-1.52967,47.17269],[-1.52936,47.17283],[-1.52867,47.17414],[-1.52817,47.17474],[-1.52788,47.175],[-1.52627,47.17599],[-1.52466,47.17686],[-1.52395,47.17791],[-1.52174,47.17702],[-1.52213,47.17644],[-1.52199,47.17563],[-1.52231,47.17477]]]},"properties":{"id":"440143-14307","nom":"Ragon","commune":"Rezé","surface":555,"etiquette":[-1.54006,47.16298]}},{"type":"Feature","geometry":{"type":"Polygon","coordinates":[[[-1.56173,47.19805],[-1.55512,47.19803],[-1.54844,47.19809],[-1.54814,47.19743],[-1.54882,47.19681],[-1.54862,47.19631],[-1.54841,47.19543],[-1.5482,47.1954],[-1.54706,47.19419],[-1.55131,47.1931],[-1.55345,47.19262],[-1.55397,47.19244],[-1.55445,47.19237],[-1.55722,47.19226],[-1.55852,47.19229],[-1.56111,47.19251],[-1.56254,47.19256],[-1.56648,47.19299],[-1.56762,47.19304],[-1.56953,47.193],[-1.57132,47.19281],[-1.57316,47.19246],[-1.5745,47.19209],[-1.57659,47.19138],[-1.57718,47.19181],[-1.57764,47.19193],[-1.57825,47.19168],[-1.57837,47.19147],[-1.57858,47.19138],[-1.57852,47.19153],[-1.57869,47.19189],[-1.57917,47.19248],[-1.57945,47.19262],[-1.57967,47.19281],[-1.58003,47.19252],[-1.58078,47.19166],[-1.58151,47.19101],[-1.58309,47.18993],[-1.58378,47.18959],[-1.58439,47.18939],[-1.58542,47.18918],[-1.58645,47.18916],[-1.58681,47.18924],[-1.58684,47.1892],[-1.58704,47.18928],[-1.58781,47.18982],[-1.5888,47.18992],[-1.59031,47.18988],[-1.59225,47.18926],[-1.59372,47.18888],[-1.5942,47.18908],[-1.59459,47.18906],[-1.59517,47.18868],[-1.59639,47.18835],[-1.59532,47.19162],[-1.5959,47.19166],[-1.5963,47.1925],[-1.59463,47.19273],[-1.59383,47.19291],[-1.58288,47.19624],[-1.58049,47.19685],[-1.57827,47.1973],[-1.57437,47.19791],[-1.57214,47.19804],[-1.56173,47.19805]]]},"properties":{"id":"440143-14301","nom":"Trentemoult","commune":"Rezé","surface":210,"etiquette":[-1.57157,47.19431]}},{"type":"Feature","geometry":{"type":"Polygon","coordinates":[[[-1.65166,47.23455],[-1.64685,47.2326],[-1.64543,47.23192],[-1.64096,47.23002],[-1.63539,47.22806],[-1.63697,47.22669],[-1.63802,47.22556],[-1.63856,47.22469],[-1.63964,47.22235],[-1.63208,47.22133],[-1.62333,47.21957],[-1.62448,47.21762],[-1.62574,47.21495],[-1.62652,47.21264],[-1.6268,47.21153],[-1.6269,47.21046],[-1.62683,47.20987],[-1.62671,47.20931],[-1.62593,47.20747],[-1.62531,47.20663],[-1.62287,47.20386],[-1.62097,47.20184],[-1.61943,47.20073],[-1.61783,47.19985],[-1.61799,47.19922],[-1.61826,47.19864],[-1.61785,47.19836],[-1.61793,47.19775],[-1.61814,47.1974],[-1.61794,47.19696],[-1.61792,47.19669],[-1.61804,47.19665],[-1.61848,47.19611],[-1.61913,47.19465],[-1.61899,47.19328],[-1.62191,47.19331],[-1.63634,47.19259],[-1.64067,47.19127],[-1.6457,47.1908],[-1.64584,47.19384],[-1.6453,47.194],[-1.64521,47.19426],[-1.64534,47.19518],[-1.64573,47.19547],[-1.64562,47.19578],[-1.64576,47.19609],[-1.64558,47.19637],[-1.64523,47.19668],[-1.6469,47.19732],[-1.64624,47.19795],[-1.64663,47.19806],[-1.64688,47.19805],[-1.64805,47.19838],[-1.6488,47.19843],[-1.64931,47.19882],[-1.65032,47.1991],[-1.6504,47.19906],[-1.65248,47.19969],[-1.6532,47.19945],[-1.65363,47.19953],[-1.65514,47.19962],[-1.65548,47.19973],[-1.6558,47.19974],[-1.65572,47.19985],[-1.65576,47.20004],[-1.65558,47.20007],[-1.65525,47.20002],[-1.65509,47.20038],[-1.65471,47.20041],[-1.65442,47.20074],[-1.65438,47.20116],[-1.65395,47.20141],[-1.65404,47.20155],[-1.65458,47.2015],[-1.655,47.20167],[-1.65522,47.20168],[-1.65583,47.20199],[-1.656,47.20199],[-1.65623,47.20188],[-1.65685,47.20211],[-1.65748,47.20213],[-1.65785,47.20229],[-1.65855,47.20239],[-1.65901,47.2024],[-1.66034,47.20228],[-1.66093,47.20235],[-1.66109,47.20227],[-1.66185,47.20253],[-1.66282,47.20278],[-1.6637,47.20297],[-1.66429,47.20301],[-1.66467,47.20312],[-1.66503,47.20336],[-1.66522,47.2033],[-1.66548,47.20341],[-1.66586,47.20346],[-1.66617,47.20364],[-1.66636,47.20361],[-1.66666,47.20381],[-1.66693,47.20388],[-1.66711,47.20406],[-1.66737,47.2041],[-1.66759,47.20423],[-1.66787,47.20427],[-1.66921,47.20475],[-1.67014,47.20518],[-1.67182,47.20571],[-1.6728,47.20614],[-1.67459,47.20641],[-1.67567,47.20678],[-1.67643,47.20696],[-1.67704,47.20699],[-1.67733,47.20712],[-1.67653,47.20768],[-1.67635,47.20829],[-1.67562,47.20901],[-1.67452,47.20868],[-1.67425,47.20893],[-1.67317,47.20871],[-1.67238,47.21053],[-1.67336,47.21102],[-1.67332,47.21107],[-1.67228,47.21125],[-1.67205,47.21141],[-1.672,47.21197],[-1.67191,47.21217],[-1.67183,47.21215],[-1.67104,47.21529],[-1.673,47.21575],[-1.67302,47.21688],[-1.67397,47.21727],[-1.67461,47.21799],[-1.67469,47.21853],[-1.67425,47.21929],[-1.67396,47.22127],[-1.67424,47.22166],[-1.67403,47.22188],[-1.67351,47.22206],[-1.67327,47.22231],[-1.67329,47.22246],[-1.67342,47.2225],[-1.67334,47.22271],[-1.67323,47.22279],[-1.673,47.22272],[-1.67274,47.22314],[-1.67273,47.22331],[-1.67244,47.22372],[-1.67176,47.22437],[-1.67157,47.22442],[-1.67115,47.22476],[-1.67113,47.22503],[-1.67081,47.2253],[-1.67057,47.22564],[-1.67017,47.22595],[-1.66865,47.22673],[-1.66848,47.22709],[-1.66902,47.22717],[-1.66878,47.2273],[-1.66826,47.22803],[-1.668,47.22799],[-1.6679,47.22827],[-1.66781,47.2283],[-1.66795,47.22854],[-1.66781,47.2286],[-1.66747,47.22905],[-1.66714,47.22931],[-1.66668,47.22985],[-1.66598,47.23091],[-1.66513,47.23176],[-1.66475,47.23237],[-1.66476,47.23305],[-1.66457,47.23346],[-1.66444,47.23344],[-1.66373,47.23463],[-1.66371,47.23516],[-1.66389,47.23581],[-1.66365,47.23638],[-1.66152,47.238],[-1.65166,47.23455]]]},"properties":{"id":"440162-16204","nom":"Bourg","commune":"Saint-Herblain","surface":1330,"etiquette":[-1.64767,47.21311]}},{"type":"Feature","geometry":{"type":"Polygon","coordinates":[[[-1.64969,47.2481],[-1.64933,47.24793],[-1.64915,47.24794],[-1.64875,47.24808],[-1.64865,47.24823],[-1.64844,47.24823],[-1.64814,47.24812],[-1.64735,47.24829],[-1.64687,47.24808],[-1.64637,47.24803],[-1.64627,47.24799],[-1.64622,47.24784],[-1.64651,47.24747],[-1.64633,47.24677],[-1.64596,47.24651],[-1.64587,47.24653],[-1.6459,47.24665],[-1.6458,47.24664],[-1.6457,47.2464],[-1.6458,47.24631],[-1.64534,47.24626],[-1.64523,47.2461],[-1.64495,47.24614],[-1.64432,47.24595],[-1.64404,47.24598],[-1.64369,47.24578],[-1.64354,47.24584],[-1.64321,47.24583],[-1.64306,47.24573],[-1.64271,47.24563],[-1.6426,47.24573],[-1.64049,47.2448],[-1.63828,47.24397],[-1.63802,47.2437],[-1.63769,47.24362],[-1.63746,47.24342],[-1.63718,47.24343],[-1.63705,47.24354],[-1.63587,47.24321],[-1.63538,47.24337],[-1.63514,47.24317],[-1.63502,47.24323],[-1.63493,47.24351],[-1.63504,47.24365],[-1.63473,47.24374],[-1.6343,47.24355],[-1.63369,47.24342],[-1.63216,47.24256],[-1.63195,47.24223],[-1.63156,47.24224],[-1.63115,47.24204],[-1.63113,47.24185],[-1.63073,47.24191],[-1.63056,47.24162],[-1.62994,47.24152],[-1.62966,47.24162],[-1.62952,47.24176],[-1.62931,47.24176],[-1.6291,47.24161],[-1.62892,47.24162],[-1.6283,47.24131],[-1.62789,47.24121],[-1.62807,47.24103],[-1.62791,47.24083],[-1.62725,47.24082],[-1.62669,47.24054],[-1.62627,47.24063],[-1.62593,47.24086],[-1.62565,47.24097],[-1.62556,47.24095],[-1.62544,47.24065],[-1.6245,47.24],[-1.624,47.23995],[-1.62381,47.24007],[-1.62317,47.24],[-1.62291,47.24008],[-1.62243,47.24004],[-1.62077,47.24007],[-1.62031,47.23997],[-1.61977,47.23948],[-1.61952,47.23848],[-1.61815,47.23771],[-1.61758,47.23748],[-1.61692,47.23738],[-1.6153,47.23744],[-1.61529,47.23734],[-1.61513,47.23726],[-1.61401,47.23732],[-1.61364,47.23717],[-1.61337,47.23682],[-1.61272,47.23665],[-1.6122,47.2363],[-1.61194,47.23619],[-1.61109,47.23623],[-1.61046,47.23607],[-1.60981,47.23607],[-1.60942,47.23596],[-1.60908,47.23577],[-1.60846,47.23566],[-1.60942,47.23466],[-1.60935,47.23448],[-1.61084,47.23289],[-1.60999,47.23239],[-1.60957,47.2324],[-1.6095,47.23236],[-1.60956,47.23229],[-1.60884,47.23209],[-1.60852,47.23235],[-1.60832,47.23227],[-1.60817,47.23241],[-1.60792,47.23239],[-1.60578,47.23126],[-1.60569,47.23123],[-1.60546,47.23134],[-1.60443,47.2306],[-1.60381,47.22993],[-1.60336,47.22982],[-1.60056,47.22951],[-1.60001,47.22941],[-1.59853,47.22945],[-1.59806,47.22932],[-1.59763,47.22929],[-1.59741,47.22918],[-1.59799,47.22884],[-1.59938,47.22766],[-1.60168,47.22601],[-1.60255,47.22533],[-1.60285,47.22497],[-1.60297,47.22469],[-1.603,47.22432],[-1.60263,47.22297],[-1.60278,47.2218],[-1.60319,47.22181],[-1.60356,47.22172],[-1.60385,47.22155],[-1.60409,47.22127],[-1.60409,47.22101],[-1.60396,47.22075],[-1.60344,47.22042],[-1.60411,47.21822],[-1.60502,47.21647],[-1.60538,47.21595],[-1.60583,47.21548],[-1.60742,47.21411],[-1.61174,47.2169],[-1.61238,47.2172],[-1.61325,47.2175],[-1.62091,47.21914],[-1.62337,47.21957],[-1.63064,47.22107],[-1.63301,47.22147],[-1.63964,47.22235],[-1.63856,47.22469],[-1.63802,47.22556],[-1.63697,47.22669],[-1.63539,47.22806],[-1.64096,47.23002],[-1.64543,47.23192],[-1.64685,47.2326],[-1.65166,47.23455],[-1.66152,47.238],[-1.66042,47.23892],[-1.66056,47.24023],[-1.66097,47.24034],[-1.66091,47.24057],[-1.66061,47.241],[-1.66043,47.24106],[-1.65973,47.24156],[-1.6587,47.24251],[-1.65842,47.24298],[-1.65831,47.24393],[-1.65779,47.24474],[-1.65734,47.24494],[-1.65715,47.2449],[-1.65654,47.24515],[-1.65578,47.24517],[-1.65482,47.24538],[-1.6547,47.2453],[-1.65443,47.24544],[-1.65421,47.24543],[-1.65375,47.24556],[-1.65378,47.24565],[-1.65328,47.24577],[-1.65206,47.24666],[-1.6521,47.24678],[-1.65179,47.24704],[-1.65134,47.2476],[-1.65127,47.24791],[-1.65091,47.24807],[-1.65023,47.24807],[-1.65018,47.24819],[-1.65,47.24821],[-1.64969,47.2481]]]},"properties":{"id":"440162-16202","nom":"Centre","commune":"Saint-Herblain","surface":815,"etiquette":[-1.62869,47.23191]}},{"type":"Feature","geometry":{"type":"Polygon","coordinates":[[[-1.61713,47.19981],[-1.61783,47.19985],[-1.61943,47.20073],[-1.62097,47.20184],[-1.62287,47.20386],[-1.62531,47.20663],[-1.62593,47.20747],[-1.62671,47.20931],[-1.6269,47.21046],[-1.6268,47.21153],[-1.62652,47.21264],[-1.62574,47.21495],[-1.62517,47.21625],[-1.62448,47.21762],[-1.62333,47.21957],[-1.62091,47.21914],[-1.61325,47.2175],[-1.61238,47.2172],[-1.61174,47.2169],[-1.60742,47.21411],[-1.60942,47.21145],[-1.60939,47.21118],[-1.61475,47.20498],[-1.61496,47.20438],[-1.61672,47.20253],[-1.61693,47.20151],[-1.61687,47.20019],[-1.61698,47.19989],[-1.61713,47.19981]]]},"properties":{"id":"440162-16203","nom":"Est","commune":"Saint-Herblain","surface":192,"etiquette":[-1.61839,47.21095]}},{"type":"Feature","geometry":{"type":"Polygon","coordinates":[[[-1.62457,47.25279],[-1.62181,47.25169],[-1.60974,47.24837],[-1.607,47.24756],[-1.60447,47.24656],[-1.60104,47.24499],[-1.59655,47.2428],[-1.58939,47.23921],[-1.58944,47.23914],[-1.5863,47.23753],[-1.58604,47.23726],[-1.58394,47.2358],[-1.58476,47.23477],[-1.58555,47.234],[-1.58799,47.23194],[-1.58929,47.23278],[-1.59,47.23209],[-1.58994,47.23205],[-1.59026,47.2318],[-1.59065,47.23199],[-1.59198,47.23125],[-1.59235,47.23164],[-1.59741,47.22918],[-1.59763,47.22929],[-1.59806,47.22932],[-1.59853,47.22945],[-1.60001,47.22941],[-1.60056,47.22951],[-1.60336,47.22982],[-1.60381,47.22993],[-1.60397,47.23005],[-1.60443,47.2306],[-1.60546,47.23134],[-1.60569,47.23123],[-1.60578,47.23126],[-1.60792,47.23239],[-1.60817,47.23241],[-1.60832,47.23227],[-1.60852,47.23235],[-1.60884,47.23209],[-1.60956,47.23229],[-1.6095,47.23236],[-1.60957,47.2324],[-1.60999,47.23239],[-1.61086,47.23285],[-1.60935,47.23448],[-1.60942,47.23466],[-1.60846,47.23566],[-1.60908,47.23577],[-1.60942,47.23596],[-1.60981,47.23607],[-1.61046,47.23607],[-1.61109,47.23623],[-1.61194,47.23619],[-1.6122,47.2363],[-1.61272,47.23665],[-1.61337,47.23682],[-1.61364,47.23717],[-1.61401,47.23732],[-1.61513,47.23726],[-1.61529,47.23734],[-1.6153,47.23744],[-1.61692,47.23738],[-1.61758,47.23748],[-1.61815,47.23771],[-1.61952,47.23848],[-1.61977,47.23948],[-1.62015,47.23989],[-1.62044,47.24002],[-1.62077,47.24007],[-1.62243,47.24004],[-1.62291,47.24008],[-1.62317,47.24],[-1.62381,47.24007],[-1.624,47.23995],[-1.6245,47.24],[-1.62544,47.24065],[-1.62556,47.24095],[-1.62565,47.24097],[-1.62593,47.24086],[-1.62627,47.24063],[-1.62669,47.24054],[-1.62725,47.24082],[-1.62791,47.24083],[-1.62807,47.24103],[-1.62789,47.24121],[-1.6283,47.24131],[-1.62892,47.24162],[-1.6291,47.24161],[-1.62931,47.24176],[-1.62952,47.24176],[-1.62966,47.24162],[-1.62994,47.24152],[-1.63056,47.24162],[-1.63073,47.24191],[-1.63113,47.24185],[-1.63115,47.24204],[-1.63156,47.24224],[-1.63195,47.24223],[-1.63216,47.24256],[-1.63369,47.24342],[-1.6343,47.24355],[-1.63473,47.24374],[-1.63504,47.24365],[-1.63493,47.24351],[-1.63502,47.24323],[-1.63514,47.24317],[-1.63538,47.24337],[-1.63587,47.24321],[-1.63705,47.24354],[-1.63718,47.24343],[-1.63746,47.24342],[-1.63769,47.24362],[-1.63802,47.2437],[-1.63828,47.24397],[-1.64049,47.2448],[-1.6426,47.24573],[-1.64271,47.24563],[-1.64306,47.24573],[-1.64321,47.24583],[-1.64354,47.24584],[-1.64369,47.24578],[-1.64404,47.24598],[-1.64432,47.24595],[-1.64495,47.24614],[-1.64523,47.2461],[-1.64534,47.24626],[-1.6458,47.24631],[-1.6457,47.2464],[-1.6458,47.24664],[-1.6459,47.24665],[-1.64587,47.24653],[-1.64596,47.24651],[-1.64633,47.24677],[-1.64651,47.24747],[-1.64622,47.24784],[-1.64627,47.24799],[-1.64637,47.24803],[-1.64687,47.24808],[-1.64735,47.24829],[-1.64814,47.24812],[-1.64844,47.24823],[-1.64865,47.24823],[-1.64875,47.24808],[-1.64887,47.24808],[-1.64898,47.24797],[-1.64933,47.24793],[-1.65,47.24821],[-1.65018,47.24819],[-1.65025,47.24807],[-1.65076,47.24808],[-1.65093,47.24818],[-1.65086,47.2492],[-1.65039,47.25009],[-1.65015,47.25086],[-1.65014,47.2517],[-1.64972,47.25172],[-1.64952,47.25299],[-1.64963,47.25396],[-1.64935,47.25446],[-1.64858,47.25638],[-1.64818,47.25842],[-1.64548,47.25799],[-1.63859,47.25675],[-1.63134,47.25536],[-1.62912,47.2546],[-1.62457,47.25279]]]},"properties":{"id":"440162-16201","nom":"Nord","commune":"Saint-Herblain","surface":662,"etiquette":[-1.61815,47.2439]}},{"type":"Feature","geometry":{"type":"Polygon","coordinates":[[[-1.49866,47.18001],[-1.49915,47.17962],[-1.49965,47.17941],[-1.49971,47.17923],[-1.50048,47.17858],[-1.5019,47.17655],[-1.50221,47.17668],[-1.50268,47.17603],[-1.50249,47.17516],[-1.50247,47.17467],[-1.50282,47.17403],[-1.50165,47.17353],[-1.5031,47.17213],[-1.50325,47.17214],[-1.50448,47.1711],[-1.50651,47.17254],[-1.50813,47.17328],[-1.50868,47.17379],[-1.51155,47.17681],[-1.51186,47.17723],[-1.51217,47.17785],[-1.51232,47.17872],[-1.51258,47.17947],[-1.51339,47.18007],[-1.51477,47.18041],[-1.51674,47.18045],[-1.5181,47.18067],[-1.51756,47.18163],[-1.51799,47.18183],[-1.51704,47.18343],[-1.51725,47.18352],[-1.51716,47.1838],[-1.51753,47.18449],[-1.51754,47.18478],[-1.51717,47.18544],[-1.51707,47.18551],[-1.51701,47.18542],[-1.51654,47.18575],[-1.51686,47.18598],[-1.51661,47.18624],[-1.51624,47.18649],[-1.51464,47.18738],[-1.51321,47.18643],[-1.51319,47.18626],[-1.51231,47.18591],[-1.51107,47.18506],[-1.50908,47.18363],[-1.50668,47.1816],[-1.50629,47.18131],[-1.50557,47.18094],[-1.50457,47.18064],[-1.49866,47.18001]]]},"properties":{"id":"440215-21509","nom":"Beautour - Les rives de Sèvre","commune":"Vertou","surface":108,"etiquette":[-1.50892,47.17942]}},{"type":"Feature","geometry":{"type":"Polygon","coordinates":[[[-1.49866,47.18001],[-1.50457,47.18064],[-1.50557,47.18094],[-1.50629,47.18131],[-1.50908,47.18363],[-1.51231,47.18591],[-1.51319,47.18626],[-1.51321,47.18643],[-1.51464,47.18738],[-1.51405,47.1877],[-1.51286,47.18697],[-1.51236,47.18741],[-1.51162,47.18706],[-1.51124,47.18763],[-1.51154,47.18756],[-1.51195,47.18762],[-1.51204,47.18745],[-1.5122,47.18743],[-1.51241,47.18753],[-1.51233,47.18775],[-1.51269,47.18778],[-1.51272,47.18817],[-1.51302,47.18857],[-1.51283,47.18933],[-1.49363,47.18811],[-1.49449,47.18734],[-1.49365,47.18603],[-1.49536,47.18648],[-1.49577,47.18618],[-1.49648,47.18445],[-1.49669,47.18358],[-1.49866,47.18001]]]},"properties":{"id":"440215-21510","nom":"Beautour - Raymond Durand","commune":"Vertou","surface":98,"etiquette":[-1.50357,47.18526]}},{"type":"Feature","geometry":{"type":"Polygon","coordinates":[[[-1.47501,47.17907],[-1.47371,47.17896],[-1.47192,47.17855],[-1.47093,47.1784],[-1.46809,47.17838],[-1.46687,47.17823],[-1.46574,47.17803],[-1.46313,47.17742],[-1.46052,47.17651],[-1.45911,47.17596],[-1.45822,47.17545],[-1.45763,47.17501],[-1.45696,47.17426],[-1.45663,47.17375],[-1.4564,47.17317],[-1.45619,47.1721],[-1.45634,47.17131],[-1.457,47.17016],[-1.45941,47.1666],[-1.46049,47.16544],[-1.46181,47.16426],[-1.46261,47.16366],[-1.46395,47.16313],[-1.46463,47.163],[-1.46923,47.16258],[-1.47071,47.1626],[-1.47195,47.16286],[-1.47302,47.16323],[-1.4739,47.16327],[-1.47839,47.16424],[-1.48204,47.16511],[-1.48101,47.16665],[-1.4811,47.1673],[-1.48191,47.16797],[-1.48265,47.16842],[-1.4822,47.16933],[-1.48196,47.17042],[-1.48116,47.17124],[-1.47968,47.17249],[-1.47871,47.174],[-1.47647,47.17698],[-1.47586,47.17692],[-1.47578,47.17739],[-1.47585,47.17797],[-1.47653,47.17828],[-1.47655,47.1784],[-1.47628,47.17905],[-1.47501,47.17907]]]},"properties":{"id":"440215-21501","nom":"Centre - Bourg","commune":"Vertou","surface":267,"etiquette":[-1.46933,47.17054]}},{"type":"Feature","geometry":{"type":"Polygon","coordinates":[[[-1.41401,47.18069],[-1.41525,47.1803],[-1.41697,47.17959],[-1.42374,47.1771],[-1.42829,47.17496],[-1.42831,47.17488],[-1.4312,47.17345],[-1.43275,47.17226],[-1.43296,47.17198],[-1.43288,47.17175],[-1.43347,47.1716],[-1.43492,47.17103],[-1.43618,47.1704],[-1.43651,47.1699],[-1.43836,47.1696],[-1.44372,47.16956],[-1.44471,47.16948],[-1.44917,47.16879],[-1.45193,47.16861],[-1.45318,47.1687],[-1.45538,47.16866],[-1.45738,47.16877],[-1.45787,47.16886],[-1.45634,47.17131],[-1.45619,47.1721],[-1.45629,47.17279],[-1.45663,47.17375],[-1.45696,47.17426],[-1.45763,47.17501],[-1.45822,47.17545],[-1.45911,47.17596],[-1.46052,47.17651],[-1.46313,47.17742],[-1.46574,47.17803],[-1.46809,47.17838],[-1.47093,47.1784],[-1.47192,47.17855],[-1.47371,47.17896],[-1.47491,47.17905],[-1.47695,47.18695],[-1.46834,47.18635],[-1.4595,47.18584],[-1.45538,47.18548],[-1.44279,47.18496],[-1.43631,47.18439],[-1.43183,47.18416],[-1.42534,47.18299],[-1.41439,47.18082],[-1.41401,47.18069]]]},"properties":{"id":"440215-21511","nom":"La Grammoire - Le Patis Vinet","commune":"Vertou","surface":541,"etiquette":[-1.4475,47.17876]}},{"type":"Feature","geometry":{"type":"Polygon","coordinates":[[[-1.41226,47.17736],[-1.41302,47.17693],[-1.41338,47.17634],[-1.41429,47.17565],[-1.41389,47.17547],[-1.41386,47.17515],[-1.41503,47.17451],[-1.41519,47.17466],[-1.41534,47.17468],[-1.41619,47.17455],[-1.41648,47.1744],[-1.41672,47.17447],[-1.41681,47.17444],[-1.41774,47.17352],[-1.41784,47.1728],[-1.41853,47.17245],[-1.41902,47.17269],[-1.4191,47.17259],[-1.41917,47.17221],[-1.41911,47.17209],[-1.41948,47.17202],[-1.41961,47.17209],[-1.41992,47.17203],[-1.42037,47.17189],[-1.42071,47.17172],[-1.42136,47.17098],[-1.42225,47.17066],[-1.4235,47.16989],[-1.42482,47.16826],[-1.42564,47.16798],[-1.42556,47.16784],[-1.42569,47.16773],[-1.42572,47.16759],[-1.42589,47.16752],[-1.42583,47.16734],[-1.42597,47.16696],[-1.42669,47.16628],[-1.42719,47.166],[-1.42742,47.16579],[-1.42767,47.16574],[-1.42765,47.16536],[-1.42782,47.16523],[-1.42792,47.16501],[-1.42808,47.16419],[-1.42824,47.16393],[-1.42815,47.16354],[-1.42849,47.16213],[-1.42876,47.16181],[-1.4288,47.1612],[-1.42904,47.16093],[-1.42938,47.16025],[-1.42939,47.16019],[-1.42918,47.16006],[-1.42938,47.15981],[-1.42918,47.1597],[-1.42928,47.15956],[-1.42923,47.15943],[-1.42909,47.15936],[-1.42945,47.1589],[-1.42988,47.15883],[-1.43054,47.15817],[-1.43064,47.15817],[-1.43078,47.15829],[-1.43152,47.15827],[-1.43189,47.15811],[-1.43214,47.15793],[-1.43227,47.15753],[-1.43277,47.15718],[-1.43382,47.15721],[-1.43402,47.15712],[-1.43422,47.15681],[-1.4342,47.15626],[-1.4341,47.15615],[-1.43417,47.15586],[-1.43433,47.15567],[-1.4348,47.15549],[-1.43459,47.15503],[-1.43503,47.15495],[-1.43514,47.15488],[-1.43513,47.15447],[-1.43521,47.15436],[-1.43548,47.15431],[-1.43573,47.15418],[-1.43593,47.15447],[-1.43619,47.15447],[-1.43701,47.15386],[-1.43756,47.15439],[-1.43801,47.15503],[-1.43822,47.15506],[-1.43869,47.1547],[-1.43931,47.15399],[-1.43997,47.15347],[-1.44167,47.15238],[-1.4426,47.15198],[-1.44297,47.152],[-1.4447,47.15263],[-1.44479,47.15246],[-1.44533,47.15287],[-1.44708,47.15395],[-1.44896,47.15398],[-1.45041,47.15382],[-1.4535,47.15357],[-1.45593,47.15325],[-1.45966,47.15311],[-1.46234,47.1523],[-1.46576,47.15147],[-1.46698,47.15079],[-1.46899,47.15082],[-1.47078,47.15143],[-1.47137,47.15189],[-1.4715,47.15249],[-1.47225,47.15359],[-1.47223,47.15446],[-1.47285,47.15592],[-1.47328,47.15758],[-1.47364,47.15829],[-1.47476,47.159],[-1.47617,47.16021],[-1.47709,47.16066],[-1.48022,47.16164],[-1.48208,47.16301],[-1.48232,47.1635],[-1.48238,47.16456],[-1.48204,47.16511],[-1.47839,47.16424],[-1.4739,47.16327],[-1.47302,47.16323],[-1.47195,47.16286],[-1.47071,47.1626],[-1.46923,47.16258],[-1.46463,47.163],[-1.46395,47.16313],[-1.46261,47.16366],[-1.46181,47.16426],[-1.46049,47.16544],[-1.45941,47.1666],[-1.45787,47.16886],[-1.45738,47.16877],[-1.45608,47.16868],[-1.45318,47.1687],[-1.45193,47.16861],[-1.44917,47.16879],[-1.44471,47.16948],[-1.44372,47.16956],[-1.43836,47.1696],[-1.43651,47.1699],[-1.43618,47.1704],[-1.43492,47.17103],[-1.43347,47.1716],[-1.43288,47.17175],[-1.43296,47.17198],[-1.43275,47.17226],[-1.4312,47.17345],[-1.42831,47.17488],[-1.42829,47.17496],[-1.42374,47.1771],[-1.41697,47.17959],[-1.41525,47.1803],[-1.41401,47.18069],[-1.41385,47.18059],[-1.41389,47.18034],[-1.41363,47.18029],[-1.41338,47.17962],[-1.41354,47.17955],[-1.41253,47.17798],[-1.41229,47.17781],[-1.41218,47.17741],[-1.41226,47.17736]]]},"properties":{"id":"440215-21504","nom":"Le Loiry - La Verrie","commune":"Vertou","surface":654,"etiquette":[-1.44661,47.16291]}},{"type":"Feature","geometry":{"type":"Polygon","coordinates":[[[-1.47492,47.17904],[-1.47628,47.17905],[-1.47655,47.1784],[-1.47653,47.17828],[-1.47585,47.17797],[-1.47578,47.17739],[-1.47586,47.17692],[-1.47647,47.17698],[-1.47871,47.174],[-1.47968,47.17249],[-1.48116,47.17124],[-1.48196,47.17042],[-1.4822,47.16933],[-1.48265,47.16842],[-1.48303,47.16865],[-1.48428,47.16876],[-1.48978,47.16762],[-1.49143,47.16752],[-1.49249,47.16768],[-1.49427,47.16841],[-1.49678,47.16959],[-1.49919,47.17015],[-1.50235,47.17017],[-1.50448,47.1711],[-1.50325,47.17214],[-1.5031,47.17213],[-1.50165,47.17353],[-1.50282,47.17403],[-1.50247,47.17467],[-1.50249,47.17516],[-1.50268,47.17603],[-1.50221,47.17668],[-1.5019,47.17655],[-1.50048,47.17858],[-1.49971,47.17923],[-1.49965,47.17941],[-1.49915,47.17962],[-1.49877,47.17989],[-1.49852,47.18019],[-1.49669,47.18358],[-1.49648,47.18445],[-1.49577,47.18618],[-1.49536,47.18648],[-1.49365,47.18603],[-1.49449,47.18734],[-1.49363,47.18811],[-1.47695,47.18695],[-1.47492,47.17904]]]},"properties":{"id":"440215-21508","nom":"Le Planty - La Vertonne","commune":"Vertou","surface":352,"etiquette":[-1.48872,47.17787]}},{"type":"Feature","geometry":{"type":"Polygon","coordinates":[[[-1.44776,47.14725],[-1.44688,47.14645],[-1.44528,47.14561],[-1.44485,47.14555],[-1.44375,47.14572],[-1.44309,47.14561],[-1.44301,47.14552],[-1.44302,47.14476],[-1.44283,47.14453],[-1.44262,47.14449],[-1.44154,47.14457],[-1.44049,47.14443],[-1.44031,47.14447],[-1.44003,47.14464],[-1.4396,47.14437],[-1.43969,47.14385],[-1.43981,47.14363],[-1.44004,47.14343],[-1.44005,47.14315],[-1.44021,47.14299],[-1.44018,47.14291],[-1.44042,47.14252],[-1.44054,47.14153],[-1.44046,47.14122],[-1.44022,47.14112],[-1.44003,47.14003],[-1.44003,47.13991],[-1.44036,47.13988],[-1.43989,47.1389],[-1.43992,47.13876],[-1.4396,47.13874],[-1.43957,47.13868],[-1.43967,47.13842],[-1.44011,47.13793],[-1.441,47.13738],[-1.44187,47.13657],[-1.44309,47.13589],[-1.44327,47.13566],[-1.44433,47.13518],[-1.4453,47.1345],[-1.44627,47.13408],[-1.44658,47.13376],[-1.4473,47.13351],[-1.44797,47.13291],[-1.44804,47.13262],[-1.44765,47.13239],[-1.44841,47.1313],[-1.45116,47.131],[-1.45186,47.13083],[-1.45285,47.13074],[-1.45185,47.12955],[-1.45049,47.12682],[-1.45156,47.12655],[-1.45182,47.12647],[-1.45192,47.12637],[-1.45253,47.12539],[-1.45283,47.1247],[-1.45333,47.1247],[-1.45356,47.12448],[-1.45374,47.12404],[-1.45357,47.12375],[-1.45361,47.12363],[-1.45428,47.1227],[-1.45479,47.1222],[-1.45491,47.12188],[-1.45538,47.12135],[-1.4555,47.12125],[-1.45633,47.12102],[-1.45662,47.12084],[-1.45807,47.1216],[-1.45849,47.12171],[-1.45894,47.12162],[-1.45939,47.12142],[-1.46089,47.12146],[-1.46158,47.12111],[-1.4618,47.12121],[-1.46222,47.12173],[-1.46313,47.12265],[-1.46386,47.12299],[-1.46398,47.12279],[-1.46397,47.12258],[-1.46455,47.12235],[-1.4647,47.1221],[-1.46514,47.12186],[-1.46547,47.12193],[-1.46577,47.12092],[-1.46551,47.12083],[-1.46578,47.1202],[-1.46591,47.12026],[-1.46818,47.1197],[-1.46792,47.11907],[-1.46944,47.11918],[-1.46942,47.11829],[-1.47123,47.11832],[-1.47109,47.11781],[-1.47363,47.11781],[-1.47381,47.11703],[-1.47601,47.11801],[-1.47646,47.11812],[-1.47663,47.11807],[-1.47735,47.1191],[-1.47818,47.11997],[-1.47831,47.11997],[-1.4791,47.11959],[-1.4811,47.12138],[-1.47947,47.12208],[-1.48001,47.12244],[-1.48138,47.12271],[-1.48187,47.12294],[-1.48402,47.12433],[-1.4844,47.12488],[-1.48467,47.1268],[-1.48573,47.12714],[-1.48746,47.1267],[-1.48842,47.12708],[-1.48897,47.12703],[-1.48915,47.12739],[-1.48993,47.12813],[-1.49002,47.12855],[-1.49044,47.1288],[-1.49064,47.12884],[-1.49137,47.12942],[-1.49153,47.12972],[-1.49259,47.13056],[-1.49315,47.13131],[-1.49347,47.1321],[-1.49147,47.13277],[-1.48855,47.1351],[-1.48907,47.13583],[-1.48895,47.13587],[-1.48948,47.13665],[-1.49021,47.13983],[-1.49058,47.14097],[-1.48973,47.14466],[-1.48966,47.14563],[-1.49165,47.14556],[-1.49199,47.14561],[-1.49225,47.14574],[-1.49343,47.14698],[-1.4902,47.1476],[-1.48164,47.14765],[-1.47525,47.14648],[-1.47393,47.14635],[-1.44776,47.14725]]]},"properties":{"id":"440215-21506","nom":"Les Pégers - Reigniers","commune":"Vertou","surface":944,"etiquette":[-1.46786,47.13491]}},{"type":"Feature","geometry":{"type":"Polygon","coordinates":[[[-1.44776,47.14725],[-1.47393,47.14635],[-1.47525,47.14648],[-1.48164,47.14765],[-1.4902,47.1476],[-1.49343,47.14698],[-1.49395,47.1474],[-1.4951,47.1479],[-1.49633,47.14857],[-1.49705,47.14936],[-1.49736,47.14955],[-1.4978,47.1497],[-1.49847,47.14979],[-1.49903,47.14967],[-1.49938,47.14943],[-1.49991,47.14884],[-1.50069,47.15035],[-1.50217,47.15203],[-1.50297,47.15333],[-1.50349,47.15385],[-1.50505,47.15432],[-1.50584,47.15483],[-1.50756,47.15536],[-1.5084,47.15585],[-1.50942,47.15676],[-1.50927,47.15709],[-1.51146,47.15918],[-1.51377,47.16227],[-1.5139,47.16278],[-1.51376,47.16308],[-1.51368,47.16317],[-1.51354,47.16304],[-1.51337,47.163],[-1.51317,47.16312],[-1.51343,47.16385],[-1.51448,47.1649],[-1.51594,47.16588],[-1.51637,47.16557],[-1.51632,47.16546],[-1.51653,47.16547],[-1.51666,47.16564],[-1.51666,47.16581],[-1.51754,47.16632],[-1.51772,47.1659],[-1.51756,47.16534],[-1.51718,47.1647],[-1.51733,47.16463],[-1.51813,47.16449],[-1.51865,47.16454],[-1.51943,47.16471],[-1.52084,47.16464],[-1.52116,47.16489],[-1.51923,47.16662],[-1.51937,47.16681],[-1.51939,47.1672],[-1.5197,47.16744],[-1.51968,47.1677],[-1.51987,47.16831],[-1.51993,47.16893],[-1.51979,47.16903],[-1.51994,47.16936],[-1.52049,47.16999],[-1.52132,47.17055],[-1.52157,47.17128],[-1.52195,47.17145],[-1.52268,47.17206],[-1.52281,47.17225],[-1.52285,47.17261],[-1.52349,47.17305],[-1.5234,47.17352],[-1.52288,47.17423],[-1.52287,47.17437],[-1.523,47.17453],[-1.52284,47.17472],[-1.52237,47.17468],[-1.52215,47.17514],[-1.52199,47.17573],[-1.52213,47.17644],[-1.52164,47.17714],[-1.52181,47.17736],[-1.52131,47.17756],[-1.52108,47.17777],[-1.52066,47.17788],[-1.52068,47.17813],[-1.52047,47.17797],[-1.52027,47.17806],[-1.52015,47.17822],[-1.51983,47.17828],[-1.51961,47.17902],[-1.51977,47.17912],[-1.51968,47.17934],[-1.51943,47.1794],[-1.51931,47.17951],[-1.51911,47.17937],[-1.51868,47.1793],[-1.5187,47.17946],[-1.51885,47.17961],[-1.51868,47.17968],[-1.51846,47.17963],[-1.51835,47.17972],[-1.51845,47.17981],[-1.51887,47.17986],[-1.51893,47.17996],[-1.51866,47.18018],[-1.51821,47.18032],[-1.5181,47.18067],[-1.51674,47.18045],[-1.51477,47.18041],[-1.51339,47.18007],[-1.51258,47.17947],[-1.51232,47.17872],[-1.51217,47.17785],[-1.51186,47.17723],[-1.51105,47.17623],[-1.50813,47.17328],[-1.50651,47.17254],[-1.50458,47.17113],[-1.50235,47.17017],[-1.49919,47.17015],[-1.49678,47.16959],[-1.49427,47.16841],[-1.49249,47.16768],[-1.49143,47.16752],[-1.48978,47.16762],[-1.48428,47.16876],[-1.48303,47.16865],[-1.48191,47.16797],[-1.4811,47.1673],[-1.48101,47.16665],[-1.48238,47.16456],[-1.48232,47.1635],[-1.48208,47.16301],[-1.48022,47.16164],[-1.47709,47.16066],[-1.47617,47.16021],[-1.47476,47.159],[-1.47364,47.15829],[-1.47328,47.15758],[-1.47285,47.15592],[-1.47223,47.15446],[-1.47225,47.15359],[-1.4715,47.15249],[-1.47137,47.15189],[-1.47078,47.15143],[-1.46899,47.15082],[-1.46698,47.15079],[-1.46576,47.15147],[-1.46234,47.1523],[-1.45966,47.15311],[-1.45593,47.15325],[-1.4535,47.15357],[-1.45041,47.15382],[-1.44896,47.15398],[-1.44708,47.15395],[-1.44533,47.15287],[-1.44479,47.15246],[-1.44511,47.15181],[-1.44518,47.15101],[-1.44511,47.15052],[-1.44545,47.14974],[-1.44659,47.14934],[-1.44816,47.14864],[-1.4483,47.14798],[-1.44776,47.14725]]]},"properties":{"id":"440215-21507","nom":"Rousselière - Portereau - Chêne - Drouillet","commune":"Vertou","surface":851,"etiquette":[-1.49109,47.15954]}}]}