ISO-10303-21;
HEADER;
FILE_DESCRIPTION(('ViewDefinition[DesignTransferView]'),'2;1');
FILE_NAME('/dev/null','2026-09-25T19:43:51+00:00',(''),(''),'IfcOpenShell 0.8.5','IfcOpenShell 0.8.5','Nobody');
FILE_SCHEMA(('IFC4'));
ENDSEC;
DATA;
#1=IFCPROJECT('2kgIdPix91YhMMOhwHHEPt',$,'Projet de d\X2\00E9\X0\monstration (fictif)',$,$,$,$,(#10),#5);
#2=IFCSIUNIT(*,.LENGTHUNIT.,$,.METRE.);
#3=IFCSIUNIT(*,.AREAUNIT.,$,.SQUARE_METRE.);
#4=IFCSIUNIT(*,.VOLUMEUNIT.,$,.CUBIC_METRE.);
#5=IFCUNITASSIGNMENT((#4,#2,#3));
#6=IFCCARTESIANPOINT((0.,0.,0.));
#7=IFCDIRECTION((0.,0.,1.));
#8=IFCDIRECTION((1.,0.,0.));
#9=IFCAXIS2PLACEMENT3D(#6,#7,#8);
#10=IFCGEOMETRICREPRESENTATIONCONTEXT($,'Model',3,1.0000000000000001E-05,#9,$);
#11=IFCGEOMETRICREPRESENTATIONSUBCONTEXT('Body','Model',*,*,*,*,#10,$,.MODEL_VIEW.,$);
#12=IFCPROJECTEDCRS('EPSG:2154','RGF93 v1 / Lambert-93',$,$,$,$,$);
#13=IFCMAPCONVERSION(#10,#12,355117.22411926044,6688180.9028373631,5.,0.97629600711993336,0.21643961393810288,1.);
#14=IFCSITE('3yNQJY6mHD7Pxdj6dPiVGK',$,'Parcelle de d\X2\00E9\X0\monstration',$,$,$,$,$,$,$,$,$,$,$);
#15=IFCBUILDING('1IMVYIudP6zvvfMc9vSanF',$,'\X2\00CE\X0\lot d\X2\00E9\X0\monstrateur',$,$,$,$,$,$,$,$,$);
#16=IFCRELAGGREGATES('2$JbVqaGr9HvT0M6xC5J3D',$,$,$,#1,(#14));
#17=IFCRELAGGREGATES('19jjfywqnDvgx1jU157EAV',$,$,$,#14,(#15));
#18=IFCSURFACESTYLE('B\X2\00E9\X0\ton clair',.BOTH.,(#19));
#19=IFCSURFACESTYLESHADING(#20,0.);
#20=IFCCOLOURRGB($,0.90000000000000002,0.88,0.83999999999999997);
#21=IFCSURFACESTYLE('Bardage bois',.BOTH.,(#22));
#22=IFCSURFACESTYLESHADING(#23,0.);
#23=IFCCOLOURRGB($,0.71999999999999997,0.56000000000000005,0.38);
#24=IFCSURFACESTYLE('Dalle',.BOTH.,(#25));
#25=IFCSURFACESTYLESHADING(#26,0.);
#26=IFCCOLOURRGB($,0.62,0.62,0.64000000000000001);
#27=IFCSURFACESTYLE('Toiture v\X2\00E9\X0\g\X2\00E9\X0\talis\X2\00E9\X0\e',.BOTH.,(#28));
#28=IFCSURFACESTYLESHADING(#29,0.);
#29=IFCCOLOURRGB($,0.45000000000000001,0.59999999999999998,0.38);
#30=IFCBUILDINGSTOREY('3oFCMSblPDUveY8u89N0Sq',$,'Plot RDC',$,$,$,$,$,$,0.);
#31=IFCRELAGGREGATES('0apL9bWGP21hOoHd5qafFk',$,$,$,#15,(#30,#197,#2366,#2246,#1886,#2006,#363,#1526,#1166,#529,#695,#861,#2126,#1646,#1766,#1286,#1406,#1046));
#32=IFCSLAB('3J1Hhsnvr3hBem9kQqzgz5',$,'Dalle',$,$,#51,#39,$,$);
#33=IFCCARTESIANPOINTLIST2D(((0.,0.),(42.,0.),(42.,14.),(14.,14.),(14.,32.),(0.,32.)));
#34=IFCINDEXEDPOLYCURVE(#33,$,$);
#35=IFCDIRECTION((0.,0.,1.));
#36=IFCARBITRARYCLOSEDPROFILEDEF(.AREA.,$,#34);
#37=IFCEXTRUDEDAREASOLID(#36,$,#35,0.25);
#38=IFCSHAPEREPRESENTATION(#11,'Body','SweptSolid',(#37));
#39=IFCPRODUCTDEFINITIONSHAPE($,$,(#38));
#40=IFCSTYLEDITEM(#37,(#24),'Dalle');
#46=IFCRELCONTAINEDINSPATIALSTRUCTURE('0VhkYEdszAHhI8sp5vEAg2',$,$,$,(#75,#121,#144,#52,#167,#32,#98),#30);
#47=IFCCARTESIANPOINT((0.,0.,0.));
#48=IFCDIRECTION((0.,0.,1.));
#49=IFCDIRECTION((1.,0.,0.));
#50=IFCAXIS2PLACEMENT3D(#47,#48,#49);
#51=IFCLOCALPLACEMENT($,#50);
#52=IFCWALL('30WxhGCBfAdujEQfeYXTlR',$,'Mur',$,$,#74,#63,$,$);
#53=IFCCARTESIANPOINTLIST2D(((0.,0.),(0.,0.29999999999999999),(42.,0.29999999999999999),(42.,0.),(0.,0.)));
#54=IFCINDEXEDPOLYCURVE(#53,$,.F.);
#55=IFCDIRECTION((0.,0.,1.));
#56=IFCARBITRARYCLOSEDPROFILEDEF(.AREA.,$,#54);
#57=IFCCARTESIANPOINT((0.,0.,0.));
#58=IFCDIRECTION((0.,0.,1.));
#59=IFCDIRECTION((1.,0.,0.));
#60=IFCAXIS2PLACEMENT3D(#57,#58,#59);
#61=IFCEXTRUDEDAREASOLID(#56,#60,#55,2.8500000000000001);
#62=IFCSHAPEREPRESENTATION(#11,'Body','SweptSolid',(#61));
#63=IFCPRODUCTDEFINITIONSHAPE($,$,(#62));
#64=IFCSTYLEDITEM(#61,(#18),'B\X2\00E9\X0\ton clair');
#70=IFCCARTESIANPOINT((0.,0.,0.25));
#71=IFCDIRECTION((0.,0.,1.));
#72=IFCDIRECTION((1.,0.,0.));
#73=IFCAXIS2PLACEMENT3D(#70,#71,#72);
#74=IFCLOCALPLACEMENT($,#73);
#75=IFCWALL('1va64nSGbAKfOu6sQ9wqw4',$,'Mur',$,$,#97,#86,$,$);
#76=IFCCARTESIANPOINTLIST2D(((0.,0.),(0.,0.29999999999999999),(14.,0.29999999999999999),(14.,0.),(0.,0.)));
#77=IFCINDEXEDPOLYCURVE(#76,$,.F.);
#78=IFCDIRECTION((0.,0.,1.));
#79=IFCARBITRARYCLOSEDPROFILEDEF(.AREA.,$,#77);
#80=IFCCARTESIANPOINT((0.,0.,0.));
#81=IFCDIRECTION((0.,0.,1.));
#82=IFCDIRECTION((1.,0.,0.));
#83=IFCAXIS2PLACEMENT3D(#80,#81,#82);
#84=IFCEXTRUDEDAREASOLID(#79,#83,#78,2.8500000000000001);
#85=IFCSHAPEREPRESENTATION(#11,'Body','SweptSolid',(#84));
#86=IFCPRODUCTDEFINITIONSHAPE($,$,(#85));
#87=IFCSTYLEDITEM(#84,(#18),'B\X2\00E9\X0\ton clair');
#93=IFCCARTESIANPOINT((42.,0.,0.25));
#94=IFCDIRECTION((0.,0.,1.));
#95=IFCDIRECTION((6.123233995736766E-17,1.,0.));
#96=IFCAXIS2PLACEMENT3D(#93,#94,#95);
#97=IFCLOCALPLACEMENT($,#96);
#98=IFCWALL('20LvYA6vvAavJFPWcQwqIo',$,'Mur',$,$,#120,#109,$,$);
#99=IFCCARTESIANPOINTLIST2D(((0.,0.),(0.,0.29999999999999999),(28.,0.29999999999999999),(28.,0.),(0.,0.)));
#100=IFCINDEXEDPOLYCURVE(#99,$,.F.);
#101=IFCDIRECTION((0.,0.,1.));
#102=IFCARBITRARYCLOSEDPROFILEDEF(.AREA.,$,#100);
#103=IFCCARTESIANPOINT((0.,0.,0.));
#104=IFCDIRECTION((0.,0.,1.));
#105=IFCDIRECTION((1.,0.,0.));
#106=IFCAXIS2PLACEMENT3D(#103,#104,#105);
#107=IFCEXTRUDEDAREASOLID(#102,#106,#101,2.8500000000000001);
#108=IFCSHAPEREPRESENTATION(#11,'Body','SweptSolid',(#107));
#109=IFCPRODUCTDEFINITIONSHAPE($,$,(#108));
#110=IFCSTYLEDITEM(#107,(#18),'B\X2\00E9\X0\ton clair');
#116=IFCCARTESIANPOINT((42.,14.,0.25));
#117=IFCDIRECTION((0.,0.,1.));
#118=IFCDIRECTION((-1.,1.2246467991473532E-16,0.));
#119=IFCAXIS2PLACEMENT3D(#116,#117,#118);
#120=IFCLOCALPLACEMENT($,#119);
#121=IFCWALL('0_HkBAgzjBs9$Qdly8bZB0',$,'Mur',$,$,#143,#132,$,$);
#122=IFCCARTESIANPOINTLIST2D(((0.,0.),(0.,0.29999999999999999),(18.,0.29999999999999999),(18.,0.),(0.,0.)));
#123=IFCINDEXEDPOLYCURVE(#122,$,.F.);
#124=IFCDIRECTION((0.,0.,1.));
#125=IFCARBITRARYCLOSEDPROFILEDEF(.AREA.,$,#123);
#126=IFCCARTESIANPOINT((0.,0.,0.));
#127=IFCDIRECTION((0.,0.,1.));
#128=IFCDIRECTION((1.,0.,0.));
#129=IFCAXIS2PLACEMENT3D(#126,#127,#128);
#130=IFCEXTRUDEDAREASOLID(#125,#129,#124,2.8500000000000001);
#131=IFCSHAPEREPRESENTATION(#11,'Body','SweptSolid',(#130));
#132=IFCPRODUCTDEFINITIONSHAPE($,$,(#131));
#133=IFCSTYLEDITEM(#130,(#18),'B\X2\00E9\X0\ton clair');
#139=IFCCARTESIANPOINT((14.,14.,0.25));
#140=IFCDIRECTION((0.,0.,1.));
#141=IFCDIRECTION((6.123233995736766E-17,1.,0.));
#142=IFCAXIS2PLACEMENT3D(#139,#140,#141);
#143=IFCLOCALPLACEMENT($,#142);
#144=IFCWALL('0t87968rP2cRV9UCyxSo4$',$,'Mur',$,$,#166,#155,$,$);
#145=IFCCARTESIANPOINTLIST2D(((0.,0.),(0.,0.29999999999999999),(14.,0.29999999999999999),(14.,0.),(0.,0.)));
#146=IFCINDEXEDPOLYCURVE(#145,$,.F.);
#147=IFCDIRECTION((0.,0.,1.));
#148=IFCARBITRARYCLOSEDPROFILEDEF(.AREA.,$,#146);
#149=IFCCARTESIANPOINT((0.,0.,0.));
#150=IFCDIRECTION((0.,0.,1.));
#151=IFCDIRECTION((1.,0.,0.));
#152=IFCAXIS2PLACEMENT3D(#149,#150,#151);
#153=IFCEXTRUDEDAREASOLID(#148,#152,#147,2.8500000000000001);
#154=IFCSHAPEREPRESENTATION(#11,'Body','SweptSolid',(#153));
#155=IFCPRODUCTDEFINITIONSHAPE($,$,(#154));
#156=IFCSTYLEDITEM(#153,(#18),'B\X2\00E9\X0\ton clair');
#162=IFCCARTESIANPOINT((14.,32.,0.25));
#163=IFCDIRECTION((0.,0.,1.));
#164=IFCDIRECTION((-1.,1.2246467991473532E-16,0.));
#165=IFCAXIS2PLACEMENT3D(#162,#163,#164);
#166=IFCLOCALPLACEMENT($,#165);
#167=IFCWALL('28NBnW6TDEHOmojYZyXyCd',$,'Mur',$,$,#189,#178,$,$);
#168=IFCCARTESIANPOINTLIST2D(((0.,0.),(0.,0.29999999999999999),(32.,0.29999999999999999),(32.,0.),(0.,0.)));
#169=IFCINDEXEDPOLYCURVE(#168,$,.F.);
#170=IFCDIRECTION((0.,0.,1.));
#171=IFCARBITRARYCLOSEDPROFILEDEF(.AREA.,$,#169);
#172=IFCCARTESIANPOINT((0.,0.,0.));
#173=IFCDIRECTION((0.,0.,1.));
#174=IFCDIRECTION((1.,0.,0.));
#175=IFCAXIS2PLACEMENT3D(#172,#173,#174);
#176=IFCEXTRUDEDAREASOLID(#171,#175,#170,2.8500000000000001);
#177=IFCSHAPEREPRESENTATION(#11,'Body','SweptSolid',(#176));
#178=IFCPRODUCTDEFINITIONSHAPE($,$,(#177));
#179=IFCSTYLEDITEM(#176,(#18),'B\X2\00E9\X0\ton clair');
#185=IFCCARTESIANPOINT((0.,32.,0.25));
#186=IFCDIRECTION((0.,0.,1.));
#187=IFCDIRECTION((6.123233995736766E-17,-1.,0.));
#188=IFCAXIS2PLACEMENT3D(#185,#186,#187);
#189=IFCLOCALPLACEMENT($,#188);
#190=IFCSPACE('3q7tFwmHv8vuY3r_87tTjr',$,'Plateau Plot RDC',$,$,$,$,$,$,$,$);
#191=IFCRELAGGREGATES('1aqtqR$OL4OfIXUlhyqirj',$,$,$,#30,(#190));
#192=IFCELEMENTQUANTITY('3o$S5KO$v6ZAhvTf39AVn_',$,'Qto_SpaceBaseQuantities',$,'BaseQuantities',(#194,#195,#196));
#193=IFCRELDEFINESBYPROPERTIES('25FZ4eLOH1GQERCvua1Hqk',$,$,$,(#190),#192);
#194=IFCQUANTITYAREA('NetFloorArea',$,$,739.20000000000005,$);
#195=IFCQUANTITYAREA('GrossFloorArea',$,$,840.,$);
#196=IFCQUANTITYLENGTH('Height',$,$,3.1000000000000001,$);
#197=IFCBUILDINGSTOREY('12eJN3Em53aQbTiFOlZjNX',$,'Plot R+1',$,$,$,$,$,$,3.1000000000000001);
#198=IFCSLAB('1rLiUbKx14zvaYEzoQITlk',$,'Dalle',$,$,#217,#205,$,$);
#199=IFCCARTESIANPOINTLIST2D(((0.,0.),(42.,0.),(42.,14.),(14.,14.),(14.,32.),(0.,32.)));
#200=IFCINDEXEDPOLYCURVE(#199,$,$);
#201=IFCDIRECTION((0.,0.,1.));
#202=IFCARBITRARYCLOSEDPROFILEDEF(.AREA.,$,#200);
#203=IFCEXTRUDEDAREASOLID(#202,$,#201,0.25);
#204=IFCSHAPEREPRESENTATION(#11,'Body','SweptSolid',(#203));
#205=IFCPRODUCTDEFINITIONSHAPE($,$,(#204));
#206=IFCSTYLEDITEM(#203,(#24),'Dalle');
#212=IFCRELCONTAINEDINSPATIALSTRUCTURE('3aBiFdyGvC58QIT9zlmUxA',$,$,$,(#333,#241,#198,#310,#287,#218,#264),#197);
#213=IFCCARTESIANPOINT((0.,0.,3.1000000000000001));
#214=IFCDIRECTION((0.,0.,1.));
#215=IFCDIRECTION((1.,0.,0.));
#216=IFCAXIS2PLACEMENT3D(#213,#214,#215);
#217=IFCLOCALPLACEMENT($,#216);
#218=IFCWALL('3hVaJWyKr7HRCSCnCBy7Ck',$,'Mur',$,$,#240,#229,$,$);
#219=IFCCARTESIANPOINTLIST2D(((0.,0.),(0.,0.29999999999999999),(42.,0.29999999999999999),(42.,0.),(0.,0.)));
#220=IFCINDEXEDPOLYCURVE(#219,$,.F.);
#221=IFCDIRECTION((0.,0.,1.));
#222=IFCARBITRARYCLOSEDPROFILEDEF(.AREA.,$,#220);
#223=IFCCARTESIANPOINT((0.,0.,0.));
#224=IFCDIRECTION((0.,0.,1.));
#225=IFCDIRECTION((1.,0.,0.));
#226=IFCAXIS2PLACEMENT3D(#223,#224,#225);
#227=IFCEXTRUDEDAREASOLID(#222,#226,#221,2.8500000000000001);
#228=IFCSHAPEREPRESENTATION(#11,'Body','SweptSolid',(#227));
#229=IFCPRODUCTDEFINITIONSHAPE($,$,(#228));
#230=IFCSTYLEDITEM(#227,(#18),'B\X2\00E9\X0\ton clair');
#236=IFCCARTESIANPOINT((0.,0.,3.3500000000000001));
#237=IFCDIRECTION((0.,0.,1.));
#238=IFCDIRECTION((1.,0.,0.));
#239=IFCAXIS2PLACEMENT3D(#236,#237,#238);
#240=IFCLOCALPLACEMENT($,#239);
#241=IFCWALL('0VLnx7T1rC39Gzwwqg2ixz',$,'Mur',$,$,#263,#252,$,$);
#242=IFCCARTESIANPOINTLIST2D(((0.,0.),(0.,0.29999999999999999),(14.,0.29999999999999999),(14.,0.),(0.,0.)));
#243=IFCINDEXEDPOLYCURVE(#242,$,.F.);
#244=IFCDIRECTION((0.,0.,1.));
#245=IFCARBITRARYCLOSEDPROFILEDEF(.AREA.,$,#243);
#246=IFCCARTESIANPOINT((0.,0.,0.));
#247=IFCDIRECTION((0.,0.,1.));
#248=IFCDIRECTION((1.,0.,0.));
#249=IFCAXIS2PLACEMENT3D(#246,#247,#248);
#250=IFCEXTRUDEDAREASOLID(#245,#249,#244,2.8500000000000001);
#251=IFCSHAPEREPRESENTATION(#11,'Body','SweptSolid',(#250));
#252=IFCPRODUCTDEFINITIONSHAPE($,$,(#251));
#253=IFCSTYLEDITEM(#250,(#18),'B\X2\00E9\X0\ton clair');
#259=IFCCARTESIANPOINT((42.,0.,3.3500000000000001));
#260=IFCDIRECTION((0.,0.,1.));
#261=IFCDIRECTION((6.123233995736766E-17,1.,0.));
#262=IFCAXIS2PLACEMENT3D(#259,#260,#261);
#263=IFCLOCALPLACEMENT($,#262);
#264=IFCWALL('3ZXwQdXwf3eQAfQW1_qIyG',$,'Mur',$,$,#286,#275,$,$);
#265=IFCCARTESIANPOINTLIST2D(((0.,0.),(0.,0.29999999999999999),(28.,0.29999999999999999),(28.,0.),(0.,0.)));
#266=IFCINDEXEDPOLYCURVE(#265,$,.F.);
#267=IFCDIRECTION((0.,0.,1.));
#268=IFCARBITRARYCLOSEDPROFILEDEF(.AREA.,$,#266);
#269=IFCCARTESIANPOINT((0.,0.,0.));
#270=IFCDIRECTION((0.,0.,1.));
#271=IFCDIRECTION((1.,0.,0.));
#272=IFCAXIS2PLACEMENT3D(#269,#270,#271);
#273=IFCEXTRUDEDAREASOLID(#268,#272,#267,2.8500000000000001);
#274=IFCSHAPEREPRESENTATION(#11,'Body','SweptSolid',(#273));
#275=IFCPRODUCTDEFINITIONSHAPE($,$,(#274));
#276=IFCSTYLEDITEM(#273,(#18),'B\X2\00E9\X0\ton clair');
#282=IFCCARTESIANPOINT((42.,14.,3.3500000000000001));
#283=IFCDIRECTION((0.,0.,1.));
#284=IFCDIRECTION((-1.,1.2246467991473532E-16,0.));
#285=IFCAXIS2PLACEMENT3D(#282,#283,#284);
#286=IFCLOCALPLACEMENT($,#285);
#287=IFCWALL('14c0skDan0$v2WWJRuX8LO',$,'Mur',$,$,#309,#298,$,$);
#288=IFCCARTESIANPOINTLIST2D(((0.,0.),(0.,0.29999999999999999),(18.,0.29999999999999999),(18.,0.),(0.,0.)));
#289=IFCINDEXEDPOLYCURVE(#288,$,.F.);
#290=IFCDIRECTION((0.,0.,1.));
#291=IFCARBITRARYCLOSEDPROFILEDEF(.AREA.,$,#289);
#292=IFCCARTESIANPOINT((0.,0.,0.));
#293=IFCDIRECTION((0.,0.,1.));
#294=IFCDIRECTION((1.,0.,0.));
#295=IFCAXIS2PLACEMENT3D(#292,#293,#294);
#296=IFCEXTRUDEDAREASOLID(#291,#295,#290,2.8500000000000001);
#297=IFCSHAPEREPRESENTATION(#11,'Body','SweptSolid',(#296));
#298=IFCPRODUCTDEFINITIONSHAPE($,$,(#297));
#299=IFCSTYLEDITEM(#296,(#18),'B\X2\00E9\X0\ton clair');
#305=IFCCARTESIANPOINT((14.,14.,3.3500000000000001));
#306=IFCDIRECTION((0.,0.,1.));
#307=IFCDIRECTION((6.123233995736766E-17,1.,0.));
#308=IFCAXIS2PLACEMENT3D(#305,#306,#307);
#309=IFCLOCALPLACEMENT($,#308);
#310=IFCWALL('23Ii5oj0T8xwgi8ynpaKw2',$,'Mur',$,$,#332,#321,$,$);
#311=IFCCARTESIANPOINTLIST2D(((0.,0.),(0.,0.29999999999999999),(14.,0.29999999999999999),(14.,0.),(0.,0.)));
#312=IFCINDEXEDPOLYCURVE(#311,$,.F.);
#313=IFCDIRECTION((0.,0.,1.));
#314=IFCARBITRARYCLOSEDPROFILEDEF(.AREA.,$,#312);
#315=IFCCARTESIANPOINT((0.,0.,0.));
#316=IFCDIRECTION((0.,0.,1.));
#317=IFCDIRECTION((1.,0.,0.));
#318=IFCAXIS2PLACEMENT3D(#315,#316,#317);
#319=IFCEXTRUDEDAREASOLID(#314,#318,#313,2.8500000000000001);
#320=IFCSHAPEREPRESENTATION(#11,'Body','SweptSolid',(#319));
#321=IFCPRODUCTDEFINITIONSHAPE($,$,(#320));
#322=IFCSTYLEDITEM(#319,(#18),'B\X2\00E9\X0\ton clair');
#328=IFCCARTESIANPOINT((14.,32.,3.3500000000000001));
#329=IFCDIRECTION((0.,0.,1.));
#330=IFCDIRECTION((-1.,1.2246467991473532E-16,0.));
#331=IFCAXIS2PLACEMENT3D(#328,#329,#330);
#332=IFCLOCALPLACEMENT($,#331);
#333=IFCWALL('0U9cUnVsfB7OKLCY9MlDjK',$,'Mur',$,$,#355,#344,$,$);
#334=IFCCARTESIANPOINTLIST2D(((0.,0.),(0.,0.29999999999999999),(32.,0.29999999999999999),(32.,0.),(0.,0.)));
#335=IFCINDEXEDPOLYCURVE(#334,$,.F.);
#336=IFCDIRECTION((0.,0.,1.));
#337=IFCARBITRARYCLOSEDPROFILEDEF(.AREA.,$,#335);
#338=IFCCARTESIANPOINT((0.,0.,0.));
#339=IFCDIRECTION((0.,0.,1.));
#340=IFCDIRECTION((1.,0.,0.));
#341=IFCAXIS2PLACEMENT3D(#338,#339,#340);
#342=IFCEXTRUDEDAREASOLID(#337,#341,#336,2.8500000000000001);
#343=IFCSHAPEREPRESENTATION(#11,'Body','SweptSolid',(#342));
#344=IFCPRODUCTDEFINITIONSHAPE($,$,(#343));
#345=IFCSTYLEDITEM(#342,(#18),'B\X2\00E9\X0\ton clair');
#351=IFCCARTESIANPOINT((0.,32.,3.3500000000000001));
#352=IFCDIRECTION((0.,0.,1.));
#353=IFCDIRECTION((6.123233995736766E-17,-1.,0.));
#354=IFCAXIS2PLACEMENT3D(#351,#352,#353);
#355=IFCLOCALPLACEMENT($,#354);
#356=IFCSPACE('38Umi4wpf7$eryOoReAuJG',$,'Plateau Plot R+1',$,$,$,$,$,$,$,$);
#357=IFCRELAGGREGATES('25JNdN4kf5yulnyMpIXOMw',$,$,$,#197,(#356));
#358=IFCELEMENTQUANTITY('1uHjTs8czCkPidZlPOezLb',$,'Qto_SpaceBaseQuantities',$,'BaseQuantities',(#360,#361,#362));
#359=IFCRELDEFINESBYPROPERTIES('2hQd_p8lv8dRY3_M6Q1vWD',$,$,$,(#356),#358);
#360=IFCQUANTITYAREA('NetFloorArea',$,$,739.20000000000005,$);
#361=IFCQUANTITYAREA('GrossFloorArea',$,$,840.,$);
#362=IFCQUANTITYLENGTH('Height',$,$,3.1000000000000001,$);
#363=IFCBUILDINGSTOREY('0FEfqNtI90MvxjUbDpWX0s',$,'Plot R+2',$,$,$,$,$,$,6.2000000000000002);
#364=IFCSLAB('1bkiwXFjT70AfTFEEv98uD',$,'Dalle',$,$,#383,#371,$,$);
#365=IFCCARTESIANPOINTLIST2D(((0.,0.),(42.,0.),(42.,14.),(14.,14.),(14.,32.),(0.,32.)));
#366=IFCINDEXEDPOLYCURVE(#365,$,$);
#367=IFCDIRECTION((0.,0.,1.));
#368=IFCARBITRARYCLOSEDPROFILEDEF(.AREA.,$,#366);
#369=IFCEXTRUDEDAREASOLID(#368,$,#367,0.25);
#370=IFCSHAPEREPRESENTATION(#11,'Body','SweptSolid',(#369));
#371=IFCPRODUCTDEFINITIONSHAPE($,$,(#370));
#372=IFCSTYLEDITEM(#369,(#24),'Dalle');
#378=IFCRELCONTAINEDINSPATIALSTRUCTURE('3nvIOOPMP6OeuGOjAiskzm',$,$,$,(#476,#384,#499,#407,#364,#430,#453),#363);
#379=IFCCARTESIANPOINT((0.,0.,6.2000000000000002));
#380=IFCDIRECTION((0.,0.,1.));
#381=IFCDIRECTION((1.,0.,0.));
#382=IFCAXIS2PLACEMENT3D(#379,#380,#381);
#383=IFCLOCALPLACEMENT($,#382);
#384=IFCWALL('01cSDzsET7Jwztw0pqWxMh',$,'Mur',$,$,#406,#395,$,$);
#385=IFCCARTESIANPOINTLIST2D(((0.,0.),(0.,0.29999999999999999),(42.,0.29999999999999999),(42.,0.),(0.,0.)));
#386=IFCINDEXEDPOLYCURVE(#385,$,.F.);
#387=IFCDIRECTION((0.,0.,1.));
#388=IFCARBITRARYCLOSEDPROFILEDEF(.AREA.,$,#386);
#389=IFCCARTESIANPOINT((0.,0.,0.));
#390=IFCDIRECTION((0.,0.,1.));
#391=IFCDIRECTION((1.,0.,0.));
#392=IFCAXIS2PLACEMENT3D(#389,#390,#391);
#393=IFCEXTRUDEDAREASOLID(#388,#392,#387,2.8500000000000001);
#394=IFCSHAPEREPRESENTATION(#11,'Body','SweptSolid',(#393));
#395=IFCPRODUCTDEFINITIONSHAPE($,$,(#394));
#396=IFCSTYLEDITEM(#393,(#18),'B\X2\00E9\X0\ton clair');
#402=IFCCARTESIANPOINT((0.,0.,6.4500000000000002));
#403=IFCDIRECTION((0.,0.,1.));
#404=IFCDIRECTION((1.,0.,0.));
#405=IFCAXIS2PLACEMENT3D(#402,#403,#404);
#406=IFCLOCALPLACEMENT($,#405);
#407=IFCWALL('1e9ft122z8vvQJ_GyJ9dPb',$,'Mur',$,$,#429,#418,$,$);
#408=IFCCARTESIANPOINTLIST2D(((0.,0.),(0.,0.29999999999999999),(14.,0.29999999999999999),(14.,0.),(0.,0.)));
#409=IFCINDEXEDPOLYCURVE(#408,$,.F.);
#410=IFCDIRECTION((0.,0.,1.));
#411=IFCARBITRARYCLOSEDPROFILEDEF(.AREA.,$,#409);
#412=IFCCARTESIANPOINT((0.,0.,0.));
#413=IFCDIRECTION((0.,0.,1.));
#414=IFCDIRECTION((1.,0.,0.));
#415=IFCAXIS2PLACEMENT3D(#412,#413,#414);
#416=IFCEXTRUDEDAREASOLID(#411,#415,#410,2.8500000000000001);
#417=IFCSHAPEREPRESENTATION(#11,'Body','SweptSolid',(#416));
#418=IFCPRODUCTDEFINITIONSHAPE($,$,(#417));
#419=IFCSTYLEDITEM(#416,(#18),'B\X2\00E9\X0\ton clair');
#425=IFCCARTESIANPOINT((42.,0.,6.4500000000000002));
#426=IFCDIRECTION((0.,0.,1.));
#427=IFCDIRECTION((6.123233995736766E-17,1.,0.));
#428=IFCAXIS2PLACEMENT3D(#425,#426,#427);
#429=IFCLOCALPLACEMENT($,#428);
#430=IFCWALL('0MVLqSI2z4pwWROfyUoolO',$,'Mur',$,$,#452,#441,$,$);
#431=IFCCARTESIANPOINTLIST2D(((0.,0.),(0.,0.29999999999999999),(28.,0.29999999999999999),(28.,0.),(0.,0.)));
#432=IFCINDEXEDPOLYCURVE(#431,$,.F.);
#433=IFCDIRECTION((0.,0.,1.));
#434=IFCARBITRARYCLOSEDPROFILEDEF(.AREA.,$,#432);
#435=IFCCARTESIANPOINT((0.,0.,0.));
#436=IFCDIRECTION((0.,0.,1.));
#437=IFCDIRECTION((1.,0.,0.));
#438=IFCAXIS2PLACEMENT3D(#435,#436,#437);
#439=IFCEXTRUDEDAREASOLID(#434,#438,#433,2.8500000000000001);
#440=IFCSHAPEREPRESENTATION(#11,'Body','SweptSolid',(#439));
#441=IFCPRODUCTDEFINITIONSHAPE($,$,(#440));
#442=IFCSTYLEDITEM(#439,(#18),'B\X2\00E9\X0\ton clair');
#448=IFCCARTESIANPOINT((42.,14.,6.4500000000000002));
#449=IFCDIRECTION((0.,0.,1.));
#450=IFCDIRECTION((-1.,1.2246467991473532E-16,0.));
#451=IFCAXIS2PLACEMENT3D(#448,#449,#450);
#452=IFCLOCALPLACEMENT($,#451);
#453=IFCWALL('3kDTTeu7P3WfdZ0Pswh4rZ',$,'Mur',$,$,#475,#464,$,$);
#454=IFCCARTESIANPOINTLIST2D(((0.,0.),(0.,0.29999999999999999),(18.,0.29999999999999999),(18.,0.),(0.,0.)));
#455=IFCINDEXEDPOLYCURVE(#454,$,.F.);
#456=IFCDIRECTION((0.,0.,1.));
#457=IFCARBITRARYCLOSEDPROFILEDEF(.AREA.,$,#455);
#458=IFCCARTESIANPOINT((0.,0.,0.));
#459=IFCDIRECTION((0.,0.,1.));
#460=IFCDIRECTION((1.,0.,0.));
#461=IFCAXIS2PLACEMENT3D(#458,#459,#460);
#462=IFCEXTRUDEDAREASOLID(#457,#461,#456,2.8500000000000001);
#463=IFCSHAPEREPRESENTATION(#11,'Body','SweptSolid',(#462));
#464=IFCPRODUCTDEFINITIONSHAPE($,$,(#463));
#465=IFCSTYLEDITEM(#462,(#18),'B\X2\00E9\X0\ton clair');
#471=IFCCARTESIANPOINT((14.,14.,6.4500000000000002));
#472=IFCDIRECTION((0.,0.,1.));
#473=IFCDIRECTION((6.123233995736766E-17,1.,0.));
#474=IFCAXIS2PLACEMENT3D(#471,#472,#473);
#475=IFCLOCALPLACEMENT($,#474);
#476=IFCWALL('0LScZKR0bBd8E3$NsBSKAM',$,'Mur',$,$,#498,#487,$,$);
#477=IFCCARTESIANPOINTLIST2D(((0.,0.),(0.,0.29999999999999999),(14.,0.29999999999999999),(14.,0.),(0.,0.)));
#478=IFCINDEXEDPOLYCURVE(#477,$,.F.);
#479=IFCDIRECTION((0.,0.,1.));
#480=IFCARBITRARYCLOSEDPROFILEDEF(.AREA.,$,#478);
#481=IFCCARTESIANPOINT((0.,0.,0.));
#482=IFCDIRECTION((0.,0.,1.));
#483=IFCDIRECTION((1.,0.,0.));
#484=IFCAXIS2PLACEMENT3D(#481,#482,#483);
#485=IFCEXTRUDEDAREASOLID(#480,#484,#479,2.8500000000000001);
#486=IFCSHAPEREPRESENTATION(#11,'Body','SweptSolid',(#485));
#487=IFCPRODUCTDEFINITIONSHAPE($,$,(#486));
#488=IFCSTYLEDITEM(#485,(#18),'B\X2\00E9\X0\ton clair');
#494=IFCCARTESIANPOINT((14.,32.,6.4500000000000002));
#495=IFCDIRECTION((0.,0.,1.));
#496=IFCDIRECTION((-1.,1.2246467991473532E-16,0.));
#497=IFCAXIS2PLACEMENT3D(#494,#495,#496);
#498=IFCLOCALPLACEMENT($,#497);
#499=IFCWALL('2Qb7q_K0HDHAyyKi9imzmx',$,'Mur',$,$,#521,#510,$,$);
#500=IFCCARTESIANPOINTLIST2D(((0.,0.),(0.,0.29999999999999999),(32.,0.29999999999999999),(32.,0.),(0.,0.)));
#501=IFCINDEXEDPOLYCURVE(#500,$,.F.);
#502=IFCDIRECTION((0.,0.,1.));
#503=IFCARBITRARYCLOSEDPROFILEDEF(.AREA.,$,#501);
#504=IFCCARTESIANPOINT((0.,0.,0.));
#505=IFCDIRECTION((0.,0.,1.));
#506=IFCDIRECTION((1.,0.,0.));
#507=IFCAXIS2PLACEMENT3D(#504,#505,#506);
#508=IFCEXTRUDEDAREASOLID(#503,#507,#502,2.8500000000000001);
#509=IFCSHAPEREPRESENTATION(#11,'Body','SweptSolid',(#508));
#510=IFCPRODUCTDEFINITIONSHAPE($,$,(#509));
#511=IFCSTYLEDITEM(#508,(#18),'B\X2\00E9\X0\ton clair');
#517=IFCCARTESIANPOINT((0.,32.,6.4500000000000002));
#518=IFCDIRECTION((0.,0.,1.));
#519=IFCDIRECTION((6.123233995736766E-17,-1.,0.));
#520=IFCAXIS2PLACEMENT3D(#517,#518,#519);
#521=IFCLOCALPLACEMENT($,#520);
#522=IFCSPACE('1refJNVMn87hICJ4SZzHt4',$,'Plateau Plot R+2',$,$,$,$,$,$,$,$);
#523=IFCRELAGGREGATES('3VzmX1ET1C6eUgLqALg1fM',$,$,$,#363,(#522));
#524=IFCELEMENTQUANTITY('1b58gl2cb4bBVtaLdL$2rE',$,'Qto_SpaceBaseQuantities',$,'BaseQuantities',(#526,#527,#528));
#525=IFCRELDEFINESBYPROPERTIES('3X_7OhFJbBlegOrqg9Y$qg',$,$,$,(#522),#524);
#526=IFCQUANTITYAREA('NetFloorArea',$,$,739.20000000000005,$);
#527=IFCQUANTITYAREA('GrossFloorArea',$,$,840.,$);
#528=IFCQUANTITYLENGTH('Height',$,$,3.1000000000000001,$);
#529=IFCBUILDINGSTOREY('0a$1xivAn4M88Kq54$$dlS',$,'Plot R+3',$,$,$,$,$,$,9.3000000000000007);
#530=IFCSLAB('1nLsXnMf91pxQZX42LIleo',$,'Dalle',$,$,#549,#537,$,$);
#531=IFCCARTESIANPOINTLIST2D(((0.,0.),(42.,0.),(42.,14.),(14.,14.),(14.,32.),(0.,32.)));
#532=IFCINDEXEDPOLYCURVE(#531,$,$);
#533=IFCDIRECTION((0.,0.,1.));
#534=IFCARBITRARYCLOSEDPROFILEDEF(.AREA.,$,#532);
#535=IFCEXTRUDEDAREASOLID(#534,$,#533,0.25);
#536=IFCSHAPEREPRESENTATION(#11,'Body','SweptSolid',(#535));
#537=IFCPRODUCTDEFINITIONSHAPE($,$,(#536));
#538=IFCSTYLEDITEM(#535,(#24),'Dalle');
#544=IFCRELCONTAINEDINSPATIALSTRUCTURE('1_j3SgIPL6ZxBGZyPcm73H',$,$,$,(#596,#642,#619,#665,#550,#573,#530),#529);
#545=IFCCARTESIANPOINT((0.,0.,9.3000000000000007));
#546=IFCDIRECTION((0.,0.,1.));
#547=IFCDIRECTION((1.,0.,0.));
#548=IFCAXIS2PLACEMENT3D(#545,#546,#547);
#549=IFCLOCALPLACEMENT($,#548);
#550=IFCWALL('3JjNxyTrXCkuClDhq1QX7U',$,'Mur',$,$,#572,#561,$,$);
#551=IFCCARTESIANPOINTLIST2D(((0.,0.),(0.,0.29999999999999999),(42.,0.29999999999999999),(42.,0.),(0.,0.)));
#552=IFCINDEXEDPOLYCURVE(#551,$,.F.);
#553=IFCDIRECTION((0.,0.,1.));
#554=IFCARBITRARYCLOSEDPROFILEDEF(.AREA.,$,#552);
#555=IFCCARTESIANPOINT((0.,0.,0.));
#556=IFCDIRECTION((0.,0.,1.));
#557=IFCDIRECTION((1.,0.,0.));
#558=IFCAXIS2PLACEMENT3D(#555,#556,#557);
#559=IFCEXTRUDEDAREASOLID(#554,#558,#553,2.8500000000000001);
#560=IFCSHAPEREPRESENTATION(#11,'Body','SweptSolid',(#559));
#561=IFCPRODUCTDEFINITIONSHAPE($,$,(#560));
#562=IFCSTYLEDITEM(#559,(#18),'B\X2\00E9\X0\ton clair');
#568=IFCCARTESIANPOINT((0.,0.,9.5500000000000007));
#569=IFCDIRECTION((0.,0.,1.));
#570=IFCDIRECTION((1.,0.,0.));
#571=IFCAXIS2PLACEMENT3D(#568,#569,#570);
#572=IFCLOCALPLACEMENT($,#571);
#573=IFCWALL('1KN4OaD751yByLc1xueYIA',$,'Mur',$,$,#595,#584,$,$);
#574=IFCCARTESIANPOINTLIST2D(((0.,0.),(0.,0.29999999999999999),(14.,0.29999999999999999),(14.,0.),(0.,0.)));
#575=IFCINDEXEDPOLYCURVE(#574,$,.F.);
#576=IFCDIRECTION((0.,0.,1.));
#577=IFCARBITRARYCLOSEDPROFILEDEF(.AREA.,$,#575);
#578=IFCCARTESIANPOINT((0.,0.,0.));
#579=IFCDIRECTION((0.,0.,1.));
#580=IFCDIRECTION((1.,0.,0.));
#581=IFCAXIS2PLACEMENT3D(#578,#579,#580);
#582=IFCEXTRUDEDAREASOLID(#577,#581,#576,2.8500000000000001);
#583=IFCSHAPEREPRESENTATION(#11,'Body','SweptSolid',(#582));
#584=IFCPRODUCTDEFINITIONSHAPE($,$,(#583));
#585=IFCSTYLEDITEM(#582,(#18),'B\X2\00E9\X0\ton clair');
#591=IFCCARTESIANPOINT((42.,0.,9.5500000000000007));
#592=IFCDIRECTION((0.,0.,1.));
#593=IFCDIRECTION((6.123233995736766E-17,1.,0.));
#594=IFCAXIS2PLACEMENT3D(#591,#592,#593);
#595=IFCLOCALPLACEMENT($,#594);
#596=IFCWALL('0PUoXKaH15FgDlcjgKnXXi',$,'Mur',$,$,#618,#607,$,$);
#597=IFCCARTESIANPOINTLIST2D(((0.,0.),(0.,0.29999999999999999),(28.,0.29999999999999999),(28.,0.),(0.,0.)));
#598=IFCINDEXEDPOLYCURVE(#597,$,.F.);
#599=IFCDIRECTION((0.,0.,1.));
#600=IFCARBITRARYCLOSEDPROFILEDEF(.AREA.,$,#598);
#601=IFCCARTESIANPOINT((0.,0.,0.));
#602=IFCDIRECTION((0.,0.,1.));
#603=IFCDIRECTION((1.,0.,0.));
#604=IFCAXIS2PLACEMENT3D(#601,#602,#603);
#605=IFCEXTRUDEDAREASOLID(#600,#604,#599,2.8500000000000001);
#606=IFCSHAPEREPRESENTATION(#11,'Body','SweptSolid',(#605));
#607=IFCPRODUCTDEFINITIONSHAPE($,$,(#606));
#608=IFCSTYLEDITEM(#605,(#18),'B\X2\00E9\X0\ton clair');
#614=IFCCARTESIANPOINT((42.,14.,9.5500000000000007));
#615=IFCDIRECTION((0.,0.,1.));
#616=IFCDIRECTION((-1.,1.2246467991473532E-16,0.));
#617=IFCAXIS2PLACEMENT3D(#614,#615,#616);
#618=IFCLOCALPLACEMENT($,#617);
#619=IFCWALL('0fLNvT5E9Anghlh6vvQG07',$,'Mur',$,$,#641,#630,$,$);
#620=IFCCARTESIANPOINTLIST2D(((0.,0.),(0.,0.29999999999999999),(18.,0.29999999999999999),(18.,0.),(0.,0.)));
#621=IFCINDEXEDPOLYCURVE(#620,$,.F.);
#622=IFCDIRECTION((0.,0.,1.));
#623=IFCARBITRARYCLOSEDPROFILEDEF(.AREA.,$,#621);
#624=IFCCARTESIANPOINT((0.,0.,0.));
#625=IFCDIRECTION((0.,0.,1.));
#626=IFCDIRECTION((1.,0.,0.));
#627=IFCAXIS2PLACEMENT3D(#624,#625,#626);
#628=IFCEXTRUDEDAREASOLID(#623,#627,#622,2.8500000000000001);
#629=IFCSHAPEREPRESENTATION(#11,'Body','SweptSolid',(#628));
#630=IFCPRODUCTDEFINITIONSHAPE($,$,(#629));
#631=IFCSTYLEDITEM(#628,(#18),'B\X2\00E9\X0\ton clair');
#637=IFCCARTESIANPOINT((14.,14.,9.5500000000000007));
#638=IFCDIRECTION((0.,0.,1.));
#639=IFCDIRECTION((6.123233995736766E-17,1.,0.));
#640=IFCAXIS2PLACEMENT3D(#637,#638,#639);
#641=IFCLOCALPLACEMENT($,#640);
#642=IFCWALL('3KYx97DAPD3wBCqA4p3FXl',$,'Mur',$,$,#664,#653,$,$);
#643=IFCCARTESIANPOINTLIST2D(((0.,0.),(0.,0.29999999999999999),(14.,0.29999999999999999),(14.,0.),(0.,0.)));
#644=IFCINDEXEDPOLYCURVE(#643,$,.F.);
#645=IFCDIRECTION((0.,0.,1.));
#646=IFCARBITRARYCLOSEDPROFILEDEF(.AREA.,$,#644);
#647=IFCCARTESIANPOINT((0.,0.,0.));
#648=IFCDIRECTION((0.,0.,1.));
#649=IFCDIRECTION((1.,0.,0.));
#650=IFCAXIS2PLACEMENT3D(#647,#648,#649);
#651=IFCEXTRUDEDAREASOLID(#646,#650,#645,2.8500000000000001);
#652=IFCSHAPEREPRESENTATION(#11,'Body','SweptSolid',(#651));
#653=IFCPRODUCTDEFINITIONSHAPE($,$,(#652));
#654=IFCSTYLEDITEM(#651,(#18),'B\X2\00E9\X0\ton clair');
#660=IFCCARTESIANPOINT((14.,32.,9.5500000000000007));
#661=IFCDIRECTION((0.,0.,1.));
#662=IFCDIRECTION((-1.,1.2246467991473532E-16,0.));
#663=IFCAXIS2PLACEMENT3D(#660,#661,#662);
#664=IFCLOCALPLACEMENT($,#663);
#665=IFCWALL('1gHc6DsxP5GA9R53awslKY',$,'Mur',$,$,#687,#676,$,$);
#666=IFCCARTESIANPOINTLIST2D(((0.,0.),(0.,0.29999999999999999),(32.,0.29999999999999999),(32.,0.),(0.,0.)));
#667=IFCINDEXEDPOLYCURVE(#666,$,.F.);
#668=IFCDIRECTION((0.,0.,1.));
#669=IFCARBITRARYCLOSEDPROFILEDEF(.AREA.,$,#667);
#670=IFCCARTESIANPOINT((0.,0.,0.));
#671=IFCDIRECTION((0.,0.,1.));
#672=IFCDIRECTION((1.,0.,0.));
#673=IFCAXIS2PLACEMENT3D(#670,#671,#672);
#674=IFCEXTRUDEDAREASOLID(#669,#673,#668,2.8500000000000001);
#675=IFCSHAPEREPRESENTATION(#11,'Body','SweptSolid',(#674));
#676=IFCPRODUCTDEFINITIONSHAPE($,$,(#675));
#677=IFCSTYLEDITEM(#674,(#18),'B\X2\00E9\X0\ton clair');
#683=IFCCARTESIANPOINT((0.,32.,9.5500000000000007));
#684=IFCDIRECTION((0.,0.,1.));
#685=IFCDIRECTION((6.123233995736766E-17,-1.,0.));
#686=IFCAXIS2PLACEMENT3D(#683,#684,#685);
#687=IFCLOCALPLACEMENT($,#686);
#688=IFCSPACE('38oIL6uOXDWOM_tFCJslOM',$,'Plateau Plot R+3',$,$,$,$,$,$,$,$);
#689=IFCRELAGGREGATES('0J5Md_p5r5v93N5eGnsDFN',$,$,$,#529,(#688));
#690=IFCELEMENTQUANTITY('0FbDjFSKT7TO7WAcx14z5K',$,'Qto_SpaceBaseQuantities',$,'BaseQuantities',(#692,#693,#694));
#691=IFCRELDEFINESBYPROPERTIES('2mZVuSuQ95l8H5dXfRGxNg',$,$,$,(#688),#690);
#692=IFCQUANTITYAREA('NetFloorArea',$,$,739.20000000000005,$);
#693=IFCQUANTITYAREA('GrossFloorArea',$,$,840.,$);
#694=IFCQUANTITYLENGTH('Height',$,$,3.1000000000000001,$);
#695=IFCBUILDINGSTOREY('3zoAuzGif04gESmZnSHsNQ',$,'Plot R+4',$,$,$,$,$,$,12.4);
#696=IFCSLAB('2Xz6Z1JRH2sfBWRtOS7WQL',$,'Dalle',$,$,#715,#703,$,$);
#697=IFCCARTESIANPOINTLIST2D(((0.,0.),(42.,0.),(42.,14.),(14.,14.),(14.,32.),(0.,32.)));
#698=IFCINDEXEDPOLYCURVE(#697,$,$);
#699=IFCDIRECTION((0.,0.,1.));
#700=IFCARBITRARYCLOSEDPROFILEDEF(.AREA.,$,#698);
#701=IFCEXTRUDEDAREASOLID(#700,$,#699,0.25);
#702=IFCSHAPEREPRESENTATION(#11,'Body','SweptSolid',(#701));
#703=IFCPRODUCTDEFINITIONSHAPE($,$,(#702));
#704=IFCSTYLEDITEM(#701,(#24),'Dalle');
#710=IFCRELCONTAINEDINSPATIALSTRUCTURE('1CRh6CFZj39xdkjMLYiXb8',$,$,$,(#696,#762,#785,#808,#716,#831,#739),#695);
#711=IFCCARTESIANPOINT((0.,0.,12.4));
#712=IFCDIRECTION((0.,0.,1.));
#713=IFCDIRECTION((1.,0.,0.));
#714=IFCAXIS2PLACEMENT3D(#711,#712,#713);
#715=IFCLOCALPLACEMENT($,#714);
#716=IFCWALL('2BwMiowcP2v93ysKlB8xl$',$,'Mur',$,$,#738,#727,$,$);
#717=IFCCARTESIANPOINTLIST2D(((0.,0.),(0.,0.29999999999999999),(42.,0.29999999999999999),(42.,0.),(0.,0.)));
#718=IFCINDEXEDPOLYCURVE(#717,$,.F.);
#719=IFCDIRECTION((0.,0.,1.));
#720=IFCARBITRARYCLOSEDPROFILEDEF(.AREA.,$,#718);
#721=IFCCARTESIANPOINT((0.,0.,0.));
#722=IFCDIRECTION((0.,0.,1.));
#723=IFCDIRECTION((1.,0.,0.));
#724=IFCAXIS2PLACEMENT3D(#721,#722,#723);
#725=IFCEXTRUDEDAREASOLID(#720,#724,#719,2.8500000000000001);
#726=IFCSHAPEREPRESENTATION(#11,'Body','SweptSolid',(#725));
#727=IFCPRODUCTDEFINITIONSHAPE($,$,(#726));
#728=IFCSTYLEDITEM(#725,(#18),'B\X2\00E9\X0\ton clair');
#734=IFCCARTESIANPOINT((0.,0.,12.65));
#735=IFCDIRECTION((0.,0.,1.));
#736=IFCDIRECTION((1.,0.,0.));
#737=IFCAXIS2PLACEMENT3D(#734,#735,#736);
#738=IFCLOCALPLACEMENT($,#737);
#739=IFCWALL('0GWj39IDX3QeRGQIzcvHgG',$,'Mur',$,$,#761,#750,$,$);
#740=IFCCARTESIANPOINTLIST2D(((0.,0.),(0.,0.29999999999999999),(14.,0.29999999999999999),(14.,0.),(0.,0.)));
#741=IFCINDEXEDPOLYCURVE(#740,$,.F.);
#742=IFCDIRECTION((0.,0.,1.));
#743=IFCARBITRARYCLOSEDPROFILEDEF(.AREA.,$,#741);
#744=IFCCARTESIANPOINT((0.,0.,0.));
#745=IFCDIRECTION((0.,0.,1.));
#746=IFCDIRECTION((1.,0.,0.));
#747=IFCAXIS2PLACEMENT3D(#744,#745,#746);
#748=IFCEXTRUDEDAREASOLID(#743,#747,#742,2.8500000000000001);
#749=IFCSHAPEREPRESENTATION(#11,'Body','SweptSolid',(#748));
#750=IFCPRODUCTDEFINITIONSHAPE($,$,(#749));
#751=IFCSTYLEDITEM(#748,(#18),'B\X2\00E9\X0\ton clair');
#757=IFCCARTESIANPOINT((42.,0.,12.65));
#758=IFCDIRECTION((0.,0.,1.));
#759=IFCDIRECTION((6.123233995736766E-17,1.,0.));
#760=IFCAXIS2PLACEMENT3D(#757,#758,#759);
#761=IFCLOCALPLACEMENT($,#760);
#762=IFCWALL('07jj0jozzBoewXwZx229q6',$,'Mur',$,$,#784,#773,$,$);
#763=IFCCARTESIANPOINTLIST2D(((0.,0.),(0.,0.29999999999999999),(28.,0.29999999999999999),(28.,0.),(0.,0.)));
#764=IFCINDEXEDPOLYCURVE(#763,$,.F.);
#765=IFCDIRECTION((0.,0.,1.));
#766=IFCARBITRARYCLOSEDPROFILEDEF(.AREA.,$,#764);
#767=IFCCARTESIANPOINT((0.,0.,0.));
#768=IFCDIRECTION((0.,0.,1.));
#769=IFCDIRECTION((1.,0.,0.));
#770=IFCAXIS2PLACEMENT3D(#767,#768,#769);
#771=IFCEXTRUDEDAREASOLID(#766,#770,#765,2.8500000000000001);
#772=IFCSHAPEREPRESENTATION(#11,'Body','SweptSolid',(#771));
#773=IFCPRODUCTDEFINITIONSHAPE($,$,(#772));
#774=IFCSTYLEDITEM(#771,(#18),'B\X2\00E9\X0\ton clair');
#780=IFCCARTESIANPOINT((42.,14.,12.65));
#781=IFCDIRECTION((0.,0.,1.));
#782=IFCDIRECTION((-1.,1.2246467991473532E-16,0.));
#783=IFCAXIS2PLACEMENT3D(#780,#781,#782);
#784=IFCLOCALPLACEMENT($,#783);
#785=IFCWALL('17qNDwOtXADwtV$BbnWoUg',$,'Mur',$,$,#807,#796,$,$);
#786=IFCCARTESIANPOINTLIST2D(((0.,0.),(0.,0.29999999999999999),(18.,0.29999999999999999),(18.,0.),(0.,0.)));
#787=IFCINDEXEDPOLYCURVE(#786,$,.F.);
#788=IFCDIRECTION((0.,0.,1.));
#789=IFCARBITRARYCLOSEDPROFILEDEF(.AREA.,$,#787);
#790=IFCCARTESIANPOINT((0.,0.,0.));
#791=IFCDIRECTION((0.,0.,1.));
#792=IFCDIRECTION((1.,0.,0.));
#793=IFCAXIS2PLACEMENT3D(#790,#791,#792);
#794=IFCEXTRUDEDAREASOLID(#789,#793,#788,2.8500000000000001);
#795=IFCSHAPEREPRESENTATION(#11,'Body','SweptSolid',(#794));
#796=IFCPRODUCTDEFINITIONSHAPE($,$,(#795));
#797=IFCSTYLEDITEM(#794,(#18),'B\X2\00E9\X0\ton clair');
#803=IFCCARTESIANPOINT((14.,14.,12.65));
#804=IFCDIRECTION((0.,0.,1.));
#805=IFCDIRECTION((6.123233995736766E-17,1.,0.));
#806=IFCAXIS2PLACEMENT3D(#803,#804,#805);
#807=IFCLOCALPLACEMENT($,#806);
#808=IFCWALL('0OYQXeOjz9lgjDIYxG6pK$',$,'Mur',$,$,#830,#819,$,$);
#809=IFCCARTESIANPOINTLIST2D(((0.,0.),(0.,0.29999999999999999),(14.,0.29999999999999999),(14.,0.),(0.,0.)));
#810=IFCINDEXEDPOLYCURVE(#809,$,.F.);
#811=IFCDIRECTION((0.,0.,1.));
#812=IFCARBITRARYCLOSEDPROFILEDEF(.AREA.,$,#810);
#813=IFCCARTESIANPOINT((0.,0.,0.));
#814=IFCDIRECTION((0.,0.,1.));
#815=IFCDIRECTION((1.,0.,0.));
#816=IFCAXIS2PLACEMENT3D(#813,#814,#815);
#817=IFCEXTRUDEDAREASOLID(#812,#816,#811,2.8500000000000001);
#818=IFCSHAPEREPRESENTATION(#11,'Body','SweptSolid',(#817));
#819=IFCPRODUCTDEFINITIONSHAPE($,$,(#818));
#820=IFCSTYLEDITEM(#817,(#18),'B\X2\00E9\X0\ton clair');
#826=IFCCARTESIANPOINT((14.,32.,12.65));
#827=IFCDIRECTION((0.,0.,1.));
#828=IFCDIRECTION((-1.,1.2246467991473532E-16,0.));
#829=IFCAXIS2PLACEMENT3D(#826,#827,#828);
#830=IFCLOCALPLACEMENT($,#829);
#831=IFCWALL('2fIN_c7aP29POvSf3tI7Ws',$,'Mur',$,$,#853,#842,$,$);
#832=IFCCARTESIANPOINTLIST2D(((0.,0.),(0.,0.29999999999999999),(32.,0.29999999999999999),(32.,0.),(0.,0.)));
#833=IFCINDEXEDPOLYCURVE(#832,$,.F.);
#834=IFCDIRECTION((0.,0.,1.));
#835=IFCARBITRARYCLOSEDPROFILEDEF(.AREA.,$,#833);
#836=IFCCARTESIANPOINT((0.,0.,0.));
#837=IFCDIRECTION((0.,0.,1.));
#838=IFCDIRECTION((1.,0.,0.));
#839=IFCAXIS2PLACEMENT3D(#836,#837,#838);
#840=IFCEXTRUDEDAREASOLID(#835,#839,#834,2.8500000000000001);
#841=IFCSHAPEREPRESENTATION(#11,'Body','SweptSolid',(#840));
#842=IFCPRODUCTDEFINITIONSHAPE($,$,(#841));
#843=IFCSTYLEDITEM(#840,(#18),'B\X2\00E9\X0\ton clair');
#849=IFCCARTESIANPOINT((0.,32.,12.65));
#850=IFCDIRECTION((0.,0.,1.));
#851=IFCDIRECTION((6.123233995736766E-17,-1.,0.));
#852=IFCAXIS2PLACEMENT3D(#849,#850,#851);
#853=IFCLOCALPLACEMENT($,#852);
#854=IFCSPACE('11$$ntejv6XeRw$zJrOscg',$,'Plateau Plot R+4',$,$,$,$,$,$,$,$);
#855=IFCRELAGGREGATES('0$5k1QLV1CIubfEl1Hnl4e',$,$,$,#695,(#854));
#856=IFCELEMENTQUANTITY('1RlWyIZuL9GxflRUhhhmeS',$,'Qto_SpaceBaseQuantities',$,'BaseQuantities',(#858,#859,#860));
#857=IFCRELDEFINESBYPROPERTIES('3yETozwnz8gAMsryU$fnHu',$,$,$,(#854),#856);
#858=IFCQUANTITYAREA('NetFloorArea',$,$,739.20000000000005,$);
#859=IFCQUANTITYAREA('GrossFloorArea',$,$,840.,$);
#860=IFCQUANTITYLENGTH('Height',$,$,3.1000000000000001,$);
#861=IFCBUILDINGSTOREY('02RO3zLPn8kRFmACjfz6hK',$,'Plot R+5',$,$,$,$,$,$,15.5);
#862=IFCSLAB('1vwc6KA2P75wNbKQtXG5Yh',$,'Dalle',$,$,#881,#869,$,$);
#863=IFCCARTESIANPOINTLIST2D(((0.,0.),(42.,0.),(42.,14.),(14.,14.),(14.,32.),(0.,32.)));
#864=IFCINDEXEDPOLYCURVE(#863,$,$);
#865=IFCDIRECTION((0.,0.,1.));
#866=IFCARBITRARYCLOSEDPROFILEDEF(.AREA.,$,#864);
#867=IFCEXTRUDEDAREASOLID(#866,$,#865,0.25);
#868=IFCSHAPEREPRESENTATION(#11,'Body','SweptSolid',(#867));
#869=IFCPRODUCTDEFINITIONSHAPE($,$,(#868));
#870=IFCSTYLEDITEM(#867,(#24),'Dalle');
#876=IFCRELCONTAINEDINSPATIALSTRUCTURE('3aGNDgVZL5neTdyQYt98Ek',$,$,$,(#905,#928,#1027,#951,#862,#974,#882,#997),#861);
#877=IFCCARTESIANPOINT((0.,0.,15.5));
#878=IFCDIRECTION((0.,0.,1.));
#879=IFCDIRECTION((1.,0.,0.));
#880=IFCAXIS2PLACEMENT3D(#877,#878,#879);
#881=IFCLOCALPLACEMENT($,#880);
#882=IFCWALL('0q8entehr1FfVK4N$H7Onb',$,'Mur',$,$,#904,#893,$,$);
#883=IFCCARTESIANPOINTLIST2D(((0.,0.),(0.,0.29999999999999999),(42.,0.29999999999999999),(42.,0.),(0.,0.)));
#884=IFCINDEXEDPOLYCURVE(#883,$,.F.);
#885=IFCDIRECTION((0.,0.,1.));
#886=IFCARBITRARYCLOSEDPROFILEDEF(.AREA.,$,#884);
#887=IFCCARTESIANPOINT((0.,0.,0.));
#888=IFCDIRECTION((0.,0.,1.));
#889=IFCDIRECTION((1.,0.,0.));
#890=IFCAXIS2PLACEMENT3D(#887,#888,#889);
#891=IFCEXTRUDEDAREASOLID(#886,#890,#885,2.8500000000000001);
#892=IFCSHAPEREPRESENTATION(#11,'Body','SweptSolid',(#891));
#893=IFCPRODUCTDEFINITIONSHAPE($,$,(#892));
#894=IFCSTYLEDITEM(#891,(#18),'B\X2\00E9\X0\ton clair');
#900=IFCCARTESIANPOINT((0.,0.,15.75));
#901=IFCDIRECTION((0.,0.,1.));
#902=IFCDIRECTION((1.,0.,0.));
#903=IFCAXIS2PLACEMENT3D(#900,#901,#902);
#904=IFCLOCALPLACEMENT($,#903);
#905=IFCWALL('1gAyD2_Bf4$vrtVP5mWSxC',$,'Mur',$,$,#927,#916,$,$);
#906=IFCCARTESIANPOINTLIST2D(((0.,0.),(0.,0.29999999999999999),(14.,0.29999999999999999),(14.,0.),(0.,0.)));
#907=IFCINDEXEDPOLYCURVE(#906,$,.F.);
#908=IFCDIRECTION((0.,0.,1.));
#909=IFCARBITRARYCLOSEDPROFILEDEF(.AREA.,$,#907);
#910=IFCCARTESIANPOINT((0.,0.,0.));
#911=IFCDIRECTION((0.,0.,1.));
#912=IFCDIRECTION((1.,0.,0.));
#913=IFCAXIS2PLACEMENT3D(#910,#911,#912);
#914=IFCEXTRUDEDAREASOLID(#909,#913,#908,2.8500000000000001);
#915=IFCSHAPEREPRESENTATION(#11,'Body','SweptSolid',(#914));
#916=IFCPRODUCTDEFINITIONSHAPE($,$,(#915));
#917=IFCSTYLEDITEM(#914,(#18),'B\X2\00E9\X0\ton clair');
#923=IFCCARTESIANPOINT((42.,0.,15.75));
#924=IFCDIRECTION((0.,0.,1.));
#925=IFCDIRECTION((6.123233995736766E-17,1.,0.));
#926=IFCAXIS2PLACEMENT3D(#923,#924,#925);
#927=IFCLOCALPLACEMENT($,#926);
#928=IFCWALL('17Yl83mQ9BZfcBs2tyqrMo',$,'Mur',$,$,#950,#939,$,$);
#929=IFCCARTESIANPOINTLIST2D(((0.,0.),(0.,0.29999999999999999),(28.,0.29999999999999999),(28.,0.),(0.,0.)));
#930=IFCINDEXEDPOLYCURVE(#929,$,.F.);
#931=IFCDIRECTION((0.,0.,1.));
#932=IFCARBITRARYCLOSEDPROFILEDEF(.AREA.,$,#930);
#933=IFCCARTESIANPOINT((0.,0.,0.));
#934=IFCDIRECTION((0.,0.,1.));
#935=IFCDIRECTION((1.,0.,0.));
#936=IFCAXIS2PLACEMENT3D(#933,#934,#935);
#937=IFCEXTRUDEDAREASOLID(#932,#936,#931,2.8500000000000001);
#938=IFCSHAPEREPRESENTATION(#11,'Body','SweptSolid',(#937));
#939=IFCPRODUCTDEFINITIONSHAPE($,$,(#938));
#940=IFCSTYLEDITEM(#937,(#18),'B\X2\00E9\X0\ton clair');
#946=IFCCARTESIANPOINT((42.,14.,15.75));
#947=IFCDIRECTION((0.,0.,1.));
#948=IFCDIRECTION((-1.,1.2246467991473532E-16,0.));
#949=IFCAXIS2PLACEMENT3D(#946,#947,#948);
#950=IFCLOCALPLACEMENT($,#949);
#951=IFCWALL('3k3lhutm5DWPDtYILiLICg',$,'Mur',$,$,#973,#962,$,$);
#952=IFCCARTESIANPOINTLIST2D(((0.,0.),(0.,0.29999999999999999),(18.,0.29999999999999999),(18.,0.),(0.,0.)));
#953=IFCINDEXEDPOLYCURVE(#952,$,.F.);
#954=IFCDIRECTION((0.,0.,1.));
#955=IFCARBITRARYCLOSEDPROFILEDEF(.AREA.,$,#953);
#956=IFCCARTESIANPOINT((0.,0.,0.));
#957=IFCDIRECTION((0.,0.,1.));
#958=IFCDIRECTION((1.,0.,0.));
#959=IFCAXIS2PLACEMENT3D(#956,#957,#958);
#960=IFCEXTRUDEDAREASOLID(#955,#959,#954,2.8500000000000001);
#961=IFCSHAPEREPRESENTATION(#11,'Body','SweptSolid',(#960));
#962=IFCPRODUCTDEFINITIONSHAPE($,$,(#961));
#963=IFCSTYLEDITEM(#960,(#18),'B\X2\00E9\X0\ton clair');
#969=IFCCARTESIANPOINT((14.,14.,15.75));
#970=IFCDIRECTION((0.,0.,1.));
#971=IFCDIRECTION((6.123233995736766E-17,1.,0.));
#972=IFCAXIS2PLACEMENT3D(#969,#970,#971);
#973=IFCLOCALPLACEMENT($,#972);
#974=IFCWALL('0QufVwvPnAKw9q37nYs9QF',$,'Mur',$,$,#996,#985,$,$);
#975=IFCCARTESIANPOINTLIST2D(((0.,0.),(0.,0.29999999999999999),(14.,0.29999999999999999),(14.,0.),(0.,0.)));
#976=IFCINDEXEDPOLYCURVE(#975,$,.F.);
#977=IFCDIRECTION((0.,0.,1.));
#978=IFCARBITRARYCLOSEDPROFILEDEF(.AREA.,$,#976);
#979=IFCCARTESIANPOINT((0.,0.,0.));
#980=IFCDIRECTION((0.,0.,1.));
#981=IFCDIRECTION((1.,0.,0.));
#982=IFCAXIS2PLACEMENT3D(#979,#980,#981);
#983=IFCEXTRUDEDAREASOLID(#978,#982,#977,2.8500000000000001);
#984=IFCSHAPEREPRESENTATION(#11,'Body','SweptSolid',(#983));
#985=IFCPRODUCTDEFINITIONSHAPE($,$,(#984));
#986=IFCSTYLEDITEM(#983,(#18),'B\X2\00E9\X0\ton clair');
#992=IFCCARTESIANPOINT((14.,32.,15.75));
#993=IFCDIRECTION((0.,0.,1.));
#994=IFCDIRECTION((-1.,1.2246467991473532E-16,0.));
#995=IFCAXIS2PLACEMENT3D(#992,#993,#994);
#996=IFCLOCALPLACEMENT($,#995);
#997=IFCWALL('1$861YUJvF4erP_0pBTndy',$,'Mur',$,$,#1019,#1008,$,$);
#998=IFCCARTESIANPOINTLIST2D(((0.,0.),(0.,0.29999999999999999),(32.,0.29999999999999999),(32.,0.),(0.,0.)));
#999=IFCINDEXEDPOLYCURVE(#998,$,.F.);
#1000=IFCDIRECTION((0.,0.,1.));
#1001=IFCARBITRARYCLOSEDPROFILEDEF(.AREA.,$,#999);
#1002=IFCCARTESIANPOINT((0.,0.,0.));
#1003=IFCDIRECTION((0.,0.,1.));
#1004=IFCDIRECTION((1.,0.,0.));
#1005=IFCAXIS2PLACEMENT3D(#1002,#1003,#1004);
#1006=IFCEXTRUDEDAREASOLID(#1001,#1005,#1000,2.8500000000000001);
#1007=IFCSHAPEREPRESENTATION(#11,'Body','SweptSolid',(#1006));
#1008=IFCPRODUCTDEFINITIONSHAPE($,$,(#1007));
#1009=IFCSTYLEDITEM(#1006,(#18),'B\X2\00E9\X0\ton clair');
#1015=IFCCARTESIANPOINT((0.,32.,15.75));
#1016=IFCDIRECTION((0.,0.,1.));
#1017=IFCDIRECTION((6.123233995736766E-17,-1.,0.));
#1018=IFCAXIS2PLACEMENT3D(#1015,#1016,#1017);
#1019=IFCLOCALPLACEMENT($,#1018);
#1020=IFCSPACE('2VNrXI48vAwQXI9kHBqX2$',$,'Plateau Plot R+5',$,$,$,$,$,$,$,$);
#1021=IFCRELAGGREGATES('1kL8ViHM17P9HOfxTgCm3N',$,$,$,#861,(#1020));
#1022=IFCELEMENTQUANTITY('03Z2pXX2HCZwH4JQa$gSHE',$,'Qto_SpaceBaseQuantities',$,'BaseQuantities',(#1024,#1025,#1026));
#1023=IFCRELDEFINESBYPROPERTIES('0dDV53a3HCqARKLT2UYqa4',$,$,$,(#1020),#1022);
#1024=IFCQUANTITYAREA('NetFloorArea',$,$,739.20000000000005,$);
#1025=IFCQUANTITYAREA('GrossFloorArea',$,$,840.,$);
#1026=IFCQUANTITYLENGTH('Height',$,$,3.1000000000000001,$);
#1027=IFCSLAB('39t9GhbTD3evZJqnmy9QPh',$,'Toiture',$,$,#1045,#1034,$,$);
#1028=IFCCARTESIANPOINTLIST2D(((0.,0.),(42.,0.),(42.,14.),(14.,14.),(14.,32.),(0.,32.)));
#1029=IFCINDEXEDPOLYCURVE(#1028,$,$);
#1030=IFCDIRECTION((0.,0.,1.));
#1031=IFCARBITRARYCLOSEDPROFILEDEF(.AREA.,$,#1029);
#1032=IFCEXTRUDEDAREASOLID(#1031,$,#1030,0.40000000000000002);
#1033=IFCSHAPEREPRESENTATION(#11,'Body','SweptSolid',(#1032));
#1034=IFCPRODUCTDEFINITIONSHAPE($,$,(#1033));
#1035=IFCSTYLEDITEM(#1032,(#27),'Toiture v\X2\00E9\X0\g\X2\00E9\X0\talis\X2\00E9\X0\e');
#1041=IFCCARTESIANPOINT((0.,0.,18.600000000000001));
#1042=IFCDIRECTION((0.,0.,1.));
#1043=IFCDIRECTION((1.,0.,0.));
#1044=IFCAXIS2PLACEMENT3D(#1041,#1042,#1043);
#1045=IFCLOCALPLACEMENT($,#1044);
#1046=IFCBUILDINGSTOREY('1a2cG7MOr1tgsuOMOyNIWU',$,'Tour RDC',$,$,$,$,$,$,0.);
#1047=IFCSLAB('0wDhlk0afF2PyHgZ7iq_zO',$,'Dalle',$,$,#1066,#1054,$,$);
#1048=IFCCARTESIANPOINTLIST2D(((24.,20.),(40.,20.),(40.,36.),(24.,36.)));
#1049=IFCINDEXEDPOLYCURVE(#1048,$,$);
#1050=IFCDIRECTION((0.,0.,1.));
#1051=IFCARBITRARYCLOSEDPROFILEDEF(.AREA.,$,#1049);
#1052=IFCEXTRUDEDAREASOLID(#1051,$,#1050,0.25);
#1053=IFCSHAPEREPRESENTATION(#11,'Body','SweptSolid',(#1052));
#1054=IFCPRODUCTDEFINITIONSHAPE($,$,(#1053));
#1055=IFCSTYLEDITEM(#1052,(#24),'Dalle');
#1061=IFCRELCONTAINEDINSPATIALSTRUCTURE('0B0gm2dIn1CRDrV$AG_AdI',$,$,$,(#1090,#1047,#1113,#1136,#1067),#1046);
#1062=IFCCARTESIANPOINT((0.,0.,0.));
#1063=IFCDIRECTION((0.,0.,1.));
#1064=IFCDIRECTION((1.,0.,0.));
#1065=IFCAXIS2PLACEMENT3D(#1062,#1063,#1064);
#1066=IFCLOCALPLACEMENT($,#1065);
#1067=IFCWALL('27pvU_GHz76xsiggxrkBv2',$,'Mur',$,$,#1089,#1078,$,$);
#1068=IFCCARTESIANPOINTLIST2D(((0.,0.),(0.,0.29999999999999999),(16.,0.29999999999999999),(16.,0.),(0.,0.)));
#1069=IFCINDEXEDPOLYCURVE(#1068,$,.F.);
#1070=IFCDIRECTION((0.,0.,1.));
#1071=IFCARBITRARYCLOSEDPROFILEDEF(.AREA.,$,#1069);
#1072=IFCCARTESIANPOINT((0.,0.,0.));
#1073=IFCDIRECTION((0.,0.,1.));
#1074=IFCDIRECTION((1.,0.,0.));
#1075=IFCAXIS2PLACEMENT3D(#1072,#1073,#1074);
#1076=IFCEXTRUDEDAREASOLID(#1071,#1075,#1070,2.8500000000000001);
#1077=IFCSHAPEREPRESENTATION(#11,'Body','SweptSolid',(#1076));
#1078=IFCPRODUCTDEFINITIONSHAPE($,$,(#1077));
#1079=IFCSTYLEDITEM(#1076,(#21),'Bardage bois');
#1085=IFCCARTESIANPOINT((24.,20.,0.25));
#1086=IFCDIRECTION((0.,0.,1.));
#1087=IFCDIRECTION((1.,0.,0.));
#1088=IFCAXIS2PLACEMENT3D(#1085,#1086,#1087);
#1089=IFCLOCALPLACEMENT($,#1088);
#1090=IFCWALL('21RQkdoYDDUwRLIywhxKQw',$,'Mur',$,$,#1112,#1101,$,$);
#1091=IFCCARTESIANPOINTLIST2D(((0.,0.),(0.,0.29999999999999999),(16.,0.29999999999999999),(16.,0.),(0.,0.)));
#1092=IFCINDEXEDPOLYCURVE(#1091,$,.F.);
#1093=IFCDIRECTION((0.,0.,1.));
#1094=IFCARBITRARYCLOSEDPROFILEDEF(.AREA.,$,#1092);
#1095=IFCCARTESIANPOINT((0.,0.,0.));
#1096=IFCDIRECTION((0.,0.,1.));
#1097=IFCDIRECTION((1.,0.,0.));
#1098=IFCAXIS2PLACEMENT3D(#1095,#1096,#1097);
#1099=IFCEXTRUDEDAREASOLID(#1094,#1098,#1093,2.8500000000000001);
#1100=IFCSHAPEREPRESENTATION(#11,'Body','SweptSolid',(#1099));
#1101=IFCPRODUCTDEFINITIONSHAPE($,$,(#1100));
#1102=IFCSTYLEDITEM(#1099,(#21),'Bardage bois');
#1108=IFCCARTESIANPOINT((40.,20.,0.25));
#1109=IFCDIRECTION((0.,0.,1.));
#1110=IFCDIRECTION((6.123233995736766E-17,1.,0.));
#1111=IFCAXIS2PLACEMENT3D(#1108,#1109,#1110);
#1112=IFCLOCALPLACEMENT($,#1111);
#1113=IFCWALL('0WcSDNY3HDT9WvLI2uU5uF',$,'Mur',$,$,#1135,#1124,$,$);
#1114=IFCCARTESIANPOINTLIST2D(((0.,0.),(0.,0.29999999999999999),(16.,0.29999999999999999),(16.,0.),(0.,0.)));
#1115=IFCINDEXEDPOLYCURVE(#1114,$,.F.);
#1116=IFCDIRECTION((0.,0.,1.));
#1117=IFCARBITRARYCLOSEDPROFILEDEF(.AREA.,$,#1115);
#1118=IFCCARTESIANPOINT((0.,0.,0.));
#1119=IFCDIRECTION((0.,0.,1.));
#1120=IFCDIRECTION((1.,0.,0.));
#1121=IFCAXIS2PLACEMENT3D(#1118,#1119,#1120);
#1122=IFCEXTRUDEDAREASOLID(#1117,#1121,#1116,2.8500000000000001);
#1123=IFCSHAPEREPRESENTATION(#11,'Body','SweptSolid',(#1122));
#1124=IFCPRODUCTDEFINITIONSHAPE($,$,(#1123));
#1125=IFCSTYLEDITEM(#1122,(#21),'Bardage bois');
#1131=IFCCARTESIANPOINT((40.,36.,0.25));
#1132=IFCDIRECTION((0.,0.,1.));
#1133=IFCDIRECTION((-1.,1.2246467991473532E-16,0.));
#1134=IFCAXIS2PLACEMENT3D(#1131,#1132,#1133);
#1135=IFCLOCALPLACEMENT($,#1134);
#1136=IFCWALL('1CE1NNpa173w6lq6bc_J7H',$,'Mur',$,$,#1158,#1147,$,$);
#1137=IFCCARTESIANPOINTLIST2D(((0.,0.),(0.,0.29999999999999999),(16.,0.29999999999999999),(16.,0.),(0.,0.)));
#1138=IFCINDEXEDPOLYCURVE(#1137,$,.F.);
#1139=IFCDIRECTION((0.,0.,1.));
#1140=IFCARBITRARYCLOSEDPROFILEDEF(.AREA.,$,#1138);
#1141=IFCCARTESIANPOINT((0.,0.,0.));
#1142=IFCDIRECTION((0.,0.,1.));
#1143=IFCDIRECTION((1.,0.,0.));
#1144=IFCAXIS2PLACEMENT3D(#1141,#1142,#1143);
#1145=IFCEXTRUDEDAREASOLID(#1140,#1144,#1139,2.8500000000000001);
#1146=IFCSHAPEREPRESENTATION(#11,'Body','SweptSolid',(#1145));
#1147=IFCPRODUCTDEFINITIONSHAPE($,$,(#1146));
#1148=IFCSTYLEDITEM(#1145,(#21),'Bardage bois');
#1154=IFCCARTESIANPOINT((24.,36.,0.25));
#1155=IFCDIRECTION((0.,0.,1.));
#1156=IFCDIRECTION((6.123233995736766E-17,-1.,0.));
#1157=IFCAXIS2PLACEMENT3D(#1154,#1155,#1156);
#1158=IFCLOCALPLACEMENT($,#1157);
#1159=IFCSPACE('2Wc9eP8xj72OBuqYl2Q2fi',$,'Plateau Tour RDC',$,$,$,$,$,$,$,$);
#1160=IFCRELAGGREGATES('0bCDbtNrT0avCNo_$Hj787',$,$,$,#1046,(#1159));
#1161=IFCELEMENTQUANTITY('3fLqjkjrX4$fzlqVGJ1ZvX',$,'Qto_SpaceBaseQuantities',$,'BaseQuantities',(#1163,#1164,#1165));
#1162=IFCRELDEFINESBYPROPERTIES('3t1wbNaUbDePXfnCZyzFY7',$,$,$,(#1159),#1161);
#1163=IFCQUANTITYAREA('NetFloorArea',$,$,225.30000000000001,$);
#1164=IFCQUANTITYAREA('GrossFloorArea',$,$,256.,$);
#1165=IFCQUANTITYLENGTH('Height',$,$,3.1000000000000001,$);
#1166=IFCBUILDINGSTOREY('1Wh4hXeBb3keXyxPi6KdUv',$,'Tour R+1',$,$,$,$,$,$,3.1000000000000001);
#1167=IFCSLAB('388m6IjWPEpgEAqzu0e7ql',$,'Dalle',$,$,#1186,#1174,$,$);
#1168=IFCCARTESIANPOINTLIST2D(((24.,20.),(40.,20.),(40.,36.),(24.,36.)));
#1169=IFCINDEXEDPOLYCURVE(#1168,$,$);
#1170=IFCDIRECTION((0.,0.,1.));
#1171=IFCARBITRARYCLOSEDPROFILEDEF(.AREA.,$,#1169);
#1172=IFCEXTRUDEDAREASOLID(#1171,$,#1170,0.25);
#1173=IFCSHAPEREPRESENTATION(#11,'Body','SweptSolid',(#1172));
#1174=IFCPRODUCTDEFINITIONSHAPE($,$,(#1173));
#1175=IFCSTYLEDITEM(#1172,(#24),'Dalle');
#1181=IFCRELCONTAINEDINSPATIALSTRUCTURE('3FiGAIZxnCjeUU2Bne0n1b',$,$,$,(#1256,#1167,#1187,#1210,#1233),#1166);
#1182=IFCCARTESIANPOINT((0.,0.,3.1000000000000001));
#1183=IFCDIRECTION((0.,0.,1.));
#1184=IFCDIRECTION((1.,0.,0.));
#1185=IFCAXIS2PLACEMENT3D(#1182,#1183,#1184);
#1186=IFCLOCALPLACEMENT($,#1185);
#1187=IFCWALL('3WWLU_d$v70Qz9ZiocRBay',$,'Mur',$,$,#1209,#1198,$,$);
#1188=IFCCARTESIANPOINTLIST2D(((0.,0.),(0.,0.29999999999999999),(16.,0.29999999999999999),(16.,0.),(0.,0.)));
#1189=IFCINDEXEDPOLYCURVE(#1188,$,.F.);
#1190=IFCDIRECTION((0.,0.,1.));
#1191=IFCARBITRARYCLOSEDPROFILEDEF(.AREA.,$,#1189);
#1192=IFCCARTESIANPOINT((0.,0.,0.));
#1193=IFCDIRECTION((0.,0.,1.));
#1194=IFCDIRECTION((1.,0.,0.));
#1195=IFCAXIS2PLACEMENT3D(#1192,#1193,#1194);
#1196=IFCEXTRUDEDAREASOLID(#1191,#1195,#1190,2.8500000000000001);
#1197=IFCSHAPEREPRESENTATION(#11,'Body','SweptSolid',(#1196));
#1198=IFCPRODUCTDEFINITIONSHAPE($,$,(#1197));
#1199=IFCSTYLEDITEM(#1196,(#21),'Bardage bois');
#1205=IFCCARTESIANPOINT((24.,20.,3.3500000000000001));
#1206=IFCDIRECTION((0.,0.,1.));
#1207=IFCDIRECTION((1.,0.,0.));
#1208=IFCAXIS2PLACEMENT3D(#1205,#1206,#1207);
#1209=IFCLOCALPLACEMENT($,#1208);
#1210=IFCWALL('1zgJTDmyv2zAyC8x_f$1N3',$,'Mur',$,$,#1232,#1221,$,$);
#1211=IFCCARTESIANPOINTLIST2D(((0.,0.),(0.,0.29999999999999999),(16.,0.29999999999999999),(16.,0.),(0.,0.)));
#1212=IFCINDEXEDPOLYCURVE(#1211,$,.F.);
#1213=IFCDIRECTION((0.,0.,1.));
#1214=IFCARBITRARYCLOSEDPROFILEDEF(.AREA.,$,#1212);
#1215=IFCCARTESIANPOINT((0.,0.,0.));
#1216=IFCDIRECTION((0.,0.,1.));
#1217=IFCDIRECTION((1.,0.,0.));
#1218=IFCAXIS2PLACEMENT3D(#1215,#1216,#1217);
#1219=IFCEXTRUDEDAREASOLID(#1214,#1218,#1213,2.8500000000000001);
#1220=IFCSHAPEREPRESENTATION(#11,'Body','SweptSolid',(#1219));
#1221=IFCPRODUCTDEFINITIONSHAPE($,$,(#1220));
#1222=IFCSTYLEDITEM(#1219,(#21),'Bardage bois');
#1228=IFCCARTESIANPOINT((40.,20.,3.3500000000000001));
#1229=IFCDIRECTION((0.,0.,1.));
#1230=IFCDIRECTION((6.123233995736766E-17,1.,0.));
#1231=IFCAXIS2PLACEMENT3D(#1228,#1229,#1230);
#1232=IFCLOCALPLACEMENT($,#1231);
#1233=IFCWALL('1G9FSzJPj0GgRc5oL_qlzC',$,'Mur',$,$,#1255,#1244,$,$);
#1234=IFCCARTESIANPOINTLIST2D(((0.,0.),(0.,0.29999999999999999),(16.,0.29999999999999999),(16.,0.),(0.,0.)));
#1235=IFCINDEXEDPOLYCURVE(#1234,$,.F.);
#1236=IFCDIRECTION((0.,0.,1.));
#1237=IFCARBITRARYCLOSEDPROFILEDEF(.AREA.,$,#1235);
#1238=IFCCARTESIANPOINT((0.,0.,0.));
#1239=IFCDIRECTION((0.,0.,1.));
#1240=IFCDIRECTION((1.,0.,0.));
#1241=IFCAXIS2PLACEMENT3D(#1238,#1239,#1240);
#1242=IFCEXTRUDEDAREASOLID(#1237,#1241,#1236,2.8500000000000001);
#1243=IFCSHAPEREPRESENTATION(#11,'Body','SweptSolid',(#1242));
#1244=IFCPRODUCTDEFINITIONSHAPE($,$,(#1243));
#1245=IFCSTYLEDITEM(#1242,(#21),'Bardage bois');
#1251=IFCCARTESIANPOINT((40.,36.,3.3500000000000001));
#1252=IFCDIRECTION((0.,0.,1.));
#1253=IFCDIRECTION((-1.,1.2246467991473532E-16,0.));
#1254=IFCAXIS2PLACEMENT3D(#1251,#1252,#1253);
#1255=IFCLOCALPLACEMENT($,#1254);
#1256=IFCWALL('3nTYJhBTz0Sfji1Yf9YhaY',$,'Mur',$,$,#1278,#1267,$,$);
#1257=IFCCARTESIANPOINTLIST2D(((0.,0.),(0.,0.29999999999999999),(16.,0.29999999999999999),(16.,0.),(0.,0.)));
#1258=IFCINDEXEDPOLYCURVE(#1257,$,.F.);
#1259=IFCDIRECTION((0.,0.,1.));
#1260=IFCARBITRARYCLOSEDPROFILEDEF(.AREA.,$,#1258);
#1261=IFCCARTESIANPOINT((0.,0.,0.));
#1262=IFCDIRECTION((0.,0.,1.));
#1263=IFCDIRECTION((1.,0.,0.));
#1264=IFCAXIS2PLACEMENT3D(#1261,#1262,#1263);
#1265=IFCEXTRUDEDAREASOLID(#1260,#1264,#1259,2.8500000000000001);
#1266=IFCSHAPEREPRESENTATION(#11,'Body','SweptSolid',(#1265));
#1267=IFCPRODUCTDEFINITIONSHAPE($,$,(#1266));
#1268=IFCSTYLEDITEM(#1265,(#21),'Bardage bois');
#1274=IFCCARTESIANPOINT((24.,36.,3.3500000000000001));
#1275=IFCDIRECTION((0.,0.,1.));
#1276=IFCDIRECTION((6.123233995736766E-17,-1.,0.));
#1277=IFCAXIS2PLACEMENT3D(#1274,#1275,#1276);
#1278=IFCLOCALPLACEMENT($,#1277);
#1279=IFCSPACE('3ah$R50TrCdwywSMnZjyBK',$,'Plateau Tour R+1',$,$,$,$,$,$,$,$);
#1280=IFCRELAGGREGATES('2VAWZW$xj1nAeunAkgO$0Y',$,$,$,#1166,(#1279));
#1281=IFCELEMENTQUANTITY('0rZSh4QrLFzxf4_dJLamci',$,'Qto_SpaceBaseQuantities',$,'BaseQuantities',(#1283,#1284,#1285));
#1282=IFCRELDEFINESBYPROPERTIES('3eGL5Cjzr9Bek80896S0LV',$,$,$,(#1279),#1281);
#1283=IFCQUANTITYAREA('NetFloorArea',$,$,225.30000000000001,$);
#1284=IFCQUANTITYAREA('GrossFloorArea',$,$,256.,$);
#1285=IFCQUANTITYLENGTH('Height',$,$,3.1000000000000001,$);
#1286=IFCBUILDINGSTOREY('0uIs$9Edz7dxOnEu4mswKD',$,'Tour R+2',$,$,$,$,$,$,6.2000000000000002);
#1287=IFCSLAB('2HIrgg3zj8Kf$bVV5rU31Y',$,'Dalle',$,$,#1306,#1294,$,$);
#1288=IFCCARTESIANPOINTLIST2D(((24.,20.),(40.,20.),(40.,36.),(24.,36.)));
#1289=IFCINDEXEDPOLYCURVE(#1288,$,$);
#1290=IFCDIRECTION((0.,0.,1.));
#1291=IFCARBITRARYCLOSEDPROFILEDEF(.AREA.,$,#1289);
#1292=IFCEXTRUDEDAREASOLID(#1291,$,#1290,0.25);
#1293=IFCSHAPEREPRESENTATION(#11,'Body','SweptSolid',(#1292));
#1294=IFCPRODUCTDEFINITIONSHAPE($,$,(#1293));
#1295=IFCSTYLEDITEM(#1292,(#24),'Dalle');
#1301=IFCRELCONTAINEDINSPATIALSTRUCTURE('16ruExaf1EP8cfMFcAsKyT',$,$,$,(#1353,#1376,#1307,#1330,#1287),#1286);
#1302=IFCCARTESIANPOINT((0.,0.,6.2000000000000002));
#1303=IFCDIRECTION((0.,0.,1.));
#1304=IFCDIRECTION((1.,0.,0.));
#1305=IFCAXIS2PLACEMENT3D(#1302,#1303,#1304);
#1306=IFCLOCALPLACEMENT($,#1305);
#1307=IFCWALL('154EQVqw5AweLhVI7LMcO5',$,'Mur',$,$,#1329,#1318,$,$);
#1308=IFCCARTESIANPOINTLIST2D(((0.,0.),(0.,0.29999999999999999),(16.,0.29999999999999999),(16.,0.),(0.,0.)));
#1309=IFCINDEXEDPOLYCURVE(#1308,$,.F.);
#1310=IFCDIRECTION((0.,0.,1.));
#1311=IFCARBITRARYCLOSEDPROFILEDEF(.AREA.,$,#1309);
#1312=IFCCARTESIANPOINT((0.,0.,0.));
#1313=IFCDIRECTION((0.,0.,1.));
#1314=IFCDIRECTION((1.,0.,0.));
#1315=IFCAXIS2PLACEMENT3D(#1312,#1313,#1314);
#1316=IFCEXTRUDEDAREASOLID(#1311,#1315,#1310,2.8500000000000001);
#1317=IFCSHAPEREPRESENTATION(#11,'Body','SweptSolid',(#1316));
#1318=IFCPRODUCTDEFINITIONSHAPE($,$,(#1317));
#1319=IFCSTYLEDITEM(#1316,(#21),'Bardage bois');
#1325=IFCCARTESIANPOINT((24.,20.,6.4500000000000002));
#1326=IFCDIRECTION((0.,0.,1.));
#1327=IFCDIRECTION((1.,0.,0.));
#1328=IFCAXIS2PLACEMENT3D(#1325,#1326,#1327);
#1329=IFCLOCALPLACEMENT($,#1328);
#1330=IFCWALL('0QPuDkFD99lAvTD0mii33X',$,'Mur',$,$,#1352,#1341,$,$);
#1331=IFCCARTESIANPOINTLIST2D(((0.,0.),(0.,0.29999999999999999),(16.,0.29999999999999999),(16.,0.),(0.,0.)));
#1332=IFCINDEXEDPOLYCURVE(#1331,$,.F.);
#1333=IFCDIRECTION((0.,0.,1.));
#1334=IFCARBITRARYCLOSEDPROFILEDEF(.AREA.,$,#1332);
#1335=IFCCARTESIANPOINT((0.,0.,0.));
#1336=IFCDIRECTION((0.,0.,1.));
#1337=IFCDIRECTION((1.,0.,0.));
#1338=IFCAXIS2PLACEMENT3D(#1335,#1336,#1337);
#1339=IFCEXTRUDEDAREASOLID(#1334,#1338,#1333,2.8500000000000001);
#1340=IFCSHAPEREPRESENTATION(#11,'Body','SweptSolid',(#1339));
#1341=IFCPRODUCTDEFINITIONSHAPE($,$,(#1340));
#1342=IFCSTYLEDITEM(#1339,(#21),'Bardage bois');
#1348=IFCCARTESIANPOINT((40.,20.,6.4500000000000002));
#1349=IFCDIRECTION((0.,0.,1.));
#1350=IFCDIRECTION((6.123233995736766E-17,1.,0.));
#1351=IFCAXIS2PLACEMENT3D(#1348,#1349,#1350);
#1352=IFCLOCALPLACEMENT($,#1351);
#1353=IFCWALL('3qQ_hsRQL3yRaD7XKBVcH7',$,'Mur',$,$,#1375,#1364,$,$);
#1354=IFCCARTESIANPOINTLIST2D(((0.,0.),(0.,0.29999999999999999),(16.,0.29999999999999999),(16.,0.),(0.,0.)));
#1355=IFCINDEXEDPOLYCURVE(#1354,$,.F.);
#1356=IFCDIRECTION((0.,0.,1.));
#1357=IFCARBITRARYCLOSEDPROFILEDEF(.AREA.,$,#1355);
#1358=IFCCARTESIANPOINT((0.,0.,0.));
#1359=IFCDIRECTION((0.,0.,1.));
#1360=IFCDIRECTION((1.,0.,0.));
#1361=IFCAXIS2PLACEMENT3D(#1358,#1359,#1360);
#1362=IFCEXTRUDEDAREASOLID(#1357,#1361,#1356,2.8500000000000001);
#1363=IFCSHAPEREPRESENTATION(#11,'Body','SweptSolid',(#1362));
#1364=IFCPRODUCTDEFINITIONSHAPE($,$,(#1363));
#1365=IFCSTYLEDITEM(#1362,(#21),'Bardage bois');
#1371=IFCCARTESIANPOINT((40.,36.,6.4500000000000002));
#1372=IFCDIRECTION((0.,0.,1.));
#1373=IFCDIRECTION((-1.,1.2246467991473532E-16,0.));
#1374=IFCAXIS2PLACEMENT3D(#1371,#1372,#1373);
#1375=IFCLOCALPLACEMENT($,#1374);
#1376=IFCWALL('3E1GE3lO15l9pn5_yzmQIJ',$,'Mur',$,$,#1398,#1387,$,$);
#1377=IFCCARTESIANPOINTLIST2D(((0.,0.),(0.,0.29999999999999999),(16.,0.29999999999999999),(16.,0.),(0.,0.)));
#1378=IFCINDEXEDPOLYCURVE(#1377,$,.F.);
#1379=IFCDIRECTION((0.,0.,1.));
#1380=IFCARBITRARYCLOSEDPROFILEDEF(.AREA.,$,#1378);
#1381=IFCCARTESIANPOINT((0.,0.,0.));
#1382=IFCDIRECTION((0.,0.,1.));
#1383=IFCDIRECTION((1.,0.,0.));
#1384=IFCAXIS2PLACEMENT3D(#1381,#1382,#1383);
#1385=IFCEXTRUDEDAREASOLID(#1380,#1384,#1379,2.8500000000000001);
#1386=IFCSHAPEREPRESENTATION(#11,'Body','SweptSolid',(#1385));
#1387=IFCPRODUCTDEFINITIONSHAPE($,$,(#1386));
#1388=IFCSTYLEDITEM(#1385,(#21),'Bardage bois');
#1394=IFCCARTESIANPOINT((24.,36.,6.4500000000000002));
#1395=IFCDIRECTION((0.,0.,1.));
#1396=IFCDIRECTION((6.123233995736766E-17,-1.,0.));
#1397=IFCAXIS2PLACEMENT3D(#1394,#1395,#1396);
#1398=IFCLOCALPLACEMENT($,#1397);
#1399=IFCSPACE('1d0xFbaxnDdfyazAuXgFvv',$,'Plateau Tour R+2',$,$,$,$,$,$,$,$);
#1400=IFCRELAGGREGATES('3xGXYUC058XRx9Cjou1tX6',$,$,$,#1286,(#1399));
#1401=IFCELEMENTQUANTITY('0xCa3f3S10uQPDap72cwKs',$,'Qto_SpaceBaseQuantities',$,'BaseQuantities',(#1403,#1404,#1405));
#1402=IFCRELDEFINESBYPROPERTIES('1doqBKgWDCLu68vOip9smB',$,$,$,(#1399),#1401);
#1403=IFCQUANTITYAREA('NetFloorArea',$,$,225.30000000000001,$);
#1404=IFCQUANTITYAREA('GrossFloorArea',$,$,256.,$);
#1405=IFCQUANTITYLENGTH('Height',$,$,3.1000000000000001,$);
#1406=IFCBUILDINGSTOREY('2ZDKk09EH9IhF2iUOzi8g$',$,'Tour R+3',$,$,$,$,$,$,9.3000000000000007);
#1407=IFCSLAB('0tnvVKSwr6OfDknD3fRsx1',$,'Dalle',$,$,#1426,#1414,$,$);
#1408=IFCCARTESIANPOINTLIST2D(((24.,20.),(40.,20.),(40.,36.),(24.,36.)));
#1409=IFCINDEXEDPOLYCURVE(#1408,$,$);
#1410=IFCDIRECTION((0.,0.,1.));
#1411=IFCARBITRARYCLOSEDPROFILEDEF(.AREA.,$,#1409);
#1412=IFCEXTRUDEDAREASOLID(#1411,$,#1410,0.25);
#1413=IFCSHAPEREPRESENTATION(#11,'Body','SweptSolid',(#1412));
#1414=IFCPRODUCTDEFINITIONSHAPE($,$,(#1413));
#1415=IFCSTYLEDITEM(#1412,(#24),'Dalle');
#1421=IFCRELCONTAINEDINSPATIALSTRUCTURE('2a3eIK3uL4fwDohzNwpRCZ',$,$,$,(#1473,#1450,#1427,#1496,#1407),#1406);
#1422=IFCCARTESIANPOINT((0.,0.,9.3000000000000007));
#1423=IFCDIRECTION((0.,0.,1.));
#1424=IFCDIRECTION((1.,0.,0.));
#1425=IFCAXIS2PLACEMENT3D(#1422,#1423,#1424);
#1426=IFCLOCALPLACEMENT($,#1425);
#1427=IFCWALL('2SjAER$f99981Wmj$zgsnz',$,'Mur',$,$,#1449,#1438,$,$);
#1428=IFCCARTESIANPOINTLIST2D(((0.,0.),(0.,0.29999999999999999),(16.,0.29999999999999999),(16.,0.),(0.,0.)));
#1429=IFCINDEXEDPOLYCURVE(#1428,$,.F.);
#1430=IFCDIRECTION((0.,0.,1.));
#1431=IFCARBITRARYCLOSEDPROFILEDEF(.AREA.,$,#1429);
#1432=IFCCARTESIANPOINT((0.,0.,0.));
#1433=IFCDIRECTION((0.,0.,1.));
#1434=IFCDIRECTION((1.,0.,0.));
#1435=IFCAXIS2PLACEMENT3D(#1432,#1433,#1434);
#1436=IFCEXTRUDEDAREASOLID(#1431,#1435,#1430,2.8500000000000001);
#1437=IFCSHAPEREPRESENTATION(#11,'Body','SweptSolid',(#1436));
#1438=IFCPRODUCTDEFINITIONSHAPE($,$,(#1437));
#1439=IFCSTYLEDITEM(#1436,(#21),'Bardage bois');
#1445=IFCCARTESIANPOINT((24.,20.,9.5500000000000007));
#1446=IFCDIRECTION((0.,0.,1.));
#1447=IFCDIRECTION((1.,0.,0.));
#1448=IFCAXIS2PLACEMENT3D(#1445,#1446,#1447);
#1449=IFCLOCALPLACEMENT($,#1448);
#1450=IFCWALL('1Au93ivifFgAhgulfU1oP2',$,'Mur',$,$,#1472,#1461,$,$);
#1451=IFCCARTESIANPOINTLIST2D(((0.,0.),(0.,0.29999999999999999),(16.,0.29999999999999999),(16.,0.),(0.,0.)));
#1452=IFCINDEXEDPOLYCURVE(#1451,$,.F.);
#1453=IFCDIRECTION((0.,0.,1.));
#1454=IFCARBITRARYCLOSEDPROFILEDEF(.AREA.,$,#1452);
#1455=IFCCARTESIANPOINT((0.,0.,0.));
#1456=IFCDIRECTION((0.,0.,1.));
#1457=IFCDIRECTION((1.,0.,0.));
#1458=IFCAXIS2PLACEMENT3D(#1455,#1456,#1457);
#1459=IFCEXTRUDEDAREASOLID(#1454,#1458,#1453,2.8500000000000001);
#1460=IFCSHAPEREPRESENTATION(#11,'Body','SweptSolid',(#1459));
#1461=IFCPRODUCTDEFINITIONSHAPE($,$,(#1460));
#1462=IFCSTYLEDITEM(#1459,(#21),'Bardage bois');
#1468=IFCCARTESIANPOINT((40.,20.,9.5500000000000007));
#1469=IFCDIRECTION((0.,0.,1.));
#1470=IFCDIRECTION((6.123233995736766E-17,1.,0.));
#1471=IFCAXIS2PLACEMENT3D(#1468,#1469,#1470);
#1472=IFCLOCALPLACEMENT($,#1471);
#1473=IFCWALL('3xmWcng51CvQrp9Zw6Lasw',$,'Mur',$,$,#1495,#1484,$,$);
#1474=IFCCARTESIANPOINTLIST2D(((0.,0.),(0.,0.29999999999999999),(16.,0.29999999999999999),(16.,0.),(0.,0.)));
#1475=IFCINDEXEDPOLYCURVE(#1474,$,.F.);
#1476=IFCDIRECTION((0.,0.,1.));
#1477=IFCARBITRARYCLOSEDPROFILEDEF(.AREA.,$,#1475);
#1478=IFCCARTESIANPOINT((0.,0.,0.));
#1479=IFCDIRECTION((0.,0.,1.));
#1480=IFCDIRECTION((1.,0.,0.));
#1481=IFCAXIS2PLACEMENT3D(#1478,#1479,#1480);
#1482=IFCEXTRUDEDAREASOLID(#1477,#1481,#1476,2.8500000000000001);
#1483=IFCSHAPEREPRESENTATION(#11,'Body','SweptSolid',(#1482));
#1484=IFCPRODUCTDEFINITIONSHAPE($,$,(#1483));
#1485=IFCSTYLEDITEM(#1482,(#21),'Bardage bois');
#1491=IFCCARTESIANPOINT((40.,36.,9.5500000000000007));
#1492=IFCDIRECTION((0.,0.,1.));
#1493=IFCDIRECTION((-1.,1.2246467991473532E-16,0.));
#1494=IFCAXIS2PLACEMENT3D(#1491,#1492,#1493);
#1495=IFCLOCALPLACEMENT($,#1494);
#1496=IFCWALL('2bilhj5NXFIulLnaDCgUnq',$,'Mur',$,$,#1518,#1507,$,$);
#1497=IFCCARTESIANPOINTLIST2D(((0.,0.),(0.,0.29999999999999999),(16.,0.29999999999999999),(16.,0.),(0.,0.)));
#1498=IFCINDEXEDPOLYCURVE(#1497,$,.F.);
#1499=IFCDIRECTION((0.,0.,1.));
#1500=IFCARBITRARYCLOSEDPROFILEDEF(.AREA.,$,#1498);
#1501=IFCCARTESIANPOINT((0.,0.,0.));
#1502=IFCDIRECTION((0.,0.,1.));
#1503=IFCDIRECTION((1.,0.,0.));
#1504=IFCAXIS2PLACEMENT3D(#1501,#1502,#1503);
#1505=IFCEXTRUDEDAREASOLID(#1500,#1504,#1499,2.8500000000000001);
#1506=IFCSHAPEREPRESENTATION(#11,'Body','SweptSolid',(#1505));
#1507=IFCPRODUCTDEFINITIONSHAPE($,$,(#1506));
#1508=IFCSTYLEDITEM(#1505,(#21),'Bardage bois');
#1514=IFCCARTESIANPOINT((24.,36.,9.5500000000000007));
#1515=IFCDIRECTION((0.,0.,1.));
#1516=IFCDIRECTION((6.123233995736766E-17,-1.,0.));
#1517=IFCAXIS2PLACEMENT3D(#1514,#1515,#1516);
#1518=IFCLOCALPLACEMENT($,#1517);
#1519=IFCSPACE('2vILoDNYHERRMrEN9pcvxN',$,'Plateau Tour R+3',$,$,$,$,$,$,$,$);
#1520=IFCRELAGGREGATES('3$W40fB5b90Qa2DsRV7Cy3',$,$,$,#1406,(#1519));
#1521=IFCELEMENTQUANTITY('1W10ZgIcr2kvFEOJiw0wwg',$,'Qto_SpaceBaseQuantities',$,'BaseQuantities',(#1523,#1524,#1525));
#1522=IFCRELDEFINESBYPROPERTIES('3cam6Oe8v6QOOhQlHCLtet',$,$,$,(#1519),#1521);
#1523=IFCQUANTITYAREA('NetFloorArea',$,$,225.30000000000001,$);
#1524=IFCQUANTITYAREA('GrossFloorArea',$,$,256.,$);
#1525=IFCQUANTITYLENGTH('Height',$,$,3.1000000000000001,$);
#1526=IFCBUILDINGSTOREY('08N9is$krCqfZPFNK8kQ9I',$,'Tour R+4',$,$,$,$,$,$,12.4);
#1527=IFCSLAB('2YNLAbyan8Ev7t7JkGA31N',$,'Dalle',$,$,#1546,#1534,$,$);
#1528=IFCCARTESIANPOINTLIST2D(((24.,20.),(40.,20.),(40.,36.),(24.,36.)));
#1529=IFCINDEXEDPOLYCURVE(#1528,$,$);
#1530=IFCDIRECTION((0.,0.,1.));
#1531=IFCARBITRARYCLOSEDPROFILEDEF(.AREA.,$,#1529);
#1532=IFCEXTRUDEDAREASOLID(#1531,$,#1530,0.25);
#1533=IFCSHAPEREPRESENTATION(#11,'Body','SweptSolid',(#1532));
#1534=IFCPRODUCTDEFINITIONSHAPE($,$,(#1533));
#1535=IFCSTYLEDITEM(#1532,(#24),'Dalle');
#1541=IFCRELCONTAINEDINSPATIALSTRUCTURE('2oMik5pgz9yBYiUFOD4iD4',$,$,$,(#1547,#1570,#1527,#1593,#1616),#1526);
#1542=IFCCARTESIANPOINT((0.,0.,12.4));
#1543=IFCDIRECTION((0.,0.,1.));
#1544=IFCDIRECTION((1.,0.,0.));
#1545=IFCAXIS2PLACEMENT3D(#1542,#1543,#1544);
#1546=IFCLOCALPLACEMENT($,#1545);
#1547=IFCWALL('2JCWydY8zDDPctyp2r1hHT',$,'Mur',$,$,#1569,#1558,$,$);
#1548=IFCCARTESIANPOINTLIST2D(((0.,0.),(0.,0.29999999999999999),(16.,0.29999999999999999),(16.,0.),(0.,0.)));
#1549=IFCINDEXEDPOLYCURVE(#1548,$,.F.);
#1550=IFCDIRECTION((0.,0.,1.));
#1551=IFCARBITRARYCLOSEDPROFILEDEF(.AREA.,$,#1549);
#1552=IFCCARTESIANPOINT((0.,0.,0.));
#1553=IFCDIRECTION((0.,0.,1.));
#1554=IFCDIRECTION((1.,0.,0.));
#1555=IFCAXIS2PLACEMENT3D(#1552,#1553,#1554);
#1556=IFCEXTRUDEDAREASOLID(#1551,#1555,#1550,2.8500000000000001);
#1557=IFCSHAPEREPRESENTATION(#11,'Body','SweptSolid',(#1556));
#1558=IFCPRODUCTDEFINITIONSHAPE($,$,(#1557));
#1559=IFCSTYLEDITEM(#1556,(#21),'Bardage bois');
#1565=IFCCARTESIANPOINT((24.,20.,12.65));
#1566=IFCDIRECTION((0.,0.,1.));
#1567=IFCDIRECTION((1.,0.,0.));
#1568=IFCAXIS2PLACEMENT3D(#1565,#1566,#1567);
#1569=IFCLOCALPLACEMENT($,#1568);
#1570=IFCWALL('0GF5mttPb70BNh2pnzCvKq',$,'Mur',$,$,#1592,#1581,$,$);
#1571=IFCCARTESIANPOINTLIST2D(((0.,0.),(0.,0.29999999999999999),(16.,0.29999999999999999),(16.,0.),(0.,0.)));
#1572=IFCINDEXEDPOLYCURVE(#1571,$,.F.);
#1573=IFCDIRECTION((0.,0.,1.));
#1574=IFCARBITRARYCLOSEDPROFILEDEF(.AREA.,$,#1572);
#1575=IFCCARTESIANPOINT((0.,0.,0.));
#1576=IFCDIRECTION((0.,0.,1.));
#1577=IFCDIRECTION((1.,0.,0.));
#1578=IFCAXIS2PLACEMENT3D(#1575,#1576,#1577);
#1579=IFCEXTRUDEDAREASOLID(#1574,#1578,#1573,2.8500000000000001);
#1580=IFCSHAPEREPRESENTATION(#11,'Body','SweptSolid',(#1579));
#1581=IFCPRODUCTDEFINITIONSHAPE($,$,(#1580));
#1582=IFCSTYLEDITEM(#1579,(#21),'Bardage bois');
#1588=IFCCARTESIANPOINT((40.,20.,12.65));
#1589=IFCDIRECTION((0.,0.,1.));
#1590=IFCDIRECTION((6.123233995736766E-17,1.,0.));
#1591=IFCAXIS2PLACEMENT3D(#1588,#1589,#1590);
#1592=IFCLOCALPLACEMENT($,#1591);
#1593=IFCWALL('1c1DRjWrjDhhCq8a_jdpxS',$,'Mur',$,$,#1615,#1604,$,$);
#1594=IFCCARTESIANPOINTLIST2D(((0.,0.),(0.,0.29999999999999999),(16.,0.29999999999999999),(16.,0.),(0.,0.)));
#1595=IFCINDEXEDPOLYCURVE(#1594,$,.F.);
#1596=IFCDIRECTION((0.,0.,1.));
#1597=IFCARBITRARYCLOSEDPROFILEDEF(.AREA.,$,#1595);
#1598=IFCCARTESIANPOINT((0.,0.,0.));
#1599=IFCDIRECTION((0.,0.,1.));
#1600=IFCDIRECTION((1.,0.,0.));
#1601=IFCAXIS2PLACEMENT3D(#1598,#1599,#1600);
#1602=IFCEXTRUDEDAREASOLID(#1597,#1601,#1596,2.8500000000000001);
#1603=IFCSHAPEREPRESENTATION(#11,'Body','SweptSolid',(#1602));
#1604=IFCPRODUCTDEFINITIONSHAPE($,$,(#1603));
#1605=IFCSTYLEDITEM(#1602,(#21),'Bardage bois');
#1611=IFCCARTESIANPOINT((40.,36.,12.65));
#1612=IFCDIRECTION((0.,0.,1.));
#1613=IFCDIRECTION((-1.,1.2246467991473532E-16,0.));
#1614=IFCAXIS2PLACEMENT3D(#1611,#1612,#1613);
#1615=IFCLOCALPLACEMENT($,#1614);
#1616=IFCWALL('1lSxMRakr9uPLZ50flBhqa',$,'Mur',$,$,#1638,#1627,$,$);
#1617=IFCCARTESIANPOINTLIST2D(((0.,0.),(0.,0.29999999999999999),(16.,0.29999999999999999),(16.,0.),(0.,0.)));
#1618=IFCINDEXEDPOLYCURVE(#1617,$,.F.);
#1619=IFCDIRECTION((0.,0.,1.));
#1620=IFCARBITRARYCLOSEDPROFILEDEF(.AREA.,$,#1618);
#1621=IFCCARTESIANPOINT((0.,0.,0.));
#1622=IFCDIRECTION((0.,0.,1.));
#1623=IFCDIRECTION((1.,0.,0.));
#1624=IFCAXIS2PLACEMENT3D(#1621,#1622,#1623);
#1625=IFCEXTRUDEDAREASOLID(#1620,#1624,#1619,2.8500000000000001);
#1626=IFCSHAPEREPRESENTATION(#11,'Body','SweptSolid',(#1625));
#1627=IFCPRODUCTDEFINITIONSHAPE($,$,(#1626));
#1628=IFCSTYLEDITEM(#1625,(#21),'Bardage bois');
#1634=IFCCARTESIANPOINT((24.,36.,12.65));
#1635=IFCDIRECTION((0.,0.,1.));
#1636=IFCDIRECTION((6.123233995736766E-17,-1.,0.));
#1637=IFCAXIS2PLACEMENT3D(#1634,#1635,#1636);
#1638=IFCLOCALPLACEMENT($,#1637);
#1639=IFCSPACE('18ieNEa316pwVHitagBJOI',$,'Plateau Tour R+4',$,$,$,$,$,$,$,$);
#1640=IFCRELAGGREGATES('10fqLODL5E2vyZXHHpVlf8',$,$,$,#1526,(#1639));
#1641=IFCELEMENTQUANTITY('01p2uQapf0uxqfiZKueGej',$,'Qto_SpaceBaseQuantities',$,'BaseQuantities',(#1643,#1644,#1645));
#1642=IFCRELDEFINESBYPROPERTIES('1CVk6uTknAXfLCOlfwaL3I',$,$,$,(#1639),#1641);
#1643=IFCQUANTITYAREA('NetFloorArea',$,$,225.30000000000001,$);
#1644=IFCQUANTITYAREA('GrossFloorArea',$,$,256.,$);
#1645=IFCQUANTITYLENGTH('Height',$,$,3.1000000000000001,$);
#1646=IFCBUILDINGSTOREY('1UKgY7FpL699rsmdAIZsYA',$,'Tour R+5',$,$,$,$,$,$,15.5);
#1647=IFCSLAB('0WOXArNPn47eOmZ7bFz1c2',$,'Dalle',$,$,#1666,#1654,$,$);
#1648=IFCCARTESIANPOINTLIST2D(((24.,20.),(40.,20.),(40.,36.),(24.,36.)));
#1649=IFCINDEXEDPOLYCURVE(#1648,$,$);
#1650=IFCDIRECTION((0.,0.,1.));
#1651=IFCARBITRARYCLOSEDPROFILEDEF(.AREA.,$,#1649);
#1652=IFCEXTRUDEDAREASOLID(#1651,$,#1650,0.25);
#1653=IFCSHAPEREPRESENTATION(#11,'Body','SweptSolid',(#1652));
#1654=IFCPRODUCTDEFINITIONSHAPE($,$,(#1653));
#1655=IFCSTYLEDITEM(#1652,(#24),'Dalle');
#1661=IFCRELCONTAINEDINSPATIALSTRUCTURE('27cxe0Vy57YxDJPkfPyVrN',$,$,$,(#1736,#1667,#1713,#1690,#1647),#1646);
#1662=IFCCARTESIANPOINT((0.,0.,15.5));
#1663=IFCDIRECTION((0.,0.,1.));
#1664=IFCDIRECTION((1.,0.,0.));
#1665=IFCAXIS2PLACEMENT3D(#1662,#1663,#1664);
#1666=IFCLOCALPLACEMENT($,#1665);
#1667=IFCWALL('1gGscHt6j8vRT$NnhSOhRu',$,'Mur',$,$,#1689,#1678,$,$);
#1668=IFCCARTESIANPOINTLIST2D(((0.,0.),(0.,0.29999999999999999),(16.,0.29999999999999999),(16.,0.),(0.,0.)));
#1669=IFCINDEXEDPOLYCURVE(#1668,$,.F.);
#1670=IFCDIRECTION((0.,0.,1.));
#1671=IFCARBITRARYCLOSEDPROFILEDEF(.AREA.,$,#1669);
#1672=IFCCARTESIANPOINT((0.,0.,0.));
#1673=IFCDIRECTION((0.,0.,1.));
#1674=IFCDIRECTION((1.,0.,0.));
#1675=IFCAXIS2PLACEMENT3D(#1672,#1673,#1674);
#1676=IFCEXTRUDEDAREASOLID(#1671,#1675,#1670,2.8500000000000001);
#1677=IFCSHAPEREPRESENTATION(#11,'Body','SweptSolid',(#1676));
#1678=IFCPRODUCTDEFINITIONSHAPE($,$,(#1677));
#1679=IFCSTYLEDITEM(#1676,(#21),'Bardage bois');
#1685=IFCCARTESIANPOINT((24.,20.,15.75));
#1686=IFCDIRECTION((0.,0.,1.));
#1687=IFCDIRECTION((1.,0.,0.));
#1688=IFCAXIS2PLACEMENT3D(#1685,#1686,#1687);
#1689=IFCLOCALPLACEMENT($,#1688);
#1690=IFCWALL('3haC23t8DDYufu3d24wUU7',$,'Mur',$,$,#1712,#1701,$,$);
#1691=IFCCARTESIANPOINTLIST2D(((0.,0.),(0.,0.29999999999999999),(16.,0.29999999999999999),(16.,0.),(0.,0.)));
#1692=IFCINDEXEDPOLYCURVE(#1691,$,.F.);
#1693=IFCDIRECTION((0.,0.,1.));
#1694=IFCARBITRARYCLOSEDPROFILEDEF(.AREA.,$,#1692);
#1695=IFCCARTESIANPOINT((0.,0.,0.));
#1696=IFCDIRECTION((0.,0.,1.));
#1697=IFCDIRECTION((1.,0.,0.));
#1698=IFCAXIS2PLACEMENT3D(#1695,#1696,#1697);
#1699=IFCEXTRUDEDAREASOLID(#1694,#1698,#1693,2.8500000000000001);
#1700=IFCSHAPEREPRESENTATION(#11,'Body','SweptSolid',(#1699));
#1701=IFCPRODUCTDEFINITIONSHAPE($,$,(#1700));
#1702=IFCSTYLEDITEM(#1699,(#21),'Bardage bois');
#1708=IFCCARTESIANPOINT((40.,20.,15.75));
#1709=IFCDIRECTION((0.,0.,1.));
#1710=IFCDIRECTION((6.123233995736766E-17,1.,0.));
#1711=IFCAXIS2PLACEMENT3D(#1708,#1709,#1710);
#1712=IFCLOCALPLACEMENT($,#1711);
#1713=IFCWALL('2HujlbtDb7tw_Wmhorc_gP',$,'Mur',$,$,#1735,#1724,$,$);
#1714=IFCCARTESIANPOINTLIST2D(((0.,0.),(0.,0.29999999999999999),(16.,0.29999999999999999),(16.,0.),(0.,0.)));
#1715=IFCINDEXEDPOLYCURVE(#1714,$,.F.);
#1716=IFCDIRECTION((0.,0.,1.));
#1717=IFCARBITRARYCLOSEDPROFILEDEF(.AREA.,$,#1715);
#1718=IFCCARTESIANPOINT((0.,0.,0.));
#1719=IFCDIRECTION((0.,0.,1.));
#1720=IFCDIRECTION((1.,0.,0.));
#1721=IFCAXIS2PLACEMENT3D(#1718,#1719,#1720);
#1722=IFCEXTRUDEDAREASOLID(#1717,#1721,#1716,2.8500000000000001);
#1723=IFCSHAPEREPRESENTATION(#11,'Body','SweptSolid',(#1722));
#1724=IFCPRODUCTDEFINITIONSHAPE($,$,(#1723));
#1725=IFCSTYLEDITEM(#1722,(#21),'Bardage bois');
#1731=IFCCARTESIANPOINT((40.,36.,15.75));
#1732=IFCDIRECTION((0.,0.,1.));
#1733=IFCDIRECTION((-1.,1.2246467991473532E-16,0.));
#1734=IFCAXIS2PLACEMENT3D(#1731,#1732,#1733);
#1735=IFCLOCALPLACEMENT($,#1734);
#1736=IFCWALL('0u5DjfLaT2nR3Gtjft2Ivo',$,'Mur',$,$,#1758,#1747,$,$);
#1737=IFCCARTESIANPOINTLIST2D(((0.,0.),(0.,0.29999999999999999),(16.,0.29999999999999999),(16.,0.),(0.,0.)));
#1738=IFCINDEXEDPOLYCURVE(#1737,$,.F.);
#1739=IFCDIRECTION((0.,0.,1.));
#1740=IFCARBITRARYCLOSEDPROFILEDEF(.AREA.,$,#1738);
#1741=IFCCARTESIANPOINT((0.,0.,0.));
#1742=IFCDIRECTION((0.,0.,1.));
#1743=IFCDIRECTION((1.,0.,0.));
#1744=IFCAXIS2PLACEMENT3D(#1741,#1742,#1743);
#1745=IFCEXTRUDEDAREASOLID(#1740,#1744,#1739,2.8500000000000001);
#1746=IFCSHAPEREPRESENTATION(#11,'Body','SweptSolid',(#1745));
#1747=IFCPRODUCTDEFINITIONSHAPE($,$,(#1746));
#1748=IFCSTYLEDITEM(#1745,(#21),'Bardage bois');
#1754=IFCCARTESIANPOINT((24.,36.,15.75));
#1755=IFCDIRECTION((0.,0.,1.));
#1756=IFCDIRECTION((6.123233995736766E-17,-1.,0.));
#1757=IFCAXIS2PLACEMENT3D(#1754,#1755,#1756);
#1758=IFCLOCALPLACEMENT($,#1757);
#1759=IFCSPACE('0olhNkSzXFHhFZ5RXpibx4',$,'Plateau Tour R+5',$,$,$,$,$,$,$,$);
#1760=IFCRELAGGREGATES('3UCwQIXqv5efvnT4NnwNRY',$,$,$,#1646,(#1759));
#1761=IFCELEMENTQUANTITY('2cG4oVnlrA98_Lls0WKbEu',$,'Qto_SpaceBaseQuantities',$,'BaseQuantities',(#1763,#1764,#1765));
#1762=IFCRELDEFINESBYPROPERTIES('2Nia9B9099NuBMiHJqH0C6',$,$,$,(#1759),#1761);
#1763=IFCQUANTITYAREA('NetFloorArea',$,$,225.30000000000001,$);
#1764=IFCQUANTITYAREA('GrossFloorArea',$,$,256.,$);
#1765=IFCQUANTITYLENGTH('Height',$,$,3.1000000000000001,$);
#1766=IFCBUILDINGSTOREY('0SDOshhcf5lh6kEex4ncIp',$,'Tour R+6',$,$,$,$,$,$,18.600000000000001);
#1767=IFCSLAB('04k9qFK_L1L9Tbso43PC$i',$,'Dalle',$,$,#1786,#1774,$,$);
#1768=IFCCARTESIANPOINTLIST2D(((24.,20.),(40.,20.),(40.,36.),(24.,36.)));
#1769=IFCINDEXEDPOLYCURVE(#1768,$,$);
#1770=IFCDIRECTION((0.,0.,1.));
#1771=IFCARBITRARYCLOSEDPROFILEDEF(.AREA.,$,#1769);
#1772=IFCEXTRUDEDAREASOLID(#1771,$,#1770,0.25);
#1773=IFCSHAPEREPRESENTATION(#11,'Body','SweptSolid',(#1772));
#1774=IFCPRODUCTDEFINITIONSHAPE($,$,(#1773));
#1775=IFCSTYLEDITEM(#1772,(#24),'Dalle');
#1781=IFCRELCONTAINEDINSPATIALSTRUCTURE('34gijytGfFbwqu3Cx8ydsj',$,$,$,(#1810,#1833,#1856,#1767,#1787),#1766);
#1782=IFCCARTESIANPOINT((0.,0.,18.600000000000001));
#1783=IFCDIRECTION((0.,0.,1.));
#1784=IFCDIRECTION((1.,0.,0.));
#1785=IFCAXIS2PLACEMENT3D(#1782,#1783,#1784);
#1786=IFCLOCALPLACEMENT($,#1785);
#1787=IFCWALL('2NQ6BDFqfDqQQN5zOfrSNf',$,'Mur',$,$,#1809,#1798,$,$);
#1788=IFCCARTESIANPOINTLIST2D(((0.,0.),(0.,0.29999999999999999),(16.,0.29999999999999999),(16.,0.),(0.,0.)));
#1789=IFCINDEXEDPOLYCURVE(#1788,$,.F.);
#1790=IFCDIRECTION((0.,0.,1.));
#1791=IFCARBITRARYCLOSEDPROFILEDEF(.AREA.,$,#1789);
#1792=IFCCARTESIANPOINT((0.,0.,0.));
#1793=IFCDIRECTION((0.,0.,1.));
#1794=IFCDIRECTION((1.,0.,0.));
#1795=IFCAXIS2PLACEMENT3D(#1792,#1793,#1794);
#1796=IFCEXTRUDEDAREASOLID(#1791,#1795,#1790,2.8500000000000001);
#1797=IFCSHAPEREPRESENTATION(#11,'Body','SweptSolid',(#1796));
#1798=IFCPRODUCTDEFINITIONSHAPE($,$,(#1797));
#1799=IFCSTYLEDITEM(#1796,(#21),'Bardage bois');
#1805=IFCCARTESIANPOINT((24.,20.,18.850000000000001));
#1806=IFCDIRECTION((0.,0.,1.));
#1807=IFCDIRECTION((1.,0.,0.));
#1808=IFCAXIS2PLACEMENT3D(#1805,#1806,#1807);
#1809=IFCLOCALPLACEMENT($,#1808);
#1810=IFCWALL('0CDnsv1l16rPX9valP91_w',$,'Mur',$,$,#1832,#1821,$,$);
#1811=IFCCARTESIANPOINTLIST2D(((0.,0.),(0.,0.29999999999999999),(16.,0.29999999999999999),(16.,0.),(0.,0.)));
#1812=IFCINDEXEDPOLYCURVE(#1811,$,.F.);
#1813=IFCDIRECTION((0.,0.,1.));
#1814=IFCARBITRARYCLOSEDPROFILEDEF(.AREA.,$,#1812);
#1815=IFCCARTESIANPOINT((0.,0.,0.));
#1816=IFCDIRECTION((0.,0.,1.));
#1817=IFCDIRECTION((1.,0.,0.));
#1818=IFCAXIS2PLACEMENT3D(#1815,#1816,#1817);
#1819=IFCEXTRUDEDAREASOLID(#1814,#1818,#1813,2.8500000000000001);
#1820=IFCSHAPEREPRESENTATION(#11,'Body','SweptSolid',(#1819));
#1821=IFCPRODUCTDEFINITIONSHAPE($,$,(#1820));
#1822=IFCSTYLEDITEM(#1819,(#21),'Bardage bois');
#1828=IFCCARTESIANPOINT((40.,20.,18.850000000000001));
#1829=IFCDIRECTION((0.,0.,1.));
#1830=IFCDIRECTION((6.123233995736766E-17,1.,0.));
#1831=IFCAXIS2PLACEMENT3D(#1828,#1829,#1830);
#1832=IFCLOCALPLACEMENT($,#1831);
#1833=IFCWALL('1xAzTx0In3XRa9_hWJCXPI',$,'Mur',$,$,#1855,#1844,$,$);
#1834=IFCCARTESIANPOINTLIST2D(((0.,0.),(0.,0.29999999999999999),(16.,0.29999999999999999),(16.,0.),(0.,0.)));
#1835=IFCINDEXEDPOLYCURVE(#1834,$,.F.);
#1836=IFCDIRECTION((0.,0.,1.));
#1837=IFCARBITRARYCLOSEDPROFILEDEF(.AREA.,$,#1835);
#1838=IFCCARTESIANPOINT((0.,0.,0.));
#1839=IFCDIRECTION((0.,0.,1.));
#1840=IFCDIRECTION((1.,0.,0.));
#1841=IFCAXIS2PLACEMENT3D(#1838,#1839,#1840);
#1842=IFCEXTRUDEDAREASOLID(#1837,#1841,#1836,2.8500000000000001);
#1843=IFCSHAPEREPRESENTATION(#11,'Body','SweptSolid',(#1842));
#1844=IFCPRODUCTDEFINITIONSHAPE($,$,(#1843));
#1845=IFCSTYLEDITEM(#1842,(#21),'Bardage bois');
#1851=IFCCARTESIANPOINT((40.,36.,18.850000000000001));
#1852=IFCDIRECTION((0.,0.,1.));
#1853=IFCDIRECTION((-1.,1.2246467991473532E-16,0.));
#1854=IFCAXIS2PLACEMENT3D(#1851,#1852,#1853);
#1855=IFCLOCALPLACEMENT($,#1854);
#1856=IFCWALL('1cxzRu5cL0DAU7j4ueNXV4',$,'Mur',$,$,#1878,#1867,$,$);
#1857=IFCCARTESIANPOINTLIST2D(((0.,0.),(0.,0.29999999999999999),(16.,0.29999999999999999),(16.,0.),(0.,0.)));
#1858=IFCINDEXEDPOLYCURVE(#1857,$,.F.);
#1859=IFCDIRECTION((0.,0.,1.));
#1860=IFCARBITRARYCLOSEDPROFILEDEF(.AREA.,$,#1858);
#1861=IFCCARTESIANPOINT((0.,0.,0.));
#1862=IFCDIRECTION((0.,0.,1.));
#1863=IFCDIRECTION((1.,0.,0.));
#1864=IFCAXIS2PLACEMENT3D(#1861,#1862,#1863);
#1865=IFCEXTRUDEDAREASOLID(#1860,#1864,#1859,2.8500000000000001);
#1866=IFCSHAPEREPRESENTATION(#11,'Body','SweptSolid',(#1865));
#1867=IFCPRODUCTDEFINITIONSHAPE($,$,(#1866));
#1868=IFCSTYLEDITEM(#1865,(#21),'Bardage bois');
#1874=IFCCARTESIANPOINT((24.,36.,18.850000000000001));
#1875=IFCDIRECTION((0.,0.,1.));
#1876=IFCDIRECTION((6.123233995736766E-17,-1.,0.));
#1877=IFCAXIS2PLACEMENT3D(#1874,#1875,#1876);
#1878=IFCLOCALPLACEMENT($,#1877);
#1879=IFCSPACE('0D5gpAFpD92QB_1JGgepy5',$,'Plateau Tour R+6',$,$,$,$,$,$,$,$);
#1880=IFCRELAGGREGATES('1ZTn3J_JH7i9dwXhbXIcgz',$,$,$,#1766,(#1879));
#1881=IFCELEMENTQUANTITY('2ZvqGJXrD4dgmiBlI0HYKC',$,'Qto_SpaceBaseQuantities',$,'BaseQuantities',(#1883,#1884,#1885));
#1882=IFCRELDEFINESBYPROPERTIES('0Hjd3rC7nD18vrlz8AnXLr',$,$,$,(#1879),#1881);
#1883=IFCQUANTITYAREA('NetFloorArea',$,$,225.30000000000001,$);
#1884=IFCQUANTITYAREA('GrossFloorArea',$,$,256.,$);
#1885=IFCQUANTITYLENGTH('Height',$,$,3.1000000000000001,$);
#1886=IFCBUILDINGSTOREY('11ZFsWtqz9BvSwcjb2lRNe',$,'Tour R+7',$,$,$,$,$,$,21.699999999999999);
#1887=IFCSLAB('13nC399QPAYudllPF9ItA$',$,'Dalle',$,$,#1906,#1894,$,$);
#1888=IFCCARTESIANPOINTLIST2D(((24.,20.),(40.,20.),(40.,36.),(24.,36.)));
#1889=IFCINDEXEDPOLYCURVE(#1888,$,$);
#1890=IFCDIRECTION((0.,0.,1.));
#1891=IFCARBITRARYCLOSEDPROFILEDEF(.AREA.,$,#1889);
#1892=IFCEXTRUDEDAREASOLID(#1891,$,#1890,0.25);
#1893=IFCSHAPEREPRESENTATION(#11,'Body','SweptSolid',(#1892));
#1894=IFCPRODUCTDEFINITIONSHAPE($,$,(#1893));
#1895=IFCSTYLEDITEM(#1892,(#24),'Dalle');
#1901=IFCRELCONTAINEDINSPATIALSTRUCTURE('1A$eAaQQfCDewKupZh5Sjn',$,$,$,(#1907,#1930,#1887,#1953,#1976),#1886);
#1902=IFCCARTESIANPOINT((0.,0.,21.699999999999999));
#1903=IFCDIRECTION((0.,0.,1.));
#1904=IFCDIRECTION((1.,0.,0.));
#1905=IFCAXIS2PLACEMENT3D(#1902,#1903,#1904);
#1906=IFCLOCALPLACEMENT($,#1905);
#1907=IFCWALL('2ceYXI_hH6$vvHSNwyPwgU',$,'Mur',$,$,#1929,#1918,$,$);
#1908=IFCCARTESIANPOINTLIST2D(((0.,0.),(0.,0.29999999999999999),(16.,0.29999999999999999),(16.,0.),(0.,0.)));
#1909=IFCINDEXEDPOLYCURVE(#1908,$,.F.);
#1910=IFCDIRECTION((0.,0.,1.));
#1911=IFCARBITRARYCLOSEDPROFILEDEF(.AREA.,$,#1909);
#1912=IFCCARTESIANPOINT((0.,0.,0.));
#1913=IFCDIRECTION((0.,0.,1.));
#1914=IFCDIRECTION((1.,0.,0.));
#1915=IFCAXIS2PLACEMENT3D(#1912,#1913,#1914);
#1916=IFCEXTRUDEDAREASOLID(#1911,#1915,#1910,2.8500000000000001);
#1917=IFCSHAPEREPRESENTATION(#11,'Body','SweptSolid',(#1916));
#1918=IFCPRODUCTDEFINITIONSHAPE($,$,(#1917));
#1919=IFCSTYLEDITEM(#1916,(#21),'Bardage bois');
#1925=IFCCARTESIANPOINT((24.,20.,21.949999999999999));
#1926=IFCDIRECTION((0.,0.,1.));
#1927=IFCDIRECTION((1.,0.,0.));
#1928=IFCAXIS2PLACEMENT3D(#1925,#1926,#1927);
#1929=IFCLOCALPLACEMENT($,#1928);
#1930=IFCWALL('1JMKb1C0vEAvZaJStKDGll',$,'Mur',$,$,#1952,#1941,$,$);
#1931=IFCCARTESIANPOINTLIST2D(((0.,0.),(0.,0.29999999999999999),(16.,0.29999999999999999),(16.,0.),(0.,0.)));
#1932=IFCINDEXEDPOLYCURVE(#1931,$,.F.);
#1933=IFCDIRECTION((0.,0.,1.));
#1934=IFCARBITRARYCLOSEDPROFILEDEF(.AREA.,$,#1932);
#1935=IFCCARTESIANPOINT((0.,0.,0.));
#1936=IFCDIRECTION((0.,0.,1.));
#1937=IFCDIRECTION((1.,0.,0.));
#1938=IFCAXIS2PLACEMENT3D(#1935,#1936,#1937);
#1939=IFCEXTRUDEDAREASOLID(#1934,#1938,#1933,2.8500000000000001);
#1940=IFCSHAPEREPRESENTATION(#11,'Body','SweptSolid',(#1939));
#1941=IFCPRODUCTDEFINITIONSHAPE($,$,(#1940));
#1942=IFCSTYLEDITEM(#1939,(#21),'Bardage bois');
#1948=IFCCARTESIANPOINT((40.,20.,21.949999999999999));
#1949=IFCDIRECTION((0.,0.,1.));
#1950=IFCDIRECTION((6.123233995736766E-17,1.,0.));
#1951=IFCAXIS2PLACEMENT3D(#1948,#1949,#1950);
#1952=IFCLOCALPLACEMENT($,#1951);
#1953=IFCWALL('0EEluDflrBw9GvweqaTu1_',$,'Mur',$,$,#1975,#1964,$,$);
#1954=IFCCARTESIANPOINTLIST2D(((0.,0.),(0.,0.29999999999999999),(16.,0.29999999999999999),(16.,0.),(0.,0.)));
#1955=IFCINDEXEDPOLYCURVE(#1954,$,.F.);
#1956=IFCDIRECTION((0.,0.,1.));
#1957=IFCARBITRARYCLOSEDPROFILEDEF(.AREA.,$,#1955);
#1958=IFCCARTESIANPOINT((0.,0.,0.));
#1959=IFCDIRECTION((0.,0.,1.));
#1960=IFCDIRECTION((1.,0.,0.));
#1961=IFCAXIS2PLACEMENT3D(#1958,#1959,#1960);
#1962=IFCEXTRUDEDAREASOLID(#1957,#1961,#1956,2.8500000000000001);
#1963=IFCSHAPEREPRESENTATION(#11,'Body','SweptSolid',(#1962));
#1964=IFCPRODUCTDEFINITIONSHAPE($,$,(#1963));
#1965=IFCSTYLEDITEM(#1962,(#21),'Bardage bois');
#1971=IFCCARTESIANPOINT((40.,36.,21.949999999999999));
#1972=IFCDIRECTION((0.,0.,1.));
#1973=IFCDIRECTION((-1.,1.2246467991473532E-16,0.));
#1974=IFCAXIS2PLACEMENT3D(#1971,#1972,#1973);
#1975=IFCLOCALPLACEMENT($,#1974);
#1976=IFCWALL('3EfuMD6D9EfQDY0KFXZTZ_',$,'Mur',$,$,#1998,#1987,$,$);
#1977=IFCCARTESIANPOINTLIST2D(((0.,0.),(0.,0.29999999999999999),(16.,0.29999999999999999),(16.,0.),(0.,0.)));
#1978=IFCINDEXEDPOLYCURVE(#1977,$,.F.);
#1979=IFCDIRECTION((0.,0.,1.));
#1980=IFCARBITRARYCLOSEDPROFILEDEF(.AREA.,$,#1978);
#1981=IFCCARTESIANPOINT((0.,0.,0.));
#1982=IFCDIRECTION((0.,0.,1.));
#1983=IFCDIRECTION((1.,0.,0.));
#1984=IFCAXIS2PLACEMENT3D(#1981,#1982,#1983);
#1985=IFCEXTRUDEDAREASOLID(#1980,#1984,#1979,2.8500000000000001);
#1986=IFCSHAPEREPRESENTATION(#11,'Body','SweptSolid',(#1985));
#1987=IFCPRODUCTDEFINITIONSHAPE($,$,(#1986));
#1988=IFCSTYLEDITEM(#1985,(#21),'Bardage bois');
#1994=IFCCARTESIANPOINT((24.,36.,21.949999999999999));
#1995=IFCDIRECTION((0.,0.,1.));
#1996=IFCDIRECTION((6.123233995736766E-17,-1.,0.));
#1997=IFCAXIS2PLACEMENT3D(#1994,#1995,#1996);
#1998=IFCLOCALPLACEMENT($,#1997);
#1999=IFCSPACE('2QgGmJMoD5ZgVHyG17lUtg',$,'Plateau Tour R+7',$,$,$,$,$,$,$,$);
#2000=IFCRELAGGREGATES('2$HwR1dQb6bgaqJK1zfNf1',$,$,$,#1886,(#1999));
#2001=IFCELEMENTQUANTITY('2FeQimEsjAtANP0wxkRJtR',$,'Qto_SpaceBaseQuantities',$,'BaseQuantities',(#2003,#2004,#2005));
#2002=IFCRELDEFINESBYPROPERTIES('1Ym7bE2HnBzvlWEB0thPgf',$,$,$,(#1999),#2001);
#2003=IFCQUANTITYAREA('NetFloorArea',$,$,225.30000000000001,$);
#2004=IFCQUANTITYAREA('GrossFloorArea',$,$,256.,$);
#2005=IFCQUANTITYLENGTH('Height',$,$,3.1000000000000001,$);
#2006=IFCBUILDINGSTOREY('0NcTjVVIL4ofvGAZhLT2Xm',$,'Tour R+8',$,$,$,$,$,$,24.800000000000001);
#2007=IFCSLAB('2g1yI$Q_H2LxmwCGuzdaN2',$,'Dalle',$,$,#2026,#2014,$,$);
#2008=IFCCARTESIANPOINTLIST2D(((24.,20.),(40.,20.),(40.,36.),(24.,36.)));
#2009=IFCINDEXEDPOLYCURVE(#2008,$,$);
#2010=IFCDIRECTION((0.,0.,1.));
#2011=IFCARBITRARYCLOSEDPROFILEDEF(.AREA.,$,#2009);
#2012=IFCEXTRUDEDAREASOLID(#2011,$,#2010,0.25);
#2013=IFCSHAPEREPRESENTATION(#11,'Body','SweptSolid',(#2012));
#2014=IFCPRODUCTDEFINITIONSHAPE($,$,(#2013));
#2015=IFCSTYLEDITEM(#2012,(#24),'Dalle');
#2021=IFCRELCONTAINEDINSPATIALSTRUCTURE('2QdWOp4avE3eBtPO_Km20I',$,$,$,(#2027,#2073,#2007,#2096,#2050),#2006);
#2022=IFCCARTESIANPOINT((0.,0.,24.800000000000001));
#2023=IFCDIRECTION((0.,0.,1.));
#2024=IFCDIRECTION((1.,0.,0.));
#2025=IFCAXIS2PLACEMENT3D(#2022,#2023,#2024);
#2026=IFCLOCALPLACEMENT($,#2025);
#2027=IFCWALL('1RXj7OLvP5ohugRhuPhXIA',$,'Mur',$,$,#2049,#2038,$,$);
#2028=IFCCARTESIANPOINTLIST2D(((0.,0.),(0.,0.29999999999999999),(16.,0.29999999999999999),(16.,0.),(0.,0.)));
#2029=IFCINDEXEDPOLYCURVE(#2028,$,.F.);
#2030=IFCDIRECTION((0.,0.,1.));
#2031=IFCARBITRARYCLOSEDPROFILEDEF(.AREA.,$,#2029);
#2032=IFCCARTESIANPOINT((0.,0.,0.));
#2033=IFCDIRECTION((0.,0.,1.));
#2034=IFCDIRECTION((1.,0.,0.));
#2035=IFCAXIS2PLACEMENT3D(#2032,#2033,#2034);
#2036=IFCEXTRUDEDAREASOLID(#2031,#2035,#2030,2.8500000000000001);
#2037=IFCSHAPEREPRESENTATION(#11,'Body','SweptSolid',(#2036));
#2038=IFCPRODUCTDEFINITIONSHAPE($,$,(#2037));
#2039=IFCSTYLEDITEM(#2036,(#21),'Bardage bois');
#2045=IFCCARTESIANPOINT((24.,20.,25.050000000000001));
#2046=IFCDIRECTION((0.,0.,1.));
#2047=IFCDIRECTION((1.,0.,0.));
#2048=IFCAXIS2PLACEMENT3D(#2045,#2046,#2047);
#2049=IFCLOCALPLACEMENT($,#2048);
#2050=IFCWALL('2yQSNP$cL4ohcdmgSB20fQ',$,'Mur',$,$,#2072,#2061,$,$);
#2051=IFCCARTESIANPOINTLIST2D(((0.,0.),(0.,0.29999999999999999),(16.,0.29999999999999999),(16.,0.),(0.,0.)));
#2052=IFCINDEXEDPOLYCURVE(#2051,$,.F.);
#2053=IFCDIRECTION((0.,0.,1.));
#2054=IFCARBITRARYCLOSEDPROFILEDEF(.AREA.,$,#2052);
#2055=IFCCARTESIANPOINT((0.,0.,0.));
#2056=IFCDIRECTION((0.,0.,1.));
#2057=IFCDIRECTION((1.,0.,0.));
#2058=IFCAXIS2PLACEMENT3D(#2055,#2056,#2057);
#2059=IFCEXTRUDEDAREASOLID(#2054,#2058,#2053,2.8500000000000001);
#2060=IFCSHAPEREPRESENTATION(#11,'Body','SweptSolid',(#2059));
#2061=IFCPRODUCTDEFINITIONSHAPE($,$,(#2060));
#2062=IFCSTYLEDITEM(#2059,(#21),'Bardage bois');
#2068=IFCCARTESIANPOINT((40.,20.,25.050000000000001));
#2069=IFCDIRECTION((0.,0.,1.));
#2070=IFCDIRECTION((6.123233995736766E-17,1.,0.));
#2071=IFCAXIS2PLACEMENT3D(#2068,#2069,#2070);
#2072=IFCLOCALPLACEMENT($,#2071);
#2073=IFCWALL('1mqfYzOjX57fES1R3xEMdZ',$,'Mur',$,$,#2095,#2084,$,$);
#2074=IFCCARTESIANPOINTLIST2D(((0.,0.),(0.,0.29999999999999999),(16.,0.29999999999999999),(16.,0.),(0.,0.)));
#2075=IFCINDEXEDPOLYCURVE(#2074,$,.F.);
#2076=IFCDIRECTION((0.,0.,1.));
#2077=IFCARBITRARYCLOSEDPROFILEDEF(.AREA.,$,#2075);
#2078=IFCCARTESIANPOINT((0.,0.,0.));
#2079=IFCDIRECTION((0.,0.,1.));
#2080=IFCDIRECTION((1.,0.,0.));
#2081=IFCAXIS2PLACEMENT3D(#2078,#2079,#2080);
#2082=IFCEXTRUDEDAREASOLID(#2077,#2081,#2076,2.8500000000000001);
#2083=IFCSHAPEREPRESENTATION(#11,'Body','SweptSolid',(#2082));
#2084=IFCPRODUCTDEFINITIONSHAPE($,$,(#2083));
#2085=IFCSTYLEDITEM(#2082,(#21),'Bardage bois');
#2091=IFCCARTESIANPOINT((40.,36.,25.050000000000001));
#2092=IFCDIRECTION((0.,0.,1.));
#2093=IFCDIRECTION((-1.,1.2246467991473532E-16,0.));
#2094=IFCAXIS2PLACEMENT3D(#2091,#2092,#2093);
#2095=IFCLOCALPLACEMENT($,#2094);
#2096=IFCWALL('0XJVqrHHD2CgKeszKyebW0',$,'Mur',$,$,#2118,#2107,$,$);
#2097=IFCCARTESIANPOINTLIST2D(((0.,0.),(0.,0.29999999999999999),(16.,0.29999999999999999),(16.,0.),(0.,0.)));
#2098=IFCINDEXEDPOLYCURVE(#2097,$,.F.);
#2099=IFCDIRECTION((0.,0.,1.));
#2100=IFCARBITRARYCLOSEDPROFILEDEF(.AREA.,$,#2098);
#2101=IFCCARTESIANPOINT((0.,0.,0.));
#2102=IFCDIRECTION((0.,0.,1.));
#2103=IFCDIRECTION((1.,0.,0.));
#2104=IFCAXIS2PLACEMENT3D(#2101,#2102,#2103);
#2105=IFCEXTRUDEDAREASOLID(#2100,#2104,#2099,2.8500000000000001);
#2106=IFCSHAPEREPRESENTATION(#11,'Body','SweptSolid',(#2105));
#2107=IFCPRODUCTDEFINITIONSHAPE($,$,(#2106));
#2108=IFCSTYLEDITEM(#2105,(#21),'Bardage bois');
#2114=IFCCARTESIANPOINT((24.,36.,25.050000000000001));
#2115=IFCDIRECTION((0.,0.,1.));
#2116=IFCDIRECTION((6.123233995736766E-17,-1.,0.));
#2117=IFCAXIS2PLACEMENT3D(#2114,#2115,#2116);
#2118=IFCLOCALPLACEMENT($,#2117);
#2119=IFCSPACE('3YvWNJ8RLDkxyZxDr995Fh',$,'Plateau Tour R+8',$,$,$,$,$,$,$,$);
#2120=IFCRELAGGREGATES('23eGRV8x5E$PRf1bHT1NSu',$,$,$,#2006,(#2119));
#2121=IFCELEMENTQUANTITY('0E4FGBMYvFWP4kewHuo1y7',$,'Qto_SpaceBaseQuantities',$,'BaseQuantities',(#2123,#2124,#2125));
#2122=IFCRELDEFINESBYPROPERTIES('0JDtRV9dHC6AQarelC5b$h',$,$,$,(#2119),#2121);
#2123=IFCQUANTITYAREA('NetFloorArea',$,$,225.30000000000001,$);
#2124=IFCQUANTITYAREA('GrossFloorArea',$,$,256.,$);
#2125=IFCQUANTITYLENGTH('Height',$,$,3.1000000000000001,$);
#2126=IFCBUILDINGSTOREY('3g3wf0TQH4Bvy8jVR0fbZs',$,'Tour R+9',$,$,$,$,$,$,27.900000000000002);
#2127=IFCSLAB('3LrEJ3Y5D3TBj5lVNXPeTV',$,'Dalle',$,$,#2146,#2134,$,$);
#2128=IFCCARTESIANPOINTLIST2D(((24.,20.),(40.,20.),(40.,36.),(24.,36.)));
#2129=IFCINDEXEDPOLYCURVE(#2128,$,$);
#2130=IFCDIRECTION((0.,0.,1.));
#2131=IFCARBITRARYCLOSEDPROFILEDEF(.AREA.,$,#2129);
#2132=IFCEXTRUDEDAREASOLID(#2131,$,#2130,0.25);
#2133=IFCSHAPEREPRESENTATION(#11,'Body','SweptSolid',(#2132));
#2134=IFCPRODUCTDEFINITIONSHAPE($,$,(#2133));
#2135=IFCSTYLEDITEM(#2132,(#24),'Dalle');
#2141=IFCRELCONTAINEDINSPATIALSTRUCTURE('2gx6uB1B1FAhLdAlVovzV6',$,$,$,(#2127,#2193,#2216,#2147,#2170),#2126);
#2142=IFCCARTESIANPOINT((0.,0.,27.900000000000002));
#2143=IFCDIRECTION((0.,0.,1.));
#2144=IFCDIRECTION((1.,0.,0.));
#2145=IFCAXIS2PLACEMENT3D(#2142,#2143,#2144);
#2146=IFCLOCALPLACEMENT($,#2145);
#2147=IFCWALL('3K2fuiYufEOvfNk4qk$VzL',$,'Mur',$,$,#2169,#2158,$,$);
#2148=IFCCARTESIANPOINTLIST2D(((0.,0.),(0.,0.29999999999999999),(16.,0.29999999999999999),(16.,0.),(0.,0.)));
#2149=IFCINDEXEDPOLYCURVE(#2148,$,.F.);
#2150=IFCDIRECTION((0.,0.,1.));
#2151=IFCARBITRARYCLOSEDPROFILEDEF(.AREA.,$,#2149);
#2152=IFCCARTESIANPOINT((0.,0.,0.));
#2153=IFCDIRECTION((0.,0.,1.));
#2154=IFCDIRECTION((1.,0.,0.));
#2155=IFCAXIS2PLACEMENT3D(#2152,#2153,#2154);
#2156=IFCEXTRUDEDAREASOLID(#2151,#2155,#2150,2.8500000000000001);
#2157=IFCSHAPEREPRESENTATION(#11,'Body','SweptSolid',(#2156));
#2158=IFCPRODUCTDEFINITIONSHAPE($,$,(#2157));
#2159=IFCSTYLEDITEM(#2156,(#21),'Bardage bois');
#2165=IFCCARTESIANPOINT((24.,20.,28.150000000000002));
#2166=IFCDIRECTION((0.,0.,1.));
#2167=IFCDIRECTION((1.,0.,0.));
#2168=IFCAXIS2PLACEMENT3D(#2165,#2166,#2167);
#2169=IFCLOCALPLACEMENT($,#2168);
#2170=IFCWALL('1_nrx4IvX4PQRRdOPJwVjo',$,'Mur',$,$,#2192,#2181,$,$);
#2171=IFCCARTESIANPOINTLIST2D(((0.,0.),(0.,0.29999999999999999),(16.,0.29999999999999999),(16.,0.),(0.,0.)));
#2172=IFCINDEXEDPOLYCURVE(#2171,$,.F.);
#2173=IFCDIRECTION((0.,0.,1.));
#2174=IFCARBITRARYCLOSEDPROFILEDEF(.AREA.,$,#2172);
#2175=IFCCARTESIANPOINT((0.,0.,0.));
#2176=IFCDIRECTION((0.,0.,1.));
#2177=IFCDIRECTION((1.,0.,0.));
#2178=IFCAXIS2PLACEMENT3D(#2175,#2176,#2177);
#2179=IFCEXTRUDEDAREASOLID(#2174,#2178,#2173,2.8500000000000001);
#2180=IFCSHAPEREPRESENTATION(#11,'Body','SweptSolid',(#2179));
#2181=IFCPRODUCTDEFINITIONSHAPE($,$,(#2180));
#2182=IFCSTYLEDITEM(#2179,(#21),'Bardage bois');
#2188=IFCCARTESIANPOINT((40.,20.,28.150000000000002));
#2189=IFCDIRECTION((0.,0.,1.));
#2190=IFCDIRECTION((6.123233995736766E-17,1.,0.));
#2191=IFCAXIS2PLACEMENT3D(#2188,#2189,#2190);
#2192=IFCLOCALPLACEMENT($,#2191);
#2193=IFCWALL('2XdaGXO$H1f92EAZkTKaae',$,'Mur',$,$,#2215,#2204,$,$);
#2194=IFCCARTESIANPOINTLIST2D(((0.,0.),(0.,0.29999999999999999),(16.,0.29999999999999999),(16.,0.),(0.,0.)));
#2195=IFCINDEXEDPOLYCURVE(#2194,$,.F.);
#2196=IFCDIRECTION((0.,0.,1.));
#2197=IFCARBITRARYCLOSEDPROFILEDEF(.AREA.,$,#2195);
#2198=IFCCARTESIANPOINT((0.,0.,0.));
#2199=IFCDIRECTION((0.,0.,1.));
#2200=IFCDIRECTION((1.,0.,0.));
#2201=IFCAXIS2PLACEMENT3D(#2198,#2199,#2200);
#2202=IFCEXTRUDEDAREASOLID(#2197,#2201,#2196,2.8500000000000001);
#2203=IFCSHAPEREPRESENTATION(#11,'Body','SweptSolid',(#2202));
#2204=IFCPRODUCTDEFINITIONSHAPE($,$,(#2203));
#2205=IFCSTYLEDITEM(#2202,(#21),'Bardage bois');
#2211=IFCCARTESIANPOINT((40.,36.,28.150000000000002));
#2212=IFCDIRECTION((0.,0.,1.));
#2213=IFCDIRECTION((-1.,1.2246467991473532E-16,0.));
#2214=IFCAXIS2PLACEMENT3D(#2211,#2212,#2213);
#2215=IFCLOCALPLACEMENT($,#2214);
#2216=IFCWALL('0gtNRfdLP0zfsY4jTimDo0',$,'Mur',$,$,#2238,#2227,$,$);
#2217=IFCCARTESIANPOINTLIST2D(((0.,0.),(0.,0.29999999999999999),(16.,0.29999999999999999),(16.,0.),(0.,0.)));
#2218=IFCINDEXEDPOLYCURVE(#2217,$,.F.);
#2219=IFCDIRECTION((0.,0.,1.));
#2220=IFCARBITRARYCLOSEDPROFILEDEF(.AREA.,$,#2218);
#2221=IFCCARTESIANPOINT((0.,0.,0.));
#2222=IFCDIRECTION((0.,0.,1.));
#2223=IFCDIRECTION((1.,0.,0.));
#2224=IFCAXIS2PLACEMENT3D(#2221,#2222,#2223);
#2225=IFCEXTRUDEDAREASOLID(#2220,#2224,#2219,2.8500000000000001);
#2226=IFCSHAPEREPRESENTATION(#11,'Body','SweptSolid',(#2225));
#2227=IFCPRODUCTDEFINITIONSHAPE($,$,(#2226));
#2228=IFCSTYLEDITEM(#2225,(#21),'Bardage bois');
#2234=IFCCARTESIANPOINT((24.,36.,28.150000000000002));
#2235=IFCDIRECTION((0.,0.,1.));
#2236=IFCDIRECTION((6.123233995736766E-17,-1.,0.));
#2237=IFCAXIS2PLACEMENT3D(#2234,#2235,#2236);
#2238=IFCLOCALPLACEMENT($,#2237);
#2239=IFCSPACE('0c0Wvjbu10sPpadJtjl7q4',$,'Plateau Tour R+9',$,$,$,$,$,$,$,$);
#2240=IFCRELAGGREGATES('1sXGoDq6TFsgsZt5H$GBMn',$,$,$,#2126,(#2239));
#2241=IFCELEMENTQUANTITY('1HnsEyG6z8Ce3ddzeDCHm7',$,'Qto_SpaceBaseQuantities',$,'BaseQuantities',(#2243,#2244,#2245));
#2242=IFCRELDEFINESBYPROPERTIES('35OV2dzV5Cfxjkrs5uZW1J',$,$,$,(#2239),#2241);
#2243=IFCQUANTITYAREA('NetFloorArea',$,$,225.30000000000001,$);
#2244=IFCQUANTITYAREA('GrossFloorArea',$,$,256.,$);
#2245=IFCQUANTITYLENGTH('Height',$,$,3.1000000000000001,$);
#2246=IFCBUILDINGSTOREY('3eMPYdbsfAPxyLYGYbIjTN',$,'Tour R+10',$,$,$,$,$,$,31.);
#2247=IFCSLAB('1lXQi3n1z5yRT1lB$ogLVS',$,'Dalle',$,$,#2266,#2254,$,$);
#2248=IFCCARTESIANPOINTLIST2D(((24.,20.),(40.,20.),(40.,36.),(24.,36.)));
#2249=IFCINDEXEDPOLYCURVE(#2248,$,$);
#2250=IFCDIRECTION((0.,0.,1.));
#2251=IFCARBITRARYCLOSEDPROFILEDEF(.AREA.,$,#2249);
#2252=IFCEXTRUDEDAREASOLID(#2251,$,#2250,0.25);
#2253=IFCSHAPEREPRESENTATION(#11,'Body','SweptSolid',(#2252));
#2254=IFCPRODUCTDEFINITIONSHAPE($,$,(#2253));
#2255=IFCSTYLEDITEM(#2252,(#24),'Dalle');
#2261=IFCRELCONTAINEDINSPATIALSTRUCTURE('26Upsl45r0w9$bLryFsGco',$,$,$,(#2290,#2336,#2247,#2313,#2267),#2246);
#2262=IFCCARTESIANPOINT((0.,0.,31.));
#2263=IFCDIRECTION((0.,0.,1.));
#2264=IFCDIRECTION((1.,0.,0.));
#2265=IFCAXIS2PLACEMENT3D(#2262,#2263,#2264);
#2266=IFCLOCALPLACEMENT($,#2265);
#2267=IFCWALL('1dPt5GgYH7jgbnSJjWUaPG',$,'Mur',$,$,#2289,#2278,$,$);
#2268=IFCCARTESIANPOINTLIST2D(((0.,0.),(0.,0.29999999999999999),(16.,0.29999999999999999),(16.,0.),(0.,0.)));
#2269=IFCINDEXEDPOLYCURVE(#2268,$,.F.);
#2270=IFCDIRECTION((0.,0.,1.));
#2271=IFCARBITRARYCLOSEDPROFILEDEF(.AREA.,$,#2269);
#2272=IFCCARTESIANPOINT((0.,0.,0.));
#2273=IFCDIRECTION((0.,0.,1.));
#2274=IFCDIRECTION((1.,0.,0.));
#2275=IFCAXIS2PLACEMENT3D(#2272,#2273,#2274);
#2276=IFCEXTRUDEDAREASOLID(#2271,#2275,#2270,2.8500000000000001);
#2277=IFCSHAPEREPRESENTATION(#11,'Body','SweptSolid',(#2276));
#2278=IFCPRODUCTDEFINITIONSHAPE($,$,(#2277));
#2279=IFCSTYLEDITEM(#2276,(#21),'Bardage bois');
#2285=IFCCARTESIANPOINT((24.,20.,31.25));
#2286=IFCDIRECTION((0.,0.,1.));
#2287=IFCDIRECTION((1.,0.,0.));
#2288=IFCAXIS2PLACEMENT3D(#2285,#2286,#2287);
#2289=IFCLOCALPLACEMENT($,#2288);
#2290=IFCWALL('2LwTgrsCL22eL2$Mf4m3fK',$,'Mur',$,$,#2312,#2301,$,$);
#2291=IFCCARTESIANPOINTLIST2D(((0.,0.),(0.,0.29999999999999999),(16.,0.29999999999999999),(16.,0.),(0.,0.)));
#2292=IFCINDEXEDPOLYCURVE(#2291,$,.F.);
#2293=IFCDIRECTION((0.,0.,1.));
#2294=IFCARBITRARYCLOSEDPROFILEDEF(.AREA.,$,#2292);
#2295=IFCCARTESIANPOINT((0.,0.,0.));
#2296=IFCDIRECTION((0.,0.,1.));
#2297=IFCDIRECTION((1.,0.,0.));
#2298=IFCAXIS2PLACEMENT3D(#2295,#2296,#2297);
#2299=IFCEXTRUDEDAREASOLID(#2294,#2298,#2293,2.8500000000000001);
#2300=IFCSHAPEREPRESENTATION(#11,'Body','SweptSolid',(#2299));
#2301=IFCPRODUCTDEFINITIONSHAPE($,$,(#2300));
#2302=IFCSTYLEDITEM(#2299,(#21),'Bardage bois');
#2308=IFCCARTESIANPOINT((40.,20.,31.25));
#2309=IFCDIRECTION((0.,0.,1.));
#2310=IFCDIRECTION((6.123233995736766E-17,1.,0.));
#2311=IFCAXIS2PLACEMENT3D(#2308,#2309,#2310);
#2312=IFCLOCALPLACEMENT($,#2311);
#2313=IFCWALL('1cjIpR25LDePHrCBhNYIED',$,'Mur',$,$,#2335,#2324,$,$);
#2314=IFCCARTESIANPOINTLIST2D(((0.,0.),(0.,0.29999999999999999),(16.,0.29999999999999999),(16.,0.),(0.,0.)));
#2315=IFCINDEXEDPOLYCURVE(#2314,$,.F.);
#2316=IFCDIRECTION((0.,0.,1.));
#2317=IFCARBITRARYCLOSEDPROFILEDEF(.AREA.,$,#2315);
#2318=IFCCARTESIANPOINT((0.,0.,0.));
#2319=IFCDIRECTION((0.,0.,1.));
#2320=IFCDIRECTION((1.,0.,0.));
#2321=IFCAXIS2PLACEMENT3D(#2318,#2319,#2320);
#2322=IFCEXTRUDEDAREASOLID(#2317,#2321,#2316,2.8500000000000001);
#2323=IFCSHAPEREPRESENTATION(#11,'Body','SweptSolid',(#2322));
#2324=IFCPRODUCTDEFINITIONSHAPE($,$,(#2323));
#2325=IFCSTYLEDITEM(#2322,(#21),'Bardage bois');
#2331=IFCCARTESIANPOINT((40.,36.,31.25));
#2332=IFCDIRECTION((0.,0.,1.));
#2333=IFCDIRECTION((-1.,1.2246467991473532E-16,0.));
#2334=IFCAXIS2PLACEMENT3D(#2331,#2332,#2333);
#2335=IFCLOCALPLACEMENT($,#2334);
#2336=IFCWALL('3ueQoiwozE7RHzE_s8LWat',$,'Mur',$,$,#2358,#2347,$,$);
#2337=IFCCARTESIANPOINTLIST2D(((0.,0.),(0.,0.29999999999999999),(16.,0.29999999999999999),(16.,0.),(0.,0.)));
#2338=IFCINDEXEDPOLYCURVE(#2337,$,.F.);
#2339=IFCDIRECTION((0.,0.,1.));
#2340=IFCARBITRARYCLOSEDPROFILEDEF(.AREA.,$,#2338);
#2341=IFCCARTESIANPOINT((0.,0.,0.));
#2342=IFCDIRECTION((0.,0.,1.));
#2343=IFCDIRECTION((1.,0.,0.));
#2344=IFCAXIS2PLACEMENT3D(#2341,#2342,#2343);
#2345=IFCEXTRUDEDAREASOLID(#2340,#2344,#2339,2.8500000000000001);
#2346=IFCSHAPEREPRESENTATION(#11,'Body','SweptSolid',(#2345));
#2347=IFCPRODUCTDEFINITIONSHAPE($,$,(#2346));
#2348=IFCSTYLEDITEM(#2345,(#21),'Bardage bois');
#2354=IFCCARTESIANPOINT((24.,36.,31.25));
#2355=IFCDIRECTION((0.,0.,1.));
#2356=IFCDIRECTION((6.123233995736766E-17,-1.,0.));
#2357=IFCAXIS2PLACEMENT3D(#2354,#2355,#2356);
#2358=IFCLOCALPLACEMENT($,#2357);
#2359=IFCSPACE('2DXF565sD2rxeGkM92fEiy',$,'Plateau Tour R+10',$,$,$,$,$,$,$,$);
#2360=IFCRELAGGREGATES('0HfqQfTEvAYhLrxmOW5wx6',$,$,$,#2246,(#2359));
#2361=IFCELEMENTQUANTITY('1nHJeesav9QOOajWgF6leP',$,'Qto_SpaceBaseQuantities',$,'BaseQuantities',(#2363,#2364,#2365));
#2362=IFCRELDEFINESBYPROPERTIES('3iINl2M6LDTuqaMg9MoiKV',$,$,$,(#2359),#2361);
#2363=IFCQUANTITYAREA('NetFloorArea',$,$,225.30000000000001,$);
#2364=IFCQUANTITYAREA('GrossFloorArea',$,$,256.,$);
#2365=IFCQUANTITYLENGTH('Height',$,$,3.1000000000000001,$);
#2366=IFCBUILDINGSTOREY('0WT9b3gznBCx8orWRaPknF',$,'Tour R+11',$,$,$,$,$,$,34.100000000000001);
#2367=IFCSLAB('3trXw8mInFwR_opdOX6Erg',$,'Dalle',$,$,#2386,#2374,$,$);
#2368=IFCCARTESIANPOINTLIST2D(((24.,20.),(40.,20.),(40.,36.),(24.,36.)));
#2369=IFCINDEXEDPOLYCURVE(#2368,$,$);
#2370=IFCDIRECTION((0.,0.,1.));
#2371=IFCARBITRARYCLOSEDPROFILEDEF(.AREA.,$,#2369);
#2372=IFCEXTRUDEDAREASOLID(#2371,$,#2370,0.25);
#2373=IFCSHAPEREPRESENTATION(#11,'Body','SweptSolid',(#2372));
#2374=IFCPRODUCTDEFINITIONSHAPE($,$,(#2373));
#2375=IFCSTYLEDITEM(#2372,(#24),'Dalle');
#2381=IFCRELCONTAINEDINSPATIALSTRUCTURE('2QTXSGlCf0ruGF$YGIhCe7',$,$,$,(#2456,#2387,#2486,#2410,#2367,#2433),#2366);
#2382=IFCCARTESIANPOINT((0.,0.,34.100000000000001));
#2383=IFCDIRECTION((0.,0.,1.));
#2384=IFCDIRECTION((1.,0.,0.));
#2385=IFCAXIS2PLACEMENT3D(#2382,#2383,#2384);
#2386=IFCLOCALPLACEMENT($,#2385);
#2387=IFCWALL('0c9DqJ2tv9AALddgFU9Doi',$,'Mur',$,$,#2409,#2398,$,$);
#2388=IFCCARTESIANPOINTLIST2D(((0.,0.),(0.,0.29999999999999999),(16.,0.29999999999999999),(16.,0.),(0.,0.)));
#2389=IFCINDEXEDPOLYCURVE(#2388,$,.F.);
#2390=IFCDIRECTION((0.,0.,1.));
#2391=IFCARBITRARYCLOSEDPROFILEDEF(.AREA.,$,#2389);
#2392=IFCCARTESIANPOINT((0.,0.,0.));
#2393=IFCDIRECTION((0.,0.,1.));
#2394=IFCDIRECTION((1.,0.,0.));
#2395=IFCAXIS2PLACEMENT3D(#2392,#2393,#2394);
#2396=IFCEXTRUDEDAREASOLID(#2391,#2395,#2390,2.8500000000000001);
#2397=IFCSHAPEREPRESENTATION(#11,'Body','SweptSolid',(#2396));
#2398=IFCPRODUCTDEFINITIONSHAPE($,$,(#2397));
#2399=IFCSTYLEDITEM(#2396,(#21),'Bardage bois');
#2405=IFCCARTESIANPOINT((24.,20.,34.350000000000001));
#2406=IFCDIRECTION((0.,0.,1.));
#2407=IFCDIRECTION((1.,0.,0.));
#2408=IFCAXIS2PLACEMENT3D(#2405,#2406,#2407);
#2409=IFCLOCALPLACEMENT($,#2408);
#2410=IFCWALL('214brKKbj0FOCLDM8$mfhv',$,'Mur',$,$,#2432,#2421,$,$);
#2411=IFCCARTESIANPOINTLIST2D(((0.,0.),(0.,0.29999999999999999),(16.,0.29999999999999999),(16.,0.),(0.,0.)));
#2412=IFCINDEXEDPOLYCURVE(#2411,$,.F.);
#2413=IFCDIRECTION((0.,0.,1.));
#2414=IFCARBITRARYCLOSEDPROFILEDEF(.AREA.,$,#2412);
#2415=IFCCARTESIANPOINT((0.,0.,0.));
#2416=IFCDIRECTION((0.,0.,1.));
#2417=IFCDIRECTION((1.,0.,0.));
#2418=IFCAXIS2PLACEMENT3D(#2415,#2416,#2417);
#2419=IFCEXTRUDEDAREASOLID(#2414,#2418,#2413,2.8500000000000001);
#2420=IFCSHAPEREPRESENTATION(#11,'Body','SweptSolid',(#2419));
#2421=IFCPRODUCTDEFINITIONSHAPE($,$,(#2420));
#2422=IFCSTYLEDITEM(#2419,(#21),'Bardage bois');
#2428=IFCCARTESIANPOINT((40.,20.,34.350000000000001));
#2429=IFCDIRECTION((0.,0.,1.));
#2430=IFCDIRECTION((6.123233995736766E-17,1.,0.));
#2431=IFCAXIS2PLACEMENT3D(#2428,#2429,#2430);
#2432=IFCLOCALPLACEMENT($,#2431);
#2433=IFCWALL('0$pdFPjO992eosQPOv4nq_',$,'Mur',$,$,#2455,#2444,$,$);
#2434=IFCCARTESIANPOINTLIST2D(((0.,0.),(0.,0.29999999999999999),(16.,0.29999999999999999),(16.,0.),(0.,0.)));
#2435=IFCINDEXEDPOLYCURVE(#2434,$,.F.);
#2436=IFCDIRECTION((0.,0.,1.));
#2437=IFCARBITRARYCLOSEDPROFILEDEF(.AREA.,$,#2435);
#2438=IFCCARTESIANPOINT((0.,0.,0.));
#2439=IFCDIRECTION((0.,0.,1.));
#2440=IFCDIRECTION((1.,0.,0.));
#2441=IFCAXIS2PLACEMENT3D(#2438,#2439,#2440);
#2442=IFCEXTRUDEDAREASOLID(#2437,#2441,#2436,2.8500000000000001);
#2443=IFCSHAPEREPRESENTATION(#11,'Body','SweptSolid',(#2442));
#2444=IFCPRODUCTDEFINITIONSHAPE($,$,(#2443));
#2445=IFCSTYLEDITEM(#2442,(#21),'Bardage bois');
#2451=IFCCARTESIANPOINT((40.,36.,34.350000000000001));
#2452=IFCDIRECTION((0.,0.,1.));
#2453=IFCDIRECTION((-1.,1.2246467991473532E-16,0.));
#2454=IFCAXIS2PLACEMENT3D(#2451,#2452,#2453);
#2455=IFCLOCALPLACEMENT($,#2454);
#2456=IFCWALL('20wHEp1iT3TgngViJSI4g6',$,'Mur',$,$,#2478,#2467,$,$);
#2457=IFCCARTESIANPOINTLIST2D(((0.,0.),(0.,0.29999999999999999),(16.,0.29999999999999999),(16.,0.),(0.,0.)));
#2458=IFCINDEXEDPOLYCURVE(#2457,$,.F.);
#2459=IFCDIRECTION((0.,0.,1.));
#2460=IFCARBITRARYCLOSEDPROFILEDEF(.AREA.,$,#2458);
#2461=IFCCARTESIANPOINT((0.,0.,0.));
#2462=IFCDIRECTION((0.,0.,1.));
#2463=IFCDIRECTION((1.,0.,0.));
#2464=IFCAXIS2PLACEMENT3D(#2461,#2462,#2463);
#2465=IFCEXTRUDEDAREASOLID(#2460,#2464,#2459,2.8500000000000001);
#2466=IFCSHAPEREPRESENTATION(#11,'Body','SweptSolid',(#2465));
#2467=IFCPRODUCTDEFINITIONSHAPE($,$,(#2466));
#2468=IFCSTYLEDITEM(#2465,(#21),'Bardage bois');
#2474=IFCCARTESIANPOINT((24.,36.,34.350000000000001));
#2475=IFCDIRECTION((0.,0.,1.));
#2476=IFCDIRECTION((6.123233995736766E-17,-1.,0.));
#2477=IFCAXIS2PLACEMENT3D(#2474,#2475,#2476);
#2478=IFCLOCALPLACEMENT($,#2477);
#2479=IFCSPACE('1dJnsBXFHBCeaYcMuKbxUl',$,'Plateau Tour R+11',$,$,$,$,$,$,$,$);
#2480=IFCRELAGGREGATES('1t48c7p_L2rhTs7vIbhEG_',$,$,$,#2366,(#2479));
#2481=IFCELEMENTQUANTITY('0f3XnQ3VLFNR8XXrj2oPl9',$,'Qto_SpaceBaseQuantities',$,'BaseQuantities',(#2483,#2484,#2485));
#2482=IFCRELDEFINESBYPROPERTIES('20AsxYeaT4SRcU2krRSb6x',$,$,$,(#2479),#2481);
#2483=IFCQUANTITYAREA('NetFloorArea',$,$,225.30000000000001,$);
#2484=IFCQUANTITYAREA('GrossFloorArea',$,$,256.,$);
#2485=IFCQUANTITYLENGTH('Height',$,$,3.1000000000000001,$);
#2486=IFCSLAB('135u5RRO12_hKH3vJw0hfG',$,'Toiture',$,$,#2504,#2493,$,$);
#2487=IFCCARTESIANPOINTLIST2D(((24.,20.),(40.,20.),(40.,36.),(24.,36.)));
#2488=IFCINDEXEDPOLYCURVE(#2487,$,$);
#2489=IFCDIRECTION((0.,0.,1.));
#2490=IFCARBITRARYCLOSEDPROFILEDEF(.AREA.,$,#2488);
#2491=IFCEXTRUDEDAREASOLID(#2490,$,#2489,0.40000000000000002);
#2492=IFCSHAPEREPRESENTATION(#11,'Body','SweptSolid',(#2491));
#2493=IFCPRODUCTDEFINITIONSHAPE($,$,(#2492));
#2494=IFCSTYLEDITEM(#2491,(#27),'Toiture v\X2\00E9\X0\g\X2\00E9\X0\talis\X2\00E9\X0\e');
#2500=IFCCARTESIANPOINT((0.,0.,37.200000000000003));
#2501=IFCDIRECTION((0.,0.,1.));
#2502=IFCDIRECTION((1.,0.,0.));
#2503=IFCAXIS2PLACEMENT3D(#2500,#2501,#2502);
#2504=IFCLOCALPLACEMENT($,#2503);
ENDSEC;
END-ISO-10303-21;
